188, 28,36, 18, 13, 24, 3, 17,7826, 2057, 3.0728203654289246, 5.787054359912872,0.2627000831067562, 200 , -11.35344332872833, 200, -11.030555531422406 ,  200, -10.679404039648157 
165, 213,44, 12, 2, 6, 8, 10,8949, 6956, 3.940572202205658, 2.63450688123703,0.7608674675226211, 200 , -6.940314915316662, 200, -6.538147343430625 ,  200, -6.149853627462838 
31, 227,35, 19, 10, 12, 3, 16,2876, 9278, 2.9635163247585297, 4.347304463386536,0.12185051795095206, 200 , -11.639410388386871, 200, -11.368967544676304 ,  200, -11.091939199638956 
142, 259,11, 3, 2, 41, 15, 18,6404, 8160, 3.391193062067032, 3.0289042592048645,0.4540559709072113, 200 , -8.740830635840275, 200, -8.433821591429245 ,  200, -8.103101184706038 
80, 117,23, 19, 19, 14, 12, 5,8387, 9538, 3.2652138769626617, 3.2406379878520966,0.7488961428403854, 200 , -8.856836276142557, 200, -8.50985535289919 ,  200, -8.144432161933288 
275, 280,43, 12, 6, 25, 13, 1,8572, 5813, 3.050987184047699, 3.0485126972198486,0.41876176595687864, 200 , -10.493797489554819, 200, -10.174882846022326 ,  200, -9.828570673854342 
79, 84,11, 9, 5, 42, 6, 12,3240, 8264, 4.396733105182648, 4.0015599727630615,0.39574369639158247, 200 , -10.11510464356423, 200, -9.832540786407016 ,  200, -9.53460293721246 
272, 250,35, 11, 15, 10, 9, 17,5747, 5153, 1.5371151491999626, 1.247930847108364,0.7198526918888092, 200 , -5.361441000810564, 200, -5.346216888741067 ,  200, -5.300403995725266 
67, 268,34, 4, 16, 9, 8, 3,3628, 2975, 5.42200243473053, 2.6167661547660828,0.4165719211101532, 200 , -7.741881678309908, 200, -7.289408921664026 ,  200, -6.7622998411380335 
46, 204,38, 10, 8, 20, 3, 18,5426, 7059, 1.0065622059628367, 4.1025248765945435,0.2092589907348156, 200 , -7.842212531976133, 200, -7.546151549280115 ,  200, -7.3407476601859365 
159, 117,32, 17, 11, 25, 12, 6,3673, 9550, 1.0470552267506719, 5.582419693470001,0.7114044487476349, 200 , -8.825680710946289, 200, -8.814306204558163 ,  200, -8.792555971548795 
168, 85,36, 5, 2, 27, 15, 14,5215, 7708, 3.6256299018859863, 3.128925919532776,0.3775624319911003, 200 , -9.333776268554313, 200, -9.030110425407045 ,  200, -8.703647598736394 
203, 10,14, 10, 14, 41, 11, 3,2980, 8321, 2.763729602098465, 4.87461394071579,0.7928508877754211, 200 , -8.979823817404442, 200, -8.959094204640456 ,  200, -8.933605666964707 
252, 165,45, 5, 1, 6, 13, 4,9547, 9934, 3.0060671865940094, 5.59827184677124,0.15703368782997132, 200 , -13.870296020014019, 200, -13.610203971330176 ,  200, -13.334551301100685 
269, 129,39, 16, 4, 39, 10, 7,2835, 9412, 5.281075596809387, 1.5627115443348885,0.7649726331233978, 200 , -6.698306040612466, 200, -6.64091207513067 ,  200, -6.604382030056372 
57, 260,41, 17, 7, 9, 3, 18,3342, 5079, 4.759659826755524, 4.9280495047569275,0.5904815256595611, 200 , -7.589638926255469, 200, -7.282491211272738 ,  200, -6.960876050603849 
29, 124,9, 11, 9, 46, 9, 16,8560, 9197, 4.921536207199097, 4.392864465713501,0.25086541697382925, 200 , -13.128015272323966, 200, -12.8711489177466 ,  200, -12.599199985732819 
188, 256,26, 11, 2, 1, 9, 12,2175, 4529, 2.13716222345829, 3.4918411672115326,0.2126638650894165, 200 , -8.26293320382568, 200, -8.066376236815497 ,  200, -7.880867104338292 
151, 278,13, 11, 10, 25, 8, 12,3259, 6245, 2.6656015813350677, 5.066312313079834,0.5345302432775497, 200 , -7.018582081177342, 200, -6.758622311403619 ,  200, -6.520485102546551 
217, 109,44, 18, 9, 31, 4, 17,6783, 7715, 3.1414919197559357, 5.975387752056122,0.7293106079101562, 200 , -9.224020212967762, 200, -8.910666413943177 ,  200, -8.58595389666488 
287, 245,34, 5, 5, 37, 6, 1,2593, 2873, 3.1426106989383698, 2.8874116241931915,0.15535086430609227, 200 , -6.0598087955791815, 200, -5.655343318659074 ,  200, -5.204134386407203 
12, 70,42, 15, 14, 7, 11, 7,4121, 9188, 2.0891959816217422, 1.2106969058513641,0.8183829247951507, 200 , -6.605110237683668, 200, -6.549680778621846 ,  200, -6.474287148026496 
209, 20,39, 8, 10, 17, 4, 9,6542, 929, 2.2340541929006577, 5.6636852622032166,0.397120988368988, 200 , -4.014752379429032, 200, -2.359801842016084 ,  200, -0.5860388089472548 
296, 139,21, 15, 2, 7, 9, 4,6511, 6354, 5.682295024394989, 1.9572290629148483,0.7739538311958313, 200 , -6.7692112462904435, 200, -6.71804858005212 ,  200, -6.774285160738525 
116, 42,8, 12, 13, 18, 11, 8,2504, 1867, 1.422222949564457, 4.86453777551651,0.4840694427490234, 200 , -5.173200134426272, 200, -4.99321251465897 ,  200, -4.740812514300408 
237, 283,31, 12, 12, 3, 14, 9,5428, 4711, 4.950885832309723, 4.2981908321380615,0.32746891528367994, 200 , -11.444901243875531, 200, -11.157383914674705 ,  200, -10.849518899125188 
58, 94,23, 8, 18, 43, 4, 15,3437, 996, 4.554575443267822, 1.5379670858383179,0.7006280034780502, 200 , -4.709193433051119, 200, -4.649309855785033 ,  200, -4.577059973842665 
17, 260,25, 18, 19, 44, 11, 16,7011, 9511, 3.02604740858078, 1.3322435170412064,0.23938023149967194, 200 , -10.663606301653786, 200, -10.327133726952676 ,  200, -9.959753189051629 
284, 68,47, 13, 18, 34, 13, 10,8389, 1533, 1.765770971775055, 4.6967140436172485,0.47285805493593214, 200 , -6.831140753981036, 200, -6.320728462377858 ,  200, -5.721722797379491 
175, 257,32, 9, 4, 41, 8, 8,7157, 8183, 3.0960423350334167, 1.605653077363968,0.4324608355760574, 200 , -8.396443930457412, 200, -8.025737216544096 ,  200, -7.614484267530314 
29, 252,10, 11, 10, 34, 6, 5,2880, 3953, 4.96206796169281, 5.2710718512535095,0.37708998322486875, 200 , -7.848892029281707, 200, -7.549920764966019 ,  200, -7.230874473486778 
13, 196,17, 5, 16, 3, 16, 4,3068, 8317, 5.767565131187439, 1.6332848221063614,0.3445026636123657, 200 , -10.851237518178392, 200, -10.519425523682068 ,  200, -10.158087791197797 
295, 37,10, 18, 11, 2, 6, 5,4243, 3316, 4.803727328777313, 3.2843146324157715,0.5855257421731949, 200 , -7.048471962513264, 200, -6.185285847921771 ,  200, -5.09154834192723 
104, 172,35, 19, 17, 44, 16, 2,6426, 7246, 4.468892276287079, 5.414985477924347,0.32487099468708036, 200 , -12.82390817756071, 200, -12.558502993238028 ,  200, -12.276840129380165 
28, 102,47, 9, 7, 29, 9, 5,8515, 5386, 5.428357779979706, 3.1037645637989044,0.40901262909173963, 200 , -9.686210955151802, 200, -9.379163417311625 ,  200, -9.046356987242214 
247, 134,40, 11, 4, 31, 15, 10,8741, 4177, 4.548504710197449, 2.225384995341301,0.6275310128927231, 200 , -7.260492159550243, 200, -6.699901949962195 ,  200, -6.078156569184613 
78, 234,43, 15, 13, 23, 6, 8,5024, 1098, 4.336243033409119, 4.115300238132477,0.21235839501023293, 200 , -7.986347573844187, 200, -7.554927858255487 ,  200, -7.058017049304946 
194, 299,48, 12, 16, 4, 3, 14,9747, 3129, 1.7719151675701141, 4.485608696937561,0.6450642555952072, 200 , -6.086429635319257, 200, -5.66262903961696 ,  200, -5.217884732226442 
127, 272,32, 13, 15, 27, 11, 18,8889, 4780, 2.1731044203042984, 1.4326190426945686,0.5704544991254806, 200 , -5.138870924656059, 200, -4.661390710818113 ,  200, -4.582606483958477 
258, 25,41, 8, 5, 46, 13, 4,9456, 1516, 2.8588685989379883, 3.1367591619491577,0.25400360152125356, 200 , -7.8263179275614965, 200, -7.040902511873669 ,  200, -5.883464591153706 
256, 119,21, 9, 12, 45, 3, 10,4257, 2000, 3.1274174749851227, 2.781449168920517,0.8435319423675537, 200 , -5.166175209233958, 200, -5.109496245720548 ,  200, -5.035426108055589 
70, 73,19, 10, 2, 10, 5, 11,9289, 6846, 3.581639289855957, 5.247317314147949,0.17406287640333176, 200 , -14.026990273680457, 200, -13.762508985296156 ,  200, -13.481701840964924 
103, 280,19, 9, 2, 3, 3, 16,6306, 3162, 4.5864004492759705, 2.2431538105010986,0.5934537708759308, 200 , -2.7990116439607964, 200, -2.7778330610952158 ,  200, -3.35946606837722 
297, 167,34, 13, 14, 14, 12, 16,6254, 9093, 5.04423326253891, 2.962856352329254,0.250737464427948, 200 , -11.852352778234305, 200, -11.582119591525982 ,  200, -11.29470045993437 
23, 193,28, 15, 10, 13, 13, 11,4673, 8325, 1.7085926830768585, 5.899666607379913,0.32230266779661176, 200 , -9.72504784917217, 200, -9.391241246992324 ,  200, -9.051654112888215 
247, 234,33, 15, 9, 20, 15, 18,7123, 3190, 4.113647699356079, 2.6366033256053925,0.5668955206871032, 200 , -7.3554487234642165, 200, -6.843240793122525 ,  200, -6.246865581955917 
77, 124,33, 17, 17, 33, 16, 7,6994, 7031, 4.5613444447517395, 5.287932515144348,0.7047846227884292, 200 , -9.507365506327945, 200, -9.200515170573192 ,  200, -8.871886161518551 
75, 235,16, 5, 4, 11, 13, 8,9975, 2461, 3.0980016887187958, 3.4356842041015625,0.205321753770113, 200 , -9.37006627235954, 200, -8.9605212558228 ,  200, -8.493053289606523 
261, 178,16, 19, 11, 44, 15, 19,4534, 8940, 5.981456398963928, 4.62278938293457,0.7149387061595917, 200 , -10.48938523691603, 200, -10.203723169052164 ,  200, -9.904700563989026 
182, 100,12, 17, 18, 10, 12, 3,2001, 4687, 4.0985575914382935, 4.790558278560638,0.5665621221065521, 200 , -7.164739226757719, 200, -6.924396540139548 ,  200, -6.691499447998138 
169, 135,49, 15, 3, 8, 15, 10,9654, 5505, 5.227392375469208, 1.5961286276578903,0.4075902983546257, 200 , -9.827829243880512, 200, -9.372297898779735 ,  200, -8.836558447285002 
170, 153,11, 19, 18, 42, 11, 17,6649, 1211, 4.447261452674866, 2.8377484381198883,0.7386413872241974, 200 , -7.077742892005099, 200, -7.153079667075536 ,  200, -7.20218417838062 
231, 257,37, 17, 6, 40, 6, 5,3692, 2277, 3.269044667482376, 4.042208552360535,0.6430810749530792, 200 , -4.3975075557120595, 200, -4.119400466926796 ,  200, -3.9621306369267018 
261, 164,46, 3, 3, 31, 11, 9,2960, 1523, 1.5833240404725075, 2.0973629142749655,0.29088007651062364, 21 , 0.4261892800526101, 19, 0.49674622256515494 ,  21, 0.4011233285389584 
195, 95,48, 6, 7, 39, 5, 16,2629, 970, 2.585445946455002, 1.3965045534965292,0.278575692994312, 200 , -3.8507292822738908, 200, -3.9270352230153556 ,  200, -3.9929472504294194 
184, 271,37, 8, 8, 41, 12, 10,1209, 3154, 1.8236930683255195, 2.7513521791813367,0.4141086622306859, 200 , -5.422743782577867, 200, -5.272948878869532 ,  200, -5.09531221700943 
241, 196,29, 6, 7, 16, 8, 13,1844, 2274, 2.8465003162622455, 4.213028282821632,0.6300950094291723, 200 , -2.8503161128642316, 200, -2.730830859880735 ,  200, -2.591988123792419 
89, 255,30, 9, 3, 45, 11, 12,354, 549, 2.6384902507066728, 3.2016283654210183,0.19475414000244493, 200 , -0.9722688390156343, 200, -2.4984269124113228 ,  200, -3.564361349035526 
161, 177,42, 5, 3, 24, 8, 10,3925, 2050, 1.6304890125989915, 3.0481982497345195,0.38008809529037824, 200 , -1.3363552099046705, 182, -0.9356396071163322 ,  124, -0.6735489738195318 
126, 163,48, 8, 9, 27, 9, 11,2882, 3578, 2.84952609539032, 4.683272258822864,0.5579134031364475, 200 , -4.981041602927562, 200, -4.729270136318885 ,  200, -4.509860909041594 
70, 170,40, 3, 3, 29, 6, 10,2546, 3452, 1.3531656272709371, 4.64271685189595,0.2470129682848012, 200 , -4.474004534404578, 200, -4.419791732200251 ,  200, -4.362479842063879 
159, 278,31, 4, 10, 8, 17, 19,747, 3565, 1.282038251310587, 3.0413254436483426,0.2412752940485036, 200 , -8.460448984225089, 200, -8.323586604200537 ,  200, -8.167243005570707 
119, 166,37, 9, 9, 27, 15, 10,2272, 127, 1.8018245652318001, 2.7663935778832274,0.7224074884483372, 200 , -0.9915662947055961, 200, -0.8454047642082908 ,  200, -0.7931947644322881 
159, 240,41, 8, 7, 22, 9, 17,624, 3553, 2.8231776356697083, 4.506591955797562,0.2839884980747258, 200 , -7.036627652155909, 200, -6.906353826358096 ,  200, -6.766235548236571 
116, 213,45, 8, 5, 16, 10, 13,3697, 2245, 3.0496793746948243, 2.8154454485218467,0.45956010661812186, 200 , -2.6329691575676364, 200, -1.6938026544105522 ,  200, -0.9759525907873655 
151, 190,29, 5, 7, 39, 10, 15,3680, 574, 1.2922354251146317, 1.3469172611524574,0.5079100533554112, 200 , -1.9290385121596283, 200, -1.8230587017772242 ,  200, -1.8211671002662941 
209, 151,48, 6, 8, 20, 6, 19,2839, 3395, 1.7735936537384989, 4.795134218125259,0.6324255987236058, 200 , -4.138332209345261, 200, -4.118824690408353 ,  200, -4.0876982655533975 
244, 182,34, 8, 4, 45, 9, 18,3281, 2504, 2.652603751420975, 1.0958378689668602,0.6823354288169896, 200 , -5.335118661319138, 200, -5.27309602478564 ,  200, -5.190622661944175 
208, 102,48, 10, 5, 11, 8, 16,740, 1669, 3.024941861629486, 4.355262736295975,0.7051387830802952, 200 , -3.12525753974619, 200, -2.7987907724175876 ,  200, -2.411077573911289 
155, 155,43, 9, 6, 19, 12, 19,444, 701, 2.198340377211571, 1.608275864105345,0.6673921986648595, 200 , -2.500581856688511, 200, -2.8324648258473086 ,  200, -3.1496434366368606 
70, 284,36, 4, 7, 25, 15, 19,1332, 593, 2.8342120826244357, 1.239956451473333,0.23076978765220996, 200 , -5.39309782994972, 200, -5.534546897815248 ,  200, -5.682120029117883 
160, 281,33, 4, 6, 13, 17, 14,3459, 1364, 2.9807837903499603, 2.776401197930361,0.4271541222164189, 200 , -0.7322938978868037, 200, -1.005325384197668 ,  200, -1.528787833895127 
126, 110,41, 4, 8, 33, 6, 14,1349, 1463, 1.575255011022091, 4.353156131800361,0.184913463813976, 200 , -4.013134133445951, 200, -3.8276177038737114 ,  200, -3.6012775692355317 
112, 167,37, 3, 6, 19, 10, 14,831, 218, 1.8264439210295678, 4.547967694541725,0.70178909741135, 6 , 1.4090419883299683, 6, 1.3635588108745216 ,  7, 1.2302722463175548 
73, 234,34, 5, 1, 38, 15, 15,2581, 3634, 1.899368827044964, 3.391496055401195,0.6977004095146214, 200 , -4.340515098039967, 200, -4.26846802085622 ,  200, -4.170052640170238 
277, 133,30, 9, 5, 14, 12, 9,3605, 697, 2.8425473630428315, 1.1664738434886865,0.5452622815200842, 200 , -5.616105008517367, 200, -5.5061128743389895 ,  200, -5.381645923490193 
73, 179,39, 10, 7, 35, 13, 19,3682, 3040, 1.940255579352379, 2.4938703813884158,0.6083941861221348, 200 , -3.724674269774919, 200, -3.7346732021676967 ,  200, -3.7166976533947422 
279, 268,46, 8, 1, 42, 9, 11,3739, 1980, 1.625362978875637, 2.815001151672145,0.5365766092369114, 200 , -3.90757036766664, 200, -3.8920048025309733 ,  200, -3.8310962802905335 
270, 269,49, 4, 2, 28, 16, 18,3080, 3402, 2.314941927790642, 1.6769541556331737,0.247997079713062, 200 , -5.113455755875898, 200, -4.53054923644161 ,  200, -3.8570502418770447 
144, 280,37, 9, 2, 27, 13, 9,1671, 1811, 1.328149002790451, 2.9579427221347987,0.21222343884201406, 200 , -4.9717911440426255, 200, -4.551223602012766 ,  200, -3.9281479069608563 
130, 191,47, 10, 2, 33, 4, 16,1683, 2692, 1.4862099468708039, 3.9630428051360296,0.5319196506568944, 200 , -5.91042042613123, 200, -5.800938832262602 ,  200, -5.6666794895571195 
173, 176,38, 3, 3, 12, 17, 16,1498, 2939, 3.019982433319092, 4.477256233557011,0.706166641337589, 200 , -4.6471661800142146, 200, -4.5302448701106375 ,  200, -4.39108225316187 
245, 213,45, 6, 2, 43, 17, 13,1434, 1632, 2.230026808381081, 1.7143623805926078,0.5784069462844884, 200 , -2.1249153247292285, 200, -1.9484835573596655 ,  200, -1.8661605441849463 
134, 88,35, 10, 6, 22, 13, 15,2805, 2218, 2.8116601735353473, 4.517398739343089,0.31583416901321765, 200 , -6.506492083192729, 200, -6.109907423509776 ,  200, -5.681816929785336 
124, 137,38, 8, 2, 26, 11, 18,142, 1414, 2.92217680811882, 3.284615072879555,0.4016121431419408, 200 , -3.09663234418529, 200, -2.142164216351871 ,  200, -0.9515595662697794 
191, 264,41, 6, 6, 19, 5, 13,511, 3916, 2.012558662891388, 2.8508850198276514,0.5629981204101598, 200 , -4.257009735644205, 200, -4.104371774516485 ,  200, -3.930973672849464 
147, 167,33, 8, 7, 10, 5, 18,539, 268, 2.9070086896419527, 1.1185707183501326,0.3602077945301091, 200 , -4.802697237296047, 200, -4.9131643901044955 ,  200, -5.025495800066197 
257, 194,40, 3, 9, 16, 15, 18,484, 1583, 2.8200052291154867, 4.854585322709854,0.48323111973495836, 200 , -5.066987319649407, 200, -4.872210747124536 ,  200, -4.64869683694724 
199, 156,34, 8, 7, 8, 9, 13,469, 1456, 2.412163120508194, 2.1568448199527266,0.5190746947357213, 18 , 0.752006704356191, 26, 0.4670408191938388 ,  60, -0.06333264313342163 
201, 201,48, 6, 5, 35, 8, 15,2905, 2273, 1.8810137003660201, 4.022393776437045,0.20543393187017794, 200 , -5.585562427832306, 200, -5.304132519076922 ,  200, -5.04128147069321 
254, 215,37, 4, 1, 25, 11, 9,3141, 3571, 1.7694722011685373, 2.780814673488746,0.6288433118888891, 200 , -3.144725026191265, 200, -3.1042429848288355 ,  200, -3.0327540559613855 
217, 232,49, 5, 6, 41, 6, 14,2956, 1558, 1.3608105674386024, 3.4090315101876523,0.37295885525436756, 200 , -2.7020690615801946, 200, -2.586779110397213 ,  200, -2.437650391093811 
139, 186,45, 3, 8, 12, 15, 10,2812, 3313, 2.172107142210007, 1.8017370545960767,0.2389816119501149, 200 , -5.4192938335187115, 200, -4.768825625228763 ,  200, -3.9648987304961008 
228, 239,33, 8, 2, 12, 15, 17,1243, 1779, 2.0454475611448286, 3.909778557968159,0.1816117226311719, 200 , -6.359227055421868, 200, -6.1243857880742025 ,  200, -5.839966565860874 
275, 108,44, 5, 3, 13, 5, 19,1671, 2123, 2.8760290026664737, 3.1168368803952777,0.6418871089050328, 200 , -1.8732010114473967, 200, -1.7100062327503587 ,  200, -1.5135465027303525 
194, 120,35, 3, 9, 44, 17, 11,3841, 1748, 2.6849050402641295, 1.4035886265402797,0.18861501283736581, 200 , -4.555121958926459, 200, -5.031102109823162 ,  200, -5.329911445305441 
165, 163,30, 5, 8, 37, 16, 17,3198, 1596, 1.1647914942353963, 3.4373675645163746,0.3814479037353551, 200 , -4.092313719092673, 200, -3.9799123626277986 ,  200, -3.813797428047311 
66, 186,37, 8, 1, 13, 5, 17,3650, 2543, 2.2874560058116913, 3.7561993126645494,0.5027717276641881, 200 , -2.923228759941683, 200, -2.2955912595169385 ,  200, -1.8543031589430494 
66, 95,37, 10, 4, 23, 13, 10,446, 3359, 1.63906072974205, 4.787665607109477,0.337766002042011, 200 , -7.749887896346705, 200, -7.618740947525323 ,  200, -7.473011013014067 
170, 101,49, 10, 1, 27, 10, 11,3240, 740, 1.8034013599157335, 3.7453480518647972,0.21991344831676835, 50 , 0.510606032098412, 37, 0.658840937848206 ,  67, 0.2092356039206148 
84, 270,43, 3, 6, 43, 8, 12,3238, 635, 2.8708871454000473, 2.621071641857504,0.23424497835131045, 200 , -1.5234895975015466, 200, -2.035980073008781 ,  200, -2.3853658374560895 
223, 230,41, 5, 4, 15, 10, 11,1626, 1156, 2.0367762595415115, 1.0518252883272496,0.29778125725479476, 200 , -3.5518732989090065, 200, -3.783299828356118 ,  200, -4.019957126234783 
197, 178,46, 6, 6, 41, 12, 16,3642, 534, 1.5798863604664803, 2.12805531169255,0.17698978028984425, 200 , -2.787011327290524, 200, -3.113645020051385 ,  200, -3.3849340380058512 
178, 299,42, 10, 7, 25, 12, 16,452, 4047, 2.511814296245575, 3.4777115261010056,0.6003669425079381, 200 , -6.159669777323119, 200, -6.029056108382863 ,  200, -5.8845173944461635 
60, 209,42, 6, 8, 18, 12, 13,2, 3771, 2.206636679172516, 4.964481244667691,0.4381405933925664, 200 , -7.04508532493285, 200, -6.911098411792406 ,  200, -6.766612553751167 
258, 116,44, 3, 4, 14, 17, 11,2404, 3039, 2.637133702635765, 3.828836377126343,0.22023382924290055, 200 , -7.155202844121391, 200, -6.848968673273704 ,  200, -6.537751368157074 
31, 278,24, 9, 6, 21, 14, 17,2197, 1010, 1.2334714418677728, 3.34718786228112,0.6318957207524076, 155 , -0.5075247658595117, 70, -0.014414775913366021 ,  30, 0.5148725250959308 
206, 148,34, 9, 9, 36, 11, 10,1186, 3859, 2.193461572868546, 5.5074424629613254,0.8129092821395526, 200 , -5.9858489910514106, 200, -5.89795996661129 ,  200, -5.799774012586663 
143, 208,28, 9, 9, 19, 16, 12,2044, 2867, 2.3915510110223486, 5.05951715165087,0.7695965088782688, 200 , -5.445015379573291, 200, -5.367907506790462 ,  200, -5.273350244642229 
100, 267,30, 5, 9, 17, 13, 11,1594, 1578, 2.2553880658603376, 3.3817090268824845,0.43672592205704375, 200 , -3.0733045506952417, 200, -2.694813577129543 ,  200, -2.2218342279191745 
69, 53,44, 4, 5, 5, 9, 18,3275, 3758, 1.477659292884635, 4.693407471115151,0.651236852840431, 200 , -4.603456383737876, 200, -4.584109105251813 ,  200, -4.542304483869853 
143, 269,34, 4, 13, 4, 4, 19,4000, 400, 3.514602740808993, 5.111150058967794,0.42622363721505974, 55 , -0.45557858172293053, 19, 0.3433152894759255 ,  15, 0.5536771029972383 
108, 170,36, 5, 1, 19, 15, 18,3783, 4197, 3.1169755349102863, 4.756720389338034,0.7062598100161189, 200 , -4.532141073575517, 200, -4.322423859822363 ,  200, -4.1762875851556265 
104, 198,49, 8, 6, 22, 16, 19,772, 2090, 1.6734715330527554, 5.644961083421493,0.7483286851339068, 200 , -5.522083423034056, 200, -5.3825331712745985 ,  200, -5.2237421087586124 
95, 256,27, 6, 2, 38, 12, 12,1101, 2773, 3.656666571910598, 3.531720861981535,0.5734093991424364, 200 , -3.484419125108043, 200, -3.2482895679791595 ,  200, -2.9795089038017224 
96, 172,35, 3, 1, 1, 12, 13,3150, 3242, 3.5745786133319504, 5.287458636374449,0.5570712173952489, 200 , -6.41626264573166, 200, -5.916715529066549 ,  200, -5.365888060106346 
98, 170,41, 5, 6, 34, 16, 16,1474, 220, 1.1747580879532025, 3.139281260796271,0.8326428107811652, 21 , 0.6845559206831714, 22, 0.6013185260899604 ,  33, 0.2974372123587437 
215, 210,40, 8, 6, 13, 8, 8,1314, 132, 1.609311644063613, 4.337406639816823,0.5098646002697893, 7 , 1.3193517291437764, 10, 1.0279524981693937 ,  21, 0.5321510441096735 
165, 181,45, 9, 5, 15, 9, 17,2582, 2723, 2.6050072817325627, 3.6766050743524614,0.6015240725549817, 200 , -3.6207219170578084, 200, -3.5124276589822307 ,  200, -3.4085797002359324 
13, 140,21, 3, 4, 20, 9, 9,4347, 2155, 3.5718332394786785, 2.6232080016452723,0.6638983472720437, 200 , -1.7998267577880762, 200, -1.9668635136217896 ,  200, -2.0734961808214822 
79, 82,41, 9, 12, 10, 15, 17,4150, 966, 1.0117909135136924, 3.747281218278771,0.8322239392150075, 200 , -3.4432316865565697, 200, -3.033154847570154 ,  200, -2.5086477356684256 
37, 215,32, 8, 7, 19, 5, 16,2810, 139, 3.6623043932164245, 5.112945084425702,0.6353810987188369, 200 , -1.1828950912402763, 200, -1.1556877026401593 ,  200, -1.0992238759869313 
189, 215,49, 5, 9, 7, 3, 13,4345, 4000, 1.293262777456236, 2.9155975089705013,0.5325364679324628, 200 , -2.6866539937221523, 200, -2.6961551709767435 ,  200, -2.703040129514431 
68, 154,21, 8, 4, 25, 14, 9,2231, 3878, 3.483261744281034, 3.6391491439484263,0.4854609301704418, 200 , -5.4521623462468, 200, -5.099793517966472 ,  200, -4.744033205658714 
128, 261,46, 3, 3, 1, 15, 8,4582, 1014, 2.8693532921285083, 5.680431148602352,0.7390119118158742, 200 , -4.787439525688847, 200, -4.867316919933928 ,  200, -4.883648342038962 
170, 79,36, 6, 8, 11, 9, 11,2371, 3164, 3.6263658726055135, 2.622994219956739,0.809649756601231, 200 , -3.2450582451227254, 200, -3.152043296618448 ,  200, -3.0322672668390647 
122, 177,36, 5, 10, 8, 13, 10,2842, 1873, 2.5864957191177256, 3.1370621698330043,0.5352232676186708, 200 , -2.1809700372412264, 200, -2.072541908904525 ,  200, -1.9950794884488765 
147, 278,42, 4, 6, 18, 17, 11,4470, 3081, 1.1159186137943449, 3.217215539956883,0.5274573796988519, 200 , -5.321101214310725, 200, -5.341760566724829 ,  200, -5.333812134427784 
90, 206,21, 3, 13, 9, 9, 19,3938, 3977, 3.21155127189307, 4.350019347925981,0.8000833541031374, 200 , -4.116046844247081, 200, -4.1068993277710595 ,  200, -4.09397641661134 
78, 241,48, 3, 1, 37, 8, 18,711, 2661, 3.226768082639446, 5.3638688208166885,0.721514760345933, 200 , -2.873349863755942, 200, -2.730830859880735 ,  200, -2.5707079833276945 
85, 60,39, 9, 7, 36, 4, 8,4190, 689, 3.453719324781642, 3.6925038271745394,0.43392216880244827, 200 , -2.704286767748857, 200, -3.1338249117273143 ,  200, -3.408806456264842 
135, 223,34, 5, 4, 4, 15, 9,764, 2948, 2.298537994207886, 3.4806584163888266,0.4431212705743307, 200 , -6.486494899399276, 200, -6.274851852792809 ,  200, -6.020912269620694 
129, 175,18, 9, 6, 15, 12, 16,1775, 507, 2.664031977231983, 3.413964702281156,0.524359148699766, 91 , -0.1442793569672958, 103, -0.21847915170419852 ,  125, -0.3300383890703861 
216, 115,22, 6, 13, 10, 11, 11,3595, 2600, 2.74255664405986, 2.878272542998373,0.4312663723978607, 200 , -3.3371685527959944, 200, -2.5154237323030646 ,  200, -1.6673743085485193 
208, 168,21, 5, 4, 19, 14, 16,960, 934, 1.7149438031299093, 4.569365533076124,0.5939852659740456, 200 , -1.79748085583582, 200, -1.3176794434061552 ,  200, -0.7851251813305349 
130, 214,33, 8, 8, 17, 9, 17,1105, 2338, 2.3514849111225264, 5.4636303852701555,0.7483577782607355, 200 , -4.4738232835039, 200, -4.34839852458547 ,  200, -4.203627483129312 
197, 264,37, 6, 12, 3, 10, 9,1640, 191, 2.0408134966941818, 3.5085799715442914,0.5534579926350288, 131 , -0.4487331530557957, 130, -0.4467401914006229 ,  163, -0.5683654528929474 
150, 131,25, 6, 7, 24, 15, 12,3699, 3216, 3.1670501364400865, 4.587243361135122,0.6862444600752271, 200 , -4.052104047136713, 200, -3.828764690761883 ,  200, -3.6817805221404107 
110, 111,33, 6, 12, 11, 15, 12,4807, 441, 3.3921173876764685, 3.042884443169163,0.5525790676340205, 200 , -5.144309684547883, 200, -5.15101397317225 ,  200, -5.128813709315792 
122, 95,32, 8, 4, 33, 11, 12,1144, 3849, 1.4057340694756477, 4.674026175493001,0.6478727897398685, 200 , -6.57083909874259, 200, -6.472835065457779 ,  200, -6.361587038359343 
112, 225,28, 10, 1, 36, 16, 14,563, 2428, 1.2226310393978679, 5.16647980516622,0.5316416739531844, 200 , -7.5533193425955245, 200, -7.415297953976706 ,  200, -7.259102221925081 
217, 117,22, 6, 7, 17, 11, 6,4011, 1870, 3.226144578182465, 4.40446763045388,0.5502187841976742, 200 , -2.0961735775753123, 200, -1.2515525321309948 ,  175, -0.6914603905599688 
208, 250,25, 6, 11, 13, 13, 18,1592, 2482, 1.9346297273959836, 4.550566324457693,0.837721765437518, 200 , -4.7963494306908485, 200, -4.673185866329426 ,  200, -4.531309195441335 
43, 173,39, 3, 1, 24, 14, 12,4667, 247, 1.332441844975048, 3.504255779084022,0.7181314354047428, 200 , -0.8254409679241186, 145, -0.49022689453574253 ,  81, -0.1518671781536657 
98, 168,46, 5, 8, 29, 11, 18,675, 3202, 2.3511430871443544, 3.6838717999481663,0.4959056432141561, 200 , -4.857387365280385, 200, -4.712400499934125 ,  200, -4.548631478926308 
219, 181,30, 5, 10, 26, 9, 17,1663, 1729, 3.1006321707178603, 3.6315060885083246,0.6320975025585936, 200 , -2.298470098884088, 200, -2.164097190168035 ,  200, -2.0072843749021296 
76, 191,45, 3, 7, 25, 6, 7,1963, 3690, 3.3316076363034237, 4.7743603621208575,0.5548308863367359, 200 , -3.6989271136371378, 200, -3.5281963461402657 ,  200, -3.3690273036328917 
119, 120,31, 9, 6, 15, 6, 16,3136, 1357, 2.4525044259964366, 3.2726055215637,0.7636917796119322, 200 , -2.9072313131114544, 200, -2.7473316095109896 ,  200, -2.539166805736031 
47, 148,43, 4, 14, 5, 14, 19,2988, 3108, 1.374944430475812, 3.8629301160319742,0.8368393540700717, 200 , -6.540642117653805, 200, -6.436738212966821 ,  200, -6.314676251396085 
87, 196,26, 9, 8, 8, 10, 7,3335, 3022, 2.8608501469090557, 4.402846264038438,0.5429773205934161, 200 , -4.801056401571229, 200, -4.343921014766844 ,  200, -3.9073232193228056 
114, 94,46, 6, 14, 26, 5, 9,2614, 3303, 1.4770284179007716, 2.5742289469543027,0.8096538173498792, 200 , -3.3756711807487916, 200, -3.2371476557050998 ,  200, -3.0710487981701786 
144, 256,49, 9, 9, 16, 6, 18,3762, 1550, 2.4055818829346483, 3.9287963777234394,0.7992574993467986, 200 , -3.7209730510067183, 200, -3.668632713305252 ,  200, -3.5930672812430124 
19, 115,30, 3, 13, 14, 16, 12,4130, 3684, 2.552720005915277, 4.306783596038066,0.6661942464699538, 200 , -4.728362198539471, 200, -4.523445837615355 ,  200, -4.4023836925297415 
216, 152,44, 6, 6, 6, 9, 11,4096, 1336, 3.19493953628752, 4.7364773827326525,0.42185860124241814, 200 , -3.686415469844129, 200, -2.7130180634150567 ,  200, -1.487384601715446 
91, 255,29, 9, 13, 25, 3, 18,602, 2861, 1.5689983998680894, 2.6622969430339847,0.7612383661111923, 200 , -4.095845804896176, 200, -3.8940463909712895 ,  200, -3.655476281160266 
55, 216,46, 5, 3, 21, 13, 12,1866, 1197, 2.3418300414547524, 3.965689293882164,0.5720127203064012, 125 , -0.4196061438180804, 87, -0.20259289034116798 ,  56, 0.0556085419692934 
159, 131,31, 3, 4, 10, 12, 13,1604, 149, 2.5559129236094607, 4.088548503658089,0.5673805536306366, 40 , 0.14617894262640635, 48, 0.045316755902250865 ,  62, -0.10206009473175352 
76, 178,28, 3, 4, 26, 12, 14,2338, 994, 2.5463096558440714, 4.751225732108864,0.7607217964166492, 200 , -1.055337166465988, 200, -0.8965253612856932 ,  163, -0.7122137383916685 
57, 189,40, 5, 7, 25, 12, 16,2276, 473, 2.7841439503920338, 4.438281319877419,0.7688537467911516, 200 , -1.1623158565816205, 200, -0.9944734973341925 ,  191, -0.8125605653616965 
73, 125,37, 4, 5, 26, 13, 11,128, 2062, 2.8136712798786934, 5.389216206809792,0.6370928035836295, 200 , -4.013002420722103, 200, -3.769260158429726 ,  200, -3.484018238542977 
102, 167,38, 6, 4, 28, 9, 15,2237, 570, 1.3894495871492585, 3.5504867283909642,0.6901954882396703, 29 , 0.36549679006855434, 17, 0.7023611471213433 ,  12, 0.9683862092383952 
69, 183,38, 6, 5, 28, 13, 10,1709, 332, 1.9615177546187752, 4.723968528053078,0.75716153078154, 27 , 0.5187357462233252, 19, 0.7386909596556623 ,  15, 0.9120094018611861 
142, 182,38, 3, 3, 28, 13, 12,447, 383, 1.5499005436365407, 3.8577763958185045,0.6601769488932858, 7 , 1.3367707037753322, 9, 1.1401671267620348 ,  15, 0.7445366073438493 
135, 138,42, 6, 9, 10, 8, 14,2450, 344, 2.3940028284614767, 4.3085147960393755,0.8118603173301027, 200 , -1.0272883045637657, 175, -0.817136552258054 ,  122, -0.5831489362088264 
153, 188,32, 4, 3, 10, 12, 16,966, 635, 2.54189498097277, 4.8193161709516374,0.5853859193287962, 10 , 1.1706646357265977, 9, 1.2938958413623602 ,  8, 1.3659906634735417 
99, 163,43, 3, 7, 27, 9, 16,184, 707, 1.7229385544482319, 4.727037690421852,0.5787320798018328, 153 , -0.8514983826848668, 71, -0.32449128134366145 ,  28, 0.28652093808274476 
142, 205,40, 5, 4, 25, 12, 11,1211, 259, 2.2541444436263167, 3.616020478150162,0.7797157750976124, 24 , 0.4854745515485603, 23, 0.5132999380043064 ,  24, 0.47009955563087596 
128, 219,47, 4, 7, 27, 9, 11,1724, 1207, 2.511162738745049, 4.592916391631874,0.6407373482191775, 200 , -2.0412572909205977, 200, -1.871157176087471 ,  200, -1.6637001826831241 
150, 220,38, 5, 8, 18, 8, 14,2113, 618, 2.090798425181024, 3.8161227627008283,0.7999501828252094, 200 , -1.240034051445337, 185, -1.0163250452938144 ,  129, -0.7622478161675359 
79, 187,29, 5, 9, 19, 8, 11,420, 397, 1.4837638652377887, 3.5575574169217674,0.5802121280976578, 10 , 1.1047277195272494, 17, 0.6128809836730282 ,  43, 0.010940873864440249 
149, 153,44, 3, 9, 26, 11, 16,1265, 158, 1.043232776458079, 5.147599004051003,0.6228466619069754, 34 , 0.1979335216244457, 15, 0.726635660398659 ,  8, 1.124472167625978 
99, 194,44, 4, 7, 28, 9, 16,2133, 713, 1.8236623684755926, 5.4321162922590105,0.5593882056257907, 200 , -1.319060639537679, 200, -1.1351992300596485 ,  162, -0.9078789304131057 
94, 182,31, 5, 5, 11, 12, 13,377, 961, 2.6981027514571427, 3.9336565358846514,0.641830326786398, 17 , 0.8588567293121736, 13, 1.0467783236914248 ,  12, 1.1365068159111524 
65, 179,32, 5, 4, 27, 8, 17,150, 983, 1.3119523767785715, 3.6999041063993303,0.5920316713422724, 16 , 0.7380425898479523, 9, 1.180933277656415 ,  6, 1.410860844806064 
158, 124,40, 5, 8, 22, 12, 14,2350, 1071, 1.5751028482015073, 5.246335647842202,0.5915465849495228, 200 , -2.468437701955683, 200, -2.294510897862963 ,  200, -2.0633537637999915 
101, 118,34, 3, 7, 13, 12, 15,582, 1352, 1.3218682490737734, 4.520764313480171,0.7974735017993471, 200 , -2.05762403497849, 200, -1.6075780442546062 ,  200, -1.1005389985408098 
163, 223,28, 4, 4, 15, 8, 14,1700, 308, 1.574203137201461, 3.8842233939378588,0.7824580820609536, 7 , 1.1884501565552363, 7, 1.269352245798425 ,  7, 1.2775012214785202 
147, 140,33, 5, 6, 27, 12, 13,54, 964, 2.3498700144097286, 5.150850675842079,0.6196737081815064, 200 , -1.8820650829940382, 200, -1.4188032304541776 ,  200, -0.9137214556601296 
166, 216,40, 6, 4, 18, 12, 15,1083, 975, 1.9064331132985735, 5.1863723023145525,0.6559099323405465, 200 , -2.05205320599274, 200, -1.7137375659676153 ,  200, -1.315288688147016 
110, 126,42, 4, 6, 23, 11, 11,450, 1332, 1.4315609771854456, 5.233985088607582,0.5863675368346176, 200 , -3.1814191845275017, 200, -2.8748202655752393 ,  200, -2.4966602818248544 
161, 123,33, 6, 3, 18, 12, 11,270, 1482, 2.168796711818329, 3.7845047636239855,0.8446547934761311, 200 , -0.9004538650521056, 156, -0.5490921089736207 ,  87, -0.18481144872421754 
124, 209,42, 5, 9, 16, 8, 15,388, 2214, 1.2335103582716813, 4.923236153861794,0.619609052510496, 200 , -4.895108685329451, 200, -4.743756781883301 ,  200, -4.572431942814437 
160, 205,39, 5, 6, 26, 13, 13,1516, 1696, 2.611550651230798, 5.35981395079783,0.8432285293668406, 200 , -3.7011743635970706, 200, -3.5579133448040814 ,  200, -3.3902455450976805 
66, 169,36, 5, 8, 25, 13, 14,584, 1917, 1.7422352842513253, 3.600269839009556,0.7385028906268399, 200 , -3.2221762754577856, 200, -2.899009030680915 ,  200, -2.5039167568498035 
99, 218,42, 4, 9, 10, 8, 10,2303, 2095, 2.24363259240078, 4.7565592749326555,0.6774776333218411, 200 , -3.7651180605053685, 200, -3.6877459903956793 ,  200, -3.5847289263405084 
90, 202,33, 3, 7, 18, 9, 17,754, 767, 1.3826725245196236, 4.166328690788063,0.55873967536243, 57 , -0.12578957645842703, 23, 0.45507169465053504 ,  12, 0.9504258828844458 
58, 175,32, 5, 10, 24, 11, 17,2073, 245, 1.4722480652140884, 5.208992145797525,0.7165999844299443, 30 , 0.30493672657756893, 18, 0.6489642443037885 ,  11, 0.9629967277800823 
118, 110,35, 4, 6, 13, 9, 11,2087, 405, 1.670427089854098, 4.226594231864723,0.6946691896425838, 11 , 1.0508706620676616, 9, 1.1792668292185706 ,  9, 1.2491542505585138 
85, 154,40, 4, 3, 26, 11, 16,2394, 742, 1.3056088944000628, 4.380474470397743,0.5576982402517021, 31 , 0.27345078053623734, 18, 0.6354076983654948 ,  11, 0.9945061477061914 
131, 198,36, 4, 8, 25, 8, 13,2073, 1639, 1.911265773575486, 4.508767865440163,0.6941644043776974, 200 , -2.570127141756535, 200, -2.4366922461503515 ,  200, -2.2691352490297367 
128, 149,35, 3, 8, 16, 9, 12,1367, 1477, 2.5181386696751655, 4.637886904022011,0.5794093490665888, 200 , -2.013951512351866, 200, -1.7650308470982004 ,  200, -1.4738702931802452 
140, 183,43, 3, 7, 28, 12, 13,2446, 762, 2.0389529938494326, 5.4909353478162615,0.6712570734425775, 200 , -1.8419665561404137, 200, -1.6958396701051386 ,  200, -1.5034246399794455 
61, 165,33, 4, 9, 19, 13, 15,412, 218, 1.5657555754045496, 4.449177227756294,0.8207226146093874, 10 , 1.195982136724399, 12, 1.0692103322954931 ,  15, 0.8232018278058238 
138, 120,44, 3, 7, 18, 8, 12,1920, 1157, 1.4169145595528971, 5.307684086105141,0.7493063333410944, 200 , -2.0655246862915764, 200, -1.8240369519171504 ,  200, -1.5369507992868916 
103, 126,28, 6, 4, 23, 12, 17,2196, 1640, 1.0315137263361165, 4.907481334945473,0.7122563142466256, 200 , -3.8769062875161855, 200, -3.672863928584888 ,  200, -3.4208307388720747 
142, 187,38, 6, 8, 15, 8, 17,870, 1340, 1.8150003435326842, 3.913863144656929,0.7632047163814873, 200 , -2.0063814352328566, 200, -1.6874711005114926 ,  200, -1.3242384902824247 
149, 223,36, 3, 10, 16, 8, 13,214, 1447, 2.0437275748936603, 4.476089916965279,0.7754644803155971, 200 , -2.7091060697187843, 200, -2.4333890119886177 ,  200, -2.111073914138247 
62, 215,35, 6, 6, 20, 9, 11,2197, 99, 1.3165476307074473, 5.280224583884987,0.6817349804079057, 7 , 1.3634902514498395, 6, 1.4597650299942786 ,  6, 1.4880666886356568 
124, 217,42, 5, 5, 28, 9, 15,494, 1934, 2.1639071698186836, 3.66054229422501,0.70740051782464, 200 , -2.7496278305098896, 200, -2.4833527346005453 ,  200, -2.169864797754165 
89, 116,31, 4, 8, 16, 11, 17,1399, 384, 2.3215822165882063, 3.6529660148828356,0.7255762356630016, 17 , 0.6892217157549865, 16, 0.727793328766394 ,  16, 0.7062812291618749 
110, 201,37, 4, 8, 16, 10, 12,1735, 985, 2.1148526987276606, 3.9116393847673265,0.5526529077298095, 134 , -0.6463738011983383, 88, -0.37702825407851737 ,  52, -0.05270822506403046 
135, 209,45, 4, 4, 25, 12, 13,1962, 752, 1.0905840686073893, 5.179726742049965,0.8466213034863673, 200 , -2.0646456823892225, 200, -1.6922828987308056 ,  200, -1.2548998510719418 
159, 169,38, 5, 6, 14, 12, 15,626, 2061, 1.7659446204994387, 5.531886122962746,0.7310187056457759, 200 , -4.366877556043538, 200, -4.200652813752503 ,  200, -4.0089963078382675 
139, 194,41, 3, 9, 16, 8, 17,1092, 2067, 2.5353046482472825, 4.551750205299172,0.6195234359597498, 200 , -3.3558606593959643, 200, -3.2036464237415885 ,  200, -3.02546059124826 
93, 168,45, 3, 6, 13, 9, 13,1656, 803, 2.39057457519722, 5.537594698211464,0.8087275167759912, 200 , -1.2072043302881452, 200, -0.9681249619660224 ,  164, -0.7138608535347712 
139, 192,31, 3, 8, 13, 11, 11,683, 48, 2.169911266990266, 4.013718060991081,0.722637517657828, 22 , 0.447125969027995, 35, 0.18971280178132313 ,  57, -0.10406691016852836 
143, 212,42, 3, 8, 13, 9, 16,2172, 119, 2.400397313877498, 3.611408680519375,0.6624710920735286, 138 , -0.7042980203380075, 115, -0.586864313337307 ,  97, -0.4815625423914142 
79, 116,38, 6, 10, 21, 12, 16,1780, 155, 2.6860989116956233, 3.995687447330269,0.7546870360505323, 88 , -0.316061852075518, 70, -0.18397899797143738 ,  59, -0.07341486280692046 
106, 175,28, 6, 10, 22, 10, 14,1040, 666, 2.518284112702095, 4.9912444575040675,0.7820361449287351, 108 , -0.5797375252091135, 73, -0.31712786509078256 ,  47, -0.027694367303889234 
139, 194,43, 3, 4, 17, 10, 17,1160, 1610, 1.4110677172109558, 3.8528649730890123,0.7353584653830127, 200 , -2.176104064922204, 200, -1.882825962976322 ,  200, -1.535286547299557 
68, 202,43, 5, 4, 18, 10, 10,994, 1395, 1.0807887569874386, 4.656237266799721,0.5995586623768653, 200 , -2.857752187989683, 200, -2.4934293988976957 ,  200, -2.0341145703448054 
158, 115,30, 5, 9, 17, 11, 11,1798, 1138, 2.6345152995854133, 4.290447436115059,0.8498750790224437, 200 , -1.7260478518754538, 200, -1.490721093540499 ,  200, -1.2297856050511657 
155, 150,44, 6, 10, 21, 10, 16,2127, 1549, 2.1896656088919366, 4.403485379955086,0.720179820070217, 200 , -2.7950483817893406, 200, -2.671494352039556 ,  200, -2.5152028819740173 
131, 132,42, 4, 5, 22, 13, 16,2502, 1947, 1.4660157335320583, 3.767246149322304,0.7830611261710206, 200 , -3.5017276032138476, 200, -3.3204157808859103 ,  200, -3.0964030872650405 
167, 210,36, 3, 6, 19, 8, 17,2495, 165, 1.3893879970351226, 4.055807672282967,0.7757669177705089, 24 , 0.2927325639397093, 15, 0.6128337149729222 ,  10, 0.8820868530670217 
61, 191,39, 3, 5, 24, 13, 15,2609, 71, 1.8259043792675882, 5.332234166404518,0.6686935894010783, 29 , 0.3997997170552606, 21, 0.5851870531976932 ,  17, 0.7516715366128095 
88, 167,29, 3, 9, 23, 13, 12,1724, 1716, 1.6760767785120798, 4.197282694122109,0.8257817009033582, 200 , -3.4358025067916573, 200, -3.2006074672842115 ,  200, -2.9153815059659176 
163, 160,43, 4, 5, 24, 10, 12,2714, 1593, 1.1259197500166718, 3.693740062257561,0.74958655235236, 200 , -2.5570381198836, 200, -2.3307066962459806 ,  200, -2.0508224467077873 
114, 176,30, 5, 5, 10, 8, 15,2595, 907, 1.66139998767256, 3.945048473617348,0.6732550358816393, 75 , -0.26829848142849105, 48, 0.007492085847286848 ,  29, 0.33152867393629154 
120, 217,44, 6, 4, 25, 8, 15,49, 1026, 1.7520071287586318, 4.066332898875984,0.8167496191651068, 119 , -0.6196202473566251, 66, -0.22038912600312024 ,  34, 0.20765442866737904 
100, 172,40, 3, 6, 28, 9, 13,443, 378, 1.8086727553771786, 4.348101816913399,0.8107948274213613, 8 , 1.1590174545397203, 7, 1.2198928972230834 ,  7, 1.203233093333072 
146, 148,37, 6, 9, 12, 12, 11,2802, 641, 1.7469868404451074, 4.586144588729653,0.7026776232451682, 200 , -1.348293171887515, 200, -1.0795877629201642 ,  200, -0.7715924075585886 
76, 175,46, 3, 5, 18, 8, 15,1998, 1983, 1.0256898918345365, 4.42346926762751,0.5596112960192922, 200 , -3.6335357943067788, 200, -3.4737691572635225 ,  200, -3.274803401184955 
59, 157,28, 6, 3, 15, 13, 16,2519, 584, 2.7463894009396803, 4.810613296767983,0.7629656103783448, 196 , -0.6874954810503785, 150, -0.5165780571250712 ,  109, -0.32010058115567946 
132, 206,30, 6, 4, 26, 13, 15,1763, 320, 1.233739245969376, 3.9214622898309557,0.7575044235786428, 14 , 0.8830842124124894, 10, 1.1084258524515025 ,  8, 1.2046805662278917 
70, 188,44, 3, 3, 20, 12, 15,1146, 1006, 2.744393042984711, 5.420019887229714,0.80261986213996, 200 , -0.8198458199428595, 143, -0.5886520180410424 ,  93, -0.3263236021618168 
56, 155,41, 6, 8, 20, 10, 12,316, 1815, 1.7601073582371156, 4.2443710787504045,0.7662110140048551, 200 , -2.909855895891736, 200, -2.612276042336024 ,  200, -2.258915920300802 
143, 148,36, 4, 7, 15, 13, 13,565, 936, 2.7956973086824193, 5.4049062950818865,0.735762681084579, 200 , -1.2334588304247238, 200, -0.8861810972621308 ,  153, -0.54030536639254 
138, 206,45, 6, 7, 16, 11, 17,2104, 2162, 1.8077883942774298, 5.5238075478284685,0.5795840371360682, 200 , -4.29229364470904, 200, -4.222859763891823 ,  200, -4.134877772928418 
165, 117,43, 4, 3, 23, 10, 10,745, 56, 1.2235448301376632, 4.571389697334084,0.5817250752429896, 16 , 0.560236045886522, 34, 0.07531546788642593 ,  70, -0.38289171151473034 
59, 135,40, 6, 7, 22, 9, 17,1813, 1576, 1.266210054918706, 3.8066812379567945,0.7961499579987215, 200 , -2.425296360275953, 200, -2.1134732088733648 ,  200, -1.7374201759413652 
80, 218,34, 3, 6, 11, 10, 15,2005, 760, 2.160438636674214, 5.398231051704201,0.7417786357599937, 194 , -0.8311670904575467, 139, -0.6216164135693651 ,  92, -0.36966855247741703 
55, 148,31, 3, 4, 17, 10, 11,1715, 1486, 2.231355284911979, 5.265757702132973,0.5955808544176909, 200 , -1.1658618089188837, 200, -0.965896025054633 ,  168, -0.7377426132893937 
105, 161,44, 3, 3, 18, 8, 14,1243, 1111, 2.6488700691123146, 5.0519622786252825,0.8240606602585249, 130 , -0.7271426721552746, 93, -0.5067114880296223 ,  63, -0.2540737516755891 
164, 156,39, 6, 8, 15, 12, 15,2004, 1700, 1.4538052144392315, 4.089650533935341,0.5600995079916018, 200 , -3.581180658863929, 200, -3.401261552221395 ,  200, -3.1677676094609537 
110, 217,30, 5, 7, 27, 12, 12,2529, 33, 1.4075400161883902, 4.930289052268776,0.795707899843937, 30 , 0.37264775161020286, 18, 0.6925610497900268 ,  12, 0.9555661501367303 
54, 168,39, 5, 5, 12, 12, 14,494, 884, 2.282961540846741, 4.768851183196816,0.5629331355356342, 50 , 0.15738551467394837, 24, 0.6395759450572055 ,  14, 1.0193885613671347 
69, 220,40, 3, 10, 26, 13, 12,1914, 239, 1.0463182356944658, 4.696580193778786,0.6881786490108867, 105 , -0.3527055389337062, 43, 0.15289957404918064 ,  21, 0.6162536620639318 
56, 167,33, 4, 7, 17, 12, 12,1383, 1142, 1.5530606091037606, 5.425376795074257,0.8092628390698248, 200 , -2.3346667284277665, 200, -1.9875221982420315 ,  200, -1.5822494425782812 
87, 168,45, 4, 4, 14, 9, 12,1507, 693, 2.1608323997194274, 3.566737105911883,0.5991573972846154, 13 , 0.9403276220761823, 12, 1.0006740953274296 ,  12, 0.9939149564880736 
100, 209,40, 5, 8, 16, 12, 16,2098, 1046, 2.745309138098195, 5.068601153632913,0.6810066864873161, 200 , -2.018037368539152, 200, -1.8891287857251093 ,  200, -1.721183676694848 
156, 200,29, 3, 4, 17, 12, 12,1981, 269, 1.2928066693101399, 5.382808469077858,0.6640461397688516, 10 , 1.178594199787052, 7, 1.3669469477609086 ,  6, 1.4948178818502673 
94, 207,33, 3, 9, 24, 13, 13,979, 2125, 1.3785245133417838, 4.295262954971108,0.841200038786209, 200 , -4.448814322156287, 200, -4.263349342439123 ,  200, -4.046299543750743 
168, 181,39, 5, 9, 16, 8, 15,2518, 233, 1.7529718863219943, 5.211943171760354,0.7358526035697038, 111 , -0.6597239408334626, 76, -0.4069242917965117 ,  48, -0.1029117120755334 
77, 206,32, 5, 5, 27, 12, 13,1758, 1566, 2.5545330655508263, 4.54049237801722,0.5593843635014233, 200 , -1.9144646364956577, 200, -1.6977691265441248 ,  200, -1.446590352125007 
94, 180,44, 5, 5, 14, 13, 12,1645, 801, 2.0016885525611796, 3.789207093259605,0.8417902317484712, 200 , -0.8958752230595675, 171, -0.5773866436816599 ,  94, -0.2462150390319347 
108, 203,41, 6, 8, 28, 11, 17,2521, 2017, 1.2402798820318441, 5.356421135207924,0.5653785729860413, 200 , -4.491316579304194, 200, -4.426355556806939 ,  200, -4.339137746544954 
109, 126,30, 6, 6, 27, 13, 14,2415, 1065, 1.2184664353753185, 5.072732470771584,0.7727921170128541, 200 , -2.7318382272390203, 200, -2.4386556625388764 ,  200, -2.0754230379288883 
70, 140,44, 3, 8, 22, 10, 12,2570, 2016, 1.2175829587999663, 5.0458699686735,0.7751600165386248, 200 , -3.741120068009566, 200, -3.607883846145394 ,  200, -3.447538343636459 
132, 185,46, 5, 10, 16, 8, 12,1410, 1411, 1.9523398206155225, 4.158512018462929,0.7911754439886455, 200 , -2.804602469903974, 200, -2.583495044452956 ,  200, -2.319457966846266 
85, 213,29, 4, 10, 15, 10, 12,2482, 1138, 2.4050838235079635, 5.438303850433144,0.6591024649585565, 200 , -1.7056093380831776, 200, -1.614348516520243 ,  200, -1.4861100009144486 
97, 163,42, 6, 5, 24, 11, 14,1778, 1058, 2.5649062233509827, 4.308080814620766,0.7304461274656363, 200 , -1.146862559139727, 200, -0.9553511928024621 ,  154, -0.7397434983422165 
105, 146,32, 5, 3, 13, 9, 17,421, 1211, 1.478698071546078, 5.317472718498024,0.6241266131211671, 200 , -1.856006635266202, 200, -1.4047494448364328 ,  200, -0.9029750181184333 
121, 118,41, 4, 7, 19, 12, 10,632, 626, 1.7400433511482427, 5.170256398460182,0.7091902578972272, 36 , 0.31867974258823917, 20, 0.7090180170700331 ,  13, 1.0284617543454848 
97, 158,46, 6, 3, 24, 12, 14,1086, 1356, 1.693420206286215, 3.9895125551431505,0.787763970826946, 200 , -1.6243646351958707, 200, -1.2342132523843767 ,  200, -0.8212799974728151 
135, 210,37, 4, 5, 16, 9, 16,1942, 1824, 1.3392723143973095, 4.468505881568703,0.7170665184222493, 200 , -3.27614487230645, 200, -3.0968343587610443 ,  200, -2.877429164257057 
95, 180,29, 4, 10, 14, 9, 17,800, 1259, 2.146605763757419, 4.967025302192483,0.6962723747749402, 200 , -2.2031862925957717, 200, -1.9018940146203136 ,  200, -1.5514990302858869 
126, 207,36, 5, 6, 13, 13, 10,2376, 604, 2.303268588023653, 5.229097030898842,0.6234598642894775, 168 , -0.5643637772833836, 131, -0.4255557763539562 ,  94, -0.23898856768731075 
86, 187,41, 3, 8, 20, 11, 12,1517, 965, 1.4901114844688599, 4.482114277622017,0.7223046498224984, 200 , -1.8319486938230771, 200, -1.4655158309047085 ,  200, -1.04877673691767 
157, 158,46, 4, 7, 14, 8, 10,1135, 1537, 1.128491783665058, 3.719562552711281,0.7745332609054983, 200 , -2.491993973203758, 200, -2.1298320428308473 ,  200, -1.6895430013117898 
167, 134,46, 3, 8, 11, 11, 13,2330, 221, 2.7649002920527344, 3.6430687604754293,0.5840422078468731, 200 , -0.9238594347135042, 200, -0.8697267531063072 ,  191, -0.8133499650718491 
158, 113,38, 3, 6, 10, 12, 10,438, 1512, 2.8115748754104386, 5.034528992912087,0.7357631610029618, 200 , -2.04132532229589, 200, -1.6662102748659158 ,  200, -1.2567818377329583 
65, 122,44, 5, 4, 14, 12, 11,1041, 1396, 2.1564978491503872, 3.751351795932564,0.587375527633047, 130 , -0.4242211949967609, 65, -0.005083531861454116 ,  31, 0.44137349832332873 
92, 218,36, 5, 10, 25, 9, 17,976, 1497, 2.6419055689590145, 4.847374342223915,0.6295844093863685, 200 , -3.015543468761809, 200, -2.8227205296365216 ,  200, -2.5951390126008023 
87, 186,33, 3, 6, 17, 9, 14,987, 1147, 2.1912380561232565, 4.391371302148613,0.6897533728906667, 182 , -0.8349296601295062, 112, -0.5253633307445026 ,  62, -0.16547394561696593 
88, 191,34, 3, 7, 23, 11, 12,1480, 233, 1.7908886775374413, 4.132349833688053,0.6375926508733786, 9 , 1.108359374303825, 9, 1.1080946021635167 ,  11, 1.0056784173992088 
136, 143,35, 3, 7, 19, 9, 14,1207, 457, 1.8885191187262538, 4.130225203773293,0.6888784586617506, 10 , 0.9687147317482181, 9, 1.1137140954536073 ,  8, 1.1892089125025287 
110, 140,37, 4, 7, 18, 9, 14,1469, 68, 1.523063550889492, 4.956125460407051,0.7514314218589818, 6 , 1.4406982200612974, 6, 1.438842163787841 ,  7, 1.3593208676221953 
120, 162,38, 3, 6, 23, 12, 15,792, 156, 1.568330417573452, 4.824854217311653,0.6530277691015757, 6 , 1.4339057158754995, 6, 1.4140495891854188 ,  8, 1.262958495568956 
103, 172,41, 4, 5, 24, 9, 16,1387, 163, 1.5970715388655663, 4.845978759071144,0.6298348547125018, 5 , 1.450744120370108, 5, 1.4863392394607768 ,  6, 1.4388676859507352 
127, 182,37, 4, 5, 17, 9, 15,669, 1007, 1.8424162968993187, 4.881753645679268,0.6594708419570482, 200 , -1.1706282290517551, 163, -0.8063497575610924 ,  85, -0.3748812657139331 
134, 191,34, 4, 5, 14, 12, 14,1624, 696, 2.183560262620449, 4.145421854993614,0.7696307643482244, 98 , -0.3290905143795555, 62, -0.05968936884608462 ,  39, 0.21909324901392366 
97, 162,39, 3, 7, 15, 12, 15,853, 811, 1.7143353030085564, 4.523455731412682,0.6994363754221952, 132 , -0.5043599491487047, 64, -0.08464677661853483 ,  32, 0.34628874682397787 
133, 140,33, 3, 6, 15, 10, 12,411, 716, 1.9335755214095116, 4.576261542579445,0.7634870215484655, 12 , 0.938958150307509, 9, 1.1464754458501267 ,  7, 1.2891541567089655 
108, 186,36, 4, 8, 22, 9, 13,671, 872, 2.1056843504309652, 4.465323828002724,0.6317170557731545, 167 , -0.8232545358023369, 91, -0.42605773836757516 ,  44, 0.03704806806268813 
129, 173,35, 3, 5, 17, 8, 14,701, 1050, 1.8432504639029503, 4.432124011060509,0.6864475681612051, 98 , -0.5395140036599735, 54, -0.150745325557381 ,  27, 0.28855472278550226 
118, 164,37, 4, 6, 17, 9, 13,1452, 382, 2.0030735835433005, 4.554265878936562,0.6825065671631848, 11 , 0.9650548639698874, 9, 1.1064934768632986 ,  8, 1.1949478860131275 
107, 158,34, 4, 5, 17, 9, 15,997, 1142, 1.7312654361128808, 4.628079317352089,0.6763845279047048, 200 , -1.0822738325012953, 153, -0.7433593251298517 ,  81, -0.3352992289238684 
105, 156,36, 3, 5, 23, 11, 13,1178, 798, 1.415142621099949, 4.404810033580574,0.775154228431896, 60 , -0.12094241950368367, 31, 0.2895549016994271 ,  17, 0.6951550236246066 
96, 146,35, 3, 6, 18, 11, 14,1550, 982, 2.205689977109432, 4.6366663201063005,0.7625992640087164, 185 , -0.812811085847616, 126, -0.5657333562860876 ,  79, -0.27746492241184395 
127, 156,42, 4, 8, 17, 11, 13,1508, 271, 2.1701949939131735, 4.508943550130638,0.7592395647594488, 32 , 0.27155528663586215, 23, 0.4799021261487311 ,  18, 0.6500864324266767 
120, 185,42, 3, 6, 19, 10, 13,180, 505, 2.3031321272253993, 4.903599940082344,0.776547215802387, 13 , 0.8368382727775482, 10, 1.0123354350710905 ,  9, 1.1251808967085224 
117, 154,35, 3, 5, 15, 8, 15,1351, 564, 1.5491445764899254, 4.853030584594521,0.6881555452177083, 11 , 0.9348702962837788, 8, 1.1808465840032627 ,  6, 1.3665226395049026 
103, 144,37, 4, 8, 20, 9, 13,621, 1128, 1.689086000621319, 4.83320089413813,0.7682496770450628, 200 , -1.6446537315172336, 200, -1.2885914068726878 ,  195, -0.9047323651798806 
25, 214,21, 16, 5, 28, 14, 6,9961, 677, 4.78733217716217, 1.819099808160068,0.26397463530302046, 200 , -9.775102735095595, 200, -9.778346924750615 ,  200, -9.76817724254762 
48, 200,23, 18, 15, 42, 4, 15,4107, 6225, 5.289569556713104, 3.3620476054473323,0.407045966386795, 200 , -9.641819459225246, 200, -9.346631748506848 ,  200, -9.030570709512343 
236, 103,21, 19, 8, 35, 5, 19,7062, 2877, 1.3021725080907345, 1.873300149545576,0.20752545669674874, 200 , -8.757380218216296, 200, -8.094498062211482 ,  200, -7.264880750993685 
151, 203,29, 9, 5, 34, 5, 14,2396, 6548, 1.4836377501487732, 3.2554555943402916,0.7643453538417816, 200 , -6.487823747740192, 200, -6.4271987932045205 ,  200, -6.354823653543853 
212, 113,6, 16, 9, 49, 11, 1,7591, 4075, 2.6762328147888184, 1.868924116145843,0.7027958542108536, 200 , -6.347162948686629, 200, -6.572578249083126 ,  200, -6.738156365398784 
217, 120,46, 8, 18, 34, 13, 18,8937, 1901, 2.352597326040268, 5.4942849615683595,0.5171974509954452, 200 , -7.344748277269665, 200, -6.964117922000727 ,  200, -6.5405327493139005 
53, 102,42, 19, 5, 18, 5, 5,5135, 1742, 2.4174100756645203, 4.746159591772873,0.6826059728860855, 200 , -3.0406260786664108, 200, -3.254336703923508 ,  200, -3.4415003685246943 
173, 230,26, 8, 9, 28, 12, 10,6979, 5495, 4.1669604778289795, 3.0586014712297676,0.6463287383317947, 200 , -7.070937489197814, 200, -6.6848545137053215 ,  200, -6.257003506349578 
247, 214,31, 6, 3, 29, 18, 17,2463, 7714, 2.3414157927036285, 5.502400253737415,0.5736090898513794, 200 , -7.417159357599037, 200, -7.345707682774702 ,  200, -7.2892930602769495 
87, 134,22, 13, 14, 42, 18, 15,9644, 6085, 2.999746710062027, 5.837931561436065,0.2252598986029625, 200 , -12.755689982530717, 200, -12.488056708551968 ,  200, -12.203611861938755 
65, 187,24, 6, 19, 42, 16, 5,2000, 7680, 2.2595538794994354, 3.2799757094724784,0.1581506323069334, 200 , -9.79955080091646, 200, -9.646213603135275 ,  200, -9.506848828415883 
134, 261,48, 6, 14, 2, 11, 18,7456, 5095, 1.3865476325154305, 2.5817828393107822,0.5000825434923172, 200 , -7.712233571176261, 200, -7.238695731209665 ,  200, -6.748738604473377 
243, 115,31, 13, 14, 1, 17, 13,6896, 2596, 1.4325037822127342, 2.7030517340518947,0.29141718745231626, 200 , -8.29091936659528, 200, -7.609397724502191 ,  200, -6.708124709839916 
14, 175,32, 14, 18, 25, 11, 13,4955, 960, 3.2060076892375946, 2.091665972806543,0.23018252328038216, 200 , -4.802113646708363, 200, -5.32033808545878 ,  200, -5.6467430967219805 
258, 81,48, 16, 18, 40, 19, 13,6432, 3051, 2.3686004281044006, 4.392726359816833,0.23929672539234162, 200 , -10.700057552507138, 200, -10.370658404637725 ,  200, -10.013372521537748 
102, 92,10, 6, 14, 30, 19, 1,8853, 5223, 1.7137911021709442, 4.38857890516607,0.18839741162955762, 200 , -12.432356781307984, 200, -12.113438006486902 ,  200, -11.768210360939381 
149, 173,46, 19, 18, 37, 4, 2,9548, 800, 4.73899519443512, 2.751147535932752,0.32766460478305814, 200 , -5.49159808275914, 200, -4.988432586977335 ,  200, -5.727337842979102 
68, 20,35, 12, 8, 30, 13, 12,9540, 3935, 5.495475590229034, 4.568437945391364,0.7679663360118866, 200 , -8.269893606567507, 200, -7.872503193660006 ,  200, -7.456992936313092 
234, 122,31, 13, 18, 2, 12, 19,6838, 7666, 1.2951179444789886, 5.205760808318487,0.21193130910396576, 200 , -10.986689563077215, 200, -10.627817891724863 ,  200, -10.239657011151703 
30, 221,41, 15, 5, 1, 9, 11,7662, 28, 1.1331696100533009, 3.0662608410813714,0.7114972084760666, 200 , -5.72932053805835, 200, -5.447521990186511 ,  200, -5.09285188553643 
96, 36,36, 14, 8, 27, 11, 5,4680, 40, 5.263864159584045, 3.189952002938695,0.7472696959972381, 200 , -6.957925397392165, 200, -6.859620157673016 ,  200, -6.750466659429596 
67, 247,38, 11, 6, 44, 18, 5,7879, 1030, 1.3076624870300293, 5.557116685583656,0.13147605806589127, 200 , -8.769252439242221, 200, -8.288244040236362 ,  200, -7.731347446986463 
151, 53,2, 6, 18, 46, 19, 6,9741, 7683, 4.361201584339142, 4.605939150791686,0.8319937497377395, 200 , -8.55501075219379, 200, -8.257921771019923 ,  200, -7.962068533810892 
288, 59,19, 11, 10, 43, 13, 1,2114, 3051, 2.665038764476776, 1.8662880729025417,0.28296897783875463, 200 , -3.0727838807805585, 200, -1.7760033471585943 ,  200, -0.5754945808339555 
118, 140,46, 14, 8, 13, 13, 11,3138, 2382, 3.401377260684967, 2.985568844971021,0.10360346678644419, 200 , -8.973206073380696, 200, -8.553481641103792 ,  200, -8.078656960074502 
164, 159,48, 13, 5, 40, 14, 13,5549, 2016, 3.7437198162078857, 3.6234345619057535,0.49613160490989683, 200 , -6.74690448038522, 200, -6.218423169206393 ,  200, -5.5833902925509244 
221, 227,37, 11, 13, 11, 19, 15,8253, 2208, 2.699613034725189, 4.143521847811205,0.736625126004219, 200 , -5.628257247230294, 200, -5.4996439515097935 ,  200, -5.510773636739972 
256, 148,28, 15, 1, 23, 18, 14,4035, 3032, 2.5883219242095947, 3.573860733669846,0.4170259967446327, 200 , -8.833460214066601, 200, -8.403631598333721 ,  200, -7.930935155598951 
30, 30,40, 19, 17, 5, 8, 1,6011, 8080, 5.484948813915253, 4.824465907125818,0.680261766910553, 200 , -10.688976028902026, 200, -10.386389465174682 ,  200, -10.061244604690902 
94, 203,18, 17, 13, 23, 10, 2,5439, 5211, 1.3965464234352112, 5.2673942509068485,0.7486167907714844, 200 , -6.790961041662873, 200, -6.825956497252402 ,  200, -6.847770879607592 
43, 155,26, 11, 18, 26, 8, 16,7690, 5480, 4.955792188644409, 4.462739016683939,0.37978010475635526, 200 , -10.180867314309808, 200, -9.903783396176031 ,  200, -9.607982197606841 
166, 222,31, 12, 3, 10, 3, 7,5733, 2462, 5.492701292037964, 4.722844137227618,0.49066432416439054, 200 , -7.4339007628535345, 200, -7.038336093136344 ,  200, -6.587264896722875 
145, 13,19, 18, 17, 23, 17, 13,8801, 4082, 2.033719927072525, 4.541376798193605,0.6204427391290664, 200 , -9.819181767550322, 200, -9.39784166251921 ,  200, -8.93009685043859 
109, 203,29, 12, 3, 23, 9, 4,9165, 1006, 3.574651837348938, 3.202481923988986,0.41674731522798536, 200 , -5.404119189582222, 200, -5.8494866971297395 ,  200, -6.145050726043276 
65, 246,46, 9, 7, 39, 8, 9,4916, 7629, 1.9545569866895676, 4.190893489950806,0.7033397167921066, 200 , -5.6111975314004505, 200, -5.526383107462675 ,  200, -5.49024857439699 
188, 92,7, 5, 2, 13, 9, 8,2133, 7600, 2.7582060396671295, 4.861909074678322,0.5282857030630111, 200 , -7.2695180908401955, 200, -7.147232828797467 ,  200, -7.040902511873669 
51, 121,22, 12, 13, 32, 17, 4,5405, 5612, 3.777498960494995, 5.454683636631688,0.8462215274572372, 200 , -6.699933068241242, 200, -6.612766921608848 ,  200, -6.550422738384203 
228, 171,16, 9, 15, 41, 18, 3,8737, 511, 4.716217279434204, 2.113105110012017,0.6418588370084762, 200 , -7.863115346212957, 200, -7.839276962350905 ,  200, -7.804027202142768 
66, 48,14, 15, 12, 21, 19, 2,9499, 6483, 1.6603758782148361, 3.9506082944370227,0.3927771508693695, 200 , -11.38953393498142, 200, -11.051835561967671 ,  200, -10.682448566056589 
229, 40,42, 19, 9, 41, 14, 19,9614, 4176, 3.170357257127762, 5.466206400891824,0.7902264803647995, 200 , -9.421703389701895, 200, -9.099503172969293 ,  200, -8.788836460439487 
117, 158,6, 19, 6, 38, 13, 6,6219, 3643, 4.219679296016693, 4.58054559106615,0.24808326214551926, 200 , -12.109364180815101, 200, -11.806713524995622 ,  200, -11.480435545989414 
284, 81,41, 11, 19, 7, 9, 6,8792, 6642, 1.8521656692028046, 5.756473440718201,0.4788333237171173, 200 , -9.638008261374639, 200, -9.31646918007645 ,  200, -8.968134378891593 
283, 190,10, 10, 10, 32, 12, 12,9706, 3374, 2.3123439252376556, 3.2768954507647847,0.33266462236642835, 200 , -9.713535401914536, 200, -9.360974600585255 ,  200, -8.97268526277487 
130, 92,21, 5, 9, 3, 4, 4,7313, 1720, 1.4703162983059883, 4.860169190059463,0.18086998760700226, 200 , -6.052542060227722, 200, -5.5379138628834585 ,  200, -4.921633989603407 
74, 36,34, 9, 8, 20, 9, 11,4236, 6481, 3.720225155353546, 2.910779197918521,0.32275026142597196, 200 , -9.31809498061707, 200, -8.997570663808286 ,  200, -8.651314968485059 
299, 190,11, 5, 17, 36, 14, 10,7599, 6955, 4.255229592323303, 3.9818346578682817,0.6193028002977371, 200 , -8.425639196814654, 200, -8.11918782807149 ,  200, -7.789086474005921 
84, 55,12, 19, 10, 5, 14, 4,1969, 4999, 4.948729932308197, 2.908636675730424,0.5750392884016037, 200 , -7.194048115120382, 200, -6.805464899009983 ,  200, -6.401073847526036 
253, 259,3, 14, 9, 42, 14, 7,7959, 2017, 5.727678298950195, 3.5715801214300438,0.3797073051333427, 200 , -9.949392356390604, 200, -9.525073263883993 ,  200, -9.035197188632024 
125, 227,2, 12, 5, 31, 11, 2,3122, 7038, 5.5626866817474365, 3.4826842754000893,0.3389116436243057, 200 , -10.941688582843769, 200, -10.657341768439306 ,  200, -10.354807386070393 
218, 178,5, 15, 5, 37, 18, 1,9541, 742, 1.4691484197974205, 1.9810695065520114,0.40502422899007795, 200 , -8.58366137273433, 200, -8.507131570885303 ,  200, -8.406719755915322 
111, 120,24, 14, 2, 5, 3, 18,8424, 1571, 1.565800815820694, 4.695171341159535,0.40054784566164015, 200 , -6.038716413211711, 200, -4.748522839135159 ,  200, -2.7720919668438193 
248, 11,27, 9, 2, 15, 5, 7,5891, 5596, 3.6883018016815186, 3.7495930827847603,0.37271753549575803, 200 , -12.327327337058934, 200, -12.017744095179031 ,  200, -11.683466511074057 
241, 38,26, 17, 12, 3, 12, 18,9720, 3893, 1.784580186009407, 2.9921213680223167,0.44182406961917875, 200 , -8.946515896060758, 200, -8.495484521150841 ,  200, -7.9723626343743055 
70, 107,9, 8, 10, 36, 4, 19,7934, 4623, 1.117390714585781, 2.527336833815797,0.26876298189163206, 200 , -7.855406180650179, 200, -7.381592869012298 ,  200, -6.845298481291129 
58, 27,49, 10, 15, 33, 18, 3,6199, 5233, 5.137282073497772, 5.013685757787172,0.6592724978923797, 200 , -9.092248753445332, 200, -8.75586328329604 ,  200, -8.38773043507741 
155, 84,41, 12, 17, 39, 8, 13,5646, 3626, 5.618646502494812, 2.206129734268358,0.47508413195610044, 200 , -7.335212059913322, 200, -6.863184578321986 ,  200, -6.309691232903541 
144, 42,31, 16, 10, 21, 18, 7,84, 4427, 4.446460068225861, 1.8011833211411759,0.5715415984392166, 200 , -5.6163373574889635, 200, -5.137530845155518 ,  200, -4.5381674339443165 
121, 145,2, 19, 7, 38, 15, 11,4094, 1143, 1.9705208241939545, 3.8474174058072013,0.8072349488735199, 200 , -7.052919861875452, 200, -6.875222101258816 ,  200, -6.646658727830079 
228, 17,20, 10, 7, 33, 16, 3,1082, 1088, 3.1295976638793945, 1.9863765255569024,0.5589652121067047, 200 , -3.1202673329001596, 200, -3.456769775082409 ,  200, -3.8237758934028325 
268, 122,20, 3, 17, 34, 5, 2,677, 8545, 5.904671013355255, 2.659405637878301,0.2729832477867603, 200 , -6.402503983299941, 200, -6.231563543075365 ,  200, -6.052648726068239 
56, 112,46, 10, 8, 28, 8, 1,3706, 7973, 2.6734690964221954, 1.3999210934312878,0.4891319781541824, 200 , -6.221561088927677, 200, -5.733115508717991 ,  200, -5.246750270508455 
178, 64,32, 15, 16, 44, 10, 16,3161, 1952, 2.4092372357845306, 1.5359508676631966,0.7290735900402069, 200 , -5.754858901148545, 200, -5.653994070100426 ,  200, -5.526769100637572 
254, 245,2, 8, 3, 8, 11, 7,2186, 6681, 2.755656749010086, 2.5548909964132984,0.6281878411769867, 200 , -6.783977935335812, 200, -6.6967268376693 ,  200, -6.60716179508936 
274, 90,48, 15, 9, 32, 15, 1,6505, 8253, 1.814281478524208, 1.3525747025961141,0.6232023745775223, 200 , -5.981876649072535, 200, -5.767774009150173 ,  200, -5.7473125569106145 
270, 116,22, 10, 10, 40, 5, 12,8215, 6870, 3.919234335422516, 5.176669938078631,0.3664578631520271, 200 , -11.635715327004915, 200, -11.367631512063996 ,  200, -11.082665910162659 
268, 126,40, 8, 9, 48, 12, 2,7779, 4474, 1.2508997730910778, 1.7486492169784817,0.7627272218465805, 200 , -5.281686934013744, 200, -5.263510240531337 ,  200, -5.215314940518203 
230, 161,29, 15, 15, 47, 18, 10,3457, 4930, 3.3864173889160156, 3.3970876468096,0.6472442656755447, 200 , -6.775057670296447, 200, -6.50583647438104 ,  200, -6.275742513247026 
219, 56,1, 18, 18, 38, 10, 3,4264, 392, 3.2603200376033783, 4.589714163886386,0.4886393010616302, 200 , -7.135501757951737, 200, -7.187343978640451 ,  200, -7.185177135370423 
196, 63,36, 12, 6, 13, 19, 16,2834, 230, 1.6513798981904984, 1.7525770472282223,0.4436428979039192, 200 , -4.223536802033236, 200, -4.253474534723767 ,  200, -4.385553612888779 
118, 239,36, 15, 10, 21, 15, 11,3236, 1044, 1.53460743278265, 2.066805642607741,0.7995466202497482, 200 , -4.10369099458391, 200, -3.791041764605768 ,  200, -3.4115870712342033 
278, 45,36, 15, 7, 48, 3, 1,3048, 7176, 3.9502588510513306, 4.090228914916024,0.8196618020534515, 200 , -7.015642927031945, 200, -6.974575874736548 ,  200, -6.933949633919583 
194, 173,13, 14, 5, 18, 18, 4,5761, 7840, 1.088193342089653, 2.2956566653840964,0.845687410235405, 200 , -8.094661678993546, 200, -8.032249859660947 ,  200, -7.954722982516101 
226, 166,13, 9, 8, 24, 13, 16,4811, 6591, 1.2213368006050587, 4.808378729779532,0.15112869292497635, 200 , -9.86972017416058, 200, -9.543493756765105 ,  200, -9.257832801934297 
169, 282,6, 15, 18, 40, 18, 10,7499, 1480, 4.873397409915924, 1.1995409119997607,0.32013573348522184, 200 , -8.923058869161727, 200, -9.010411985828615 ,  200, -9.06904741582588 
174, 22,38, 3, 11, 46, 19, 2,1608, 6945, 1.3003720566630363, 1.1304773913024917,0.15321059562265874, 200 , -8.119657475016206, 200, -7.899985331514343 ,  200, -7.617389663365572 
241, 66,10, 6, 19, 17, 12, 14,4897, 7254, 3.1347230672836304, 4.734598723714163,0.2448829285800457, 200 , -10.127607219144371, 200, -9.838621255454726 ,  200, -9.530434271351046 
186, 265,26, 9, 14, 13, 5, 2,1448, 8670, 5.325677156448364, 1.5116966046998952,0.3499667704105377, 200 , -6.883511646518787, 200, -6.618465117590988 ,  200, -6.338398578156791 
68, 233,25, 9, 9, 8, 10, 3,9151, 5779, 4.74613493680954, 4.8997133460226685,0.5090620428323746, 200 , -10.822740443226214, 200, -10.541033654063922 ,  200, -10.23958170582272 
67, 247,27, 15, 1, 21, 8, 11,1506, 8208, 3.818533778190613, 2.7761996888452325,0.5154549092054367, 200 , -8.234882970934656, 200, -8.077355867499627 ,  200, -7.922840327193288 
158, 210,16, 5, 18, 18, 6, 3,3254, 147, 3.1316149830818176, 4.914238928837056,0.7862579733133316, 200 , -1.7969011760602438, 200, -1.652198671105759 ,  200, -1.484436188215702 
275, 232,30, 11, 16, 26, 9, 5,5005, 3240, 2.147685721516609, 3.3991170052265187,0.20241535678505898, 200 , -8.468988806842216, 200, -8.095578502974863 ,  200, -7.687189832692425 
113, 111,4, 18, 12, 33, 11, 3,721, 9300, 4.319389224052429, 4.539163082114439,0.7408547013998031, 200 , -9.08867659468347, 200, -9.00119722305592 ,  200, -8.907911975598427 
214, 150,40, 14, 9, 42, 16, 3,1733, 860, 3.8990283608436584, 2.7544056585828964,0.3792111188173294, 200 , -0.683974840444545, 200, -1.3019377389549691 ,  200, -1.9258601402640048 
280, 276,42, 10, 4, 43, 13, 12,244, 9782, 3.728922963142395, 5.521439848285372,0.5615611433982849, 200 , -8.894779757963311, 200, -8.791471869045514 ,  200, -8.683601503408937 
249, 62,14, 12, 5, 36, 8, 14,7000, 5943, 2.0523616522550583, 4.614381172797986,0.5420860707759857, 200 , -10.404457971031619, 200, -10.050910885214233 ,  200, -9.669347041680865 
71, 17,48, 8, 13, 43, 13, 11,5826, 8969, 5.054083526134491, 2.75631290453022,0.649421951174736, 200 , -8.630284389295177, 200, -8.298494056744545 ,  200, -7.938947746784107 
199, 39,44, 11, 12, 38, 12, 13,3127, 1402, 3.115687280893326, 4.0088329774631,0.5558314979076385, 200 , -3.3966686964436876, 200, -3.054213452748031 ,  200, -2.8925713826925787 
269, 123,37, 14, 4, 48, 12, 3,143, 7900, 2.700809597969055, 1.4684913783695386,0.6727058053016662, 200 , -6.816577129925322, 200, -6.632729108438099 ,  200, -6.423682310433839 
113, 133,15, 18, 12, 42, 8, 17,5342, 5818, 1.450993962585926, 4.366907635841649,0.8489133924245834, 200 , -8.10112415674924, 200, -8.072557021238717 ,  200, -8.032600992244403 
191, 67,25, 9, 12, 43, 9, 5,8552, 3143, 2.5803836286067963, 1.9591621954194052,0.2481783799827099, 200 , -7.81708333367737, 200, -7.231001915727736 ,  200, -6.48917633355676 
255, 28,47, 15, 9, 15, 8, 5,5339, 7847, 3.3271088302135468, 5.540426161907135,0.14807203635573388, 200 , -13.33219247450732, 200, -13.057192391568115 ,  200, -12.764863287020042 
293, 54,17, 15, 3, 33, 3, 4,8065, 6803, 1.9267741441726685, 1.5722582259849562,0.3314200326800346, 200 , -10.861238157326433, 200, -10.433913224135148 ,  200, -9.947929132815846 
172, 276,17, 11, 1, 16, 14, 1,4548, 2074, 3.054360955953598, 4.144881351367486,0.15126639641821385, 200 , -9.510912597746797, 200, -9.044499031217216 ,  200, -8.493813852760631 
192, 262,16, 18, 11, 32, 8, 15,5178, 6653, 5.40161794424057, 3.209697215587933,0.5803694635629654, 200 , -9.478831957518016, 200, -9.163995576830596 ,  200, -8.824650285116926 
214, 107,49, 19, 7, 49, 14, 7,169, 9245, 2.4968612790107727, 3.6247379211393835,0.6717601031064987, 200 , -9.091700321249515, 200, -8.991213248092265 ,  200, -8.88426373823874 
206, 196,37, 9, 10, 40, 15, 4,142, 6919, 5.15647029876709, 4.508865847199721,0.41884341686964033, 200 , -8.695559797965497, 200, -8.556296351304793 ,  200, -8.409796649900134 
166, 180,43, 4, 3, 39, 12, 11,1639, 406, 4.4555551409721375, 2.477380758957837,0.4031005710363388, 200 , -2.2264466773475875, 200, -2.3868836466255634 ,  200, -2.5280577100715167 
91, 148,7, 19, 6, 38, 12, 15,6403, 8969, 1.6520090252161026, 5.317210948661306,0.27063623666763303, 200 , -12.693192671223564, 200, -12.3646324334615 ,  200, -12.010927447249049 
185, 182,32, 10, 18, 20, 4, 16,1277, 8472, 4.3735838532447815, 2.5385675177728153,0.39109075665473936, 200 , -7.243014064031877, 200, -7.066122480010082 ,  200, -6.888467767855977 
194, 13,9, 8, 13, 6, 18, 4,9409, 3735, 5.192607402801514, 1.4021667591503455,0.4548397347331047, 200 , -6.563934851081831, 200, -7.423530861256166 ,  200, -8.08155847846546 
109, 56,25, 13, 14, 41, 16, 7,6309, 4153, 2.0242633521556854, 2.493431007321934,0.3053481340408325, 200 , -8.602970736711566, 200, -8.165907025487591 ,  200, -7.666932086704222 
118, 207,12, 9, 11, 33, 6, 5,9584, 2560, 5.802636206150055, 1.9869687420291018,0.21535321548581124, 200 , -7.736904313561026, 200, -6.958521245999953 ,  200, -5.8810017776460235 
196, 214,19, 16, 4, 35, 19, 5,4043, 8573, 3.0973101258277893, 3.5438046188147356,0.20252642259001732, 200 , -11.877543259445124, 200, -11.582517799273903 ,  200, -11.26899864761331 
74, 48,27, 19, 5, 49, 6, 13,6466, 2955, 3.3893508315086365, 5.381397729502467,0.20830259323120118, 200 , -12.323436412870453, 200, -12.016822348113864 ,  200, -11.686123781947517 
204, 83,42, 18, 14, 23, 15, 8,5679, 6282, 1.8470454066991806, 1.4483163535161405,0.40375847220420835, 200 , -7.360035157560282, 200, -6.798473125875828 ,  200, -6.161433199056204 
203, 208,39, 16, 14, 37, 15, 9,6888, 6399, 2.476471573114395, 1.017596817475472,0.7088993102312088, 200 , -6.504507412161936, 200, -6.611810432454275 ,  200, -6.684861310016548 
112, 271,47, 14, 9, 16, 6, 12,1579, 9819, 4.921611905097961, 1.5393004402592632,0.31777226030826566, 200 , -7.992576560641039, 200, -7.744157868487646 ,  200, -7.486751344708858 
248, 221,16, 8, 7, 14, 13, 13,4596, 4054, 3.130088210105896, 5.850633312311113,0.22342309951782227, 200 , -9.670346187157653, 200, -9.369079596092767 ,  200, -9.04651672016081 
104, 259,43, 15, 16, 31, 11, 15,5854, 8834, 5.96071994304657, 4.515517931232254,0.42314467430114744, 200 , -11.324841748551512, 200, -11.06331768343676 ,  200, -10.78620520509366 
139, 261,35, 9, 8, 15, 12, 7,8745, 1042, 4.075368702411652, 4.541776753049172,0.3882193177938461, 200 , -7.047996934356056, 200, -6.466112607344 ,  200, -5.719645492745376 
207, 92,42, 10, 5, 22, 5, 8,6240, 3051, 4.030688166618347, 3.9976662126960085,0.19835994616150857, 200 , -10.001999962894562, 200, -9.677924610125817 ,  200, -9.3251754948618 
136, 169,40, 19, 17, 36, 12, 7,1031, 4643, 3.87765771150589, 1.3579080227163585,0.5365471750497818, 200 , -5.021541228798999, 200, -4.765534230876723 ,  200, -4.486862767922527 
274, 13,26, 3, 4, 39, 16, 2,5014, 6358, 1.0017106672748923, 1.80951633697756,0.574264308810234, 200 , -5.470799331824119, 200, -5.489398687175124 ,  200, -5.468392232805129 
228, 235,9, 13, 9, 38, 6, 2,8968, 9252, 1.041109612211585, 4.361173280677998,0.4085900917649269, 200 , -9.393297533826116, 200, -8.994769608590143 ,  200, -8.560897901034725 
233, 230,2, 12, 5, 38, 9, 3,8263, 1670, 3.690221071243286, 1.3486384245419154,0.222863557189703, 200 , -10.124712030057546, 200, -10.211930728370067 ,  200, -10.268638462591058 
86, 84,23, 13, 1, 20, 16, 2,6174, 5800, 2.5755268931388855, 2.6443247478832945,0.6228568166494369, 200 , -8.056723306766466, 200, -7.489810649854903 ,  200, -6.865315214624541 
163, 273,42, 4, 10, 7, 8, 10,2538, 7703, 4.193987011909485, 5.3656165056408645,0.12011955017223955, 200 , -11.212777690035681, 200, -10.958325688115698 ,  200, -10.694435553218268 
133, 126,18, 8, 15, 49, 10, 7,1040, 4704, 4.5630083084106445, 5.70308432220851,0.5757601767778396, 200 , -6.071415940357492, 200, -5.939142135273601 ,  200, -5.804225676041836 
59, 132,21, 16, 6, 40, 4, 7,4602, 5562, 3.6481863856315613, 2.175271391105583,0.35035003572702406, 200 , -8.994386139527599, 200, -8.615031054821353 ,  200, -8.192488950371278 
189, 144,42, 17, 17, 37, 14, 1,9948, 2364, 4.811342716217041, 4.438369535358312,0.5226826578378677, 200 , -9.970531695280764, 200, -9.608503646357219 ,  200, -9.205488528089454 
92, 272,3, 17, 9, 12, 16, 7,4933, 1819, 5.802334308624268, 5.220355746589654,0.5846787005662918, 200 , -6.359825215371946, 200, -5.409260145992476 ,  200, -4.096686185942576 
83, 238,11, 18, 1, 9, 17, 1,27, 9141, 5.784312546253204, 4.572933996211751,0.328564016520977, 200 , -12.316987056644153, 200, -12.173280476167005 ,  200, -12.022356466090912 
107, 262,14, 14, 10, 43, 18, 7,2874, 3525, 5.966806769371033, 3.8533388453957667,0.3394410893321037, 200 , -8.83707252143223, 200, -8.516492434455705 ,  200, -8.167960492416235 
145, 182,29, 11, 13, 10, 10, 12,2300, 4475, 4.913045525550842, 3.307875786169153,0.6858254730701446, 200 , -4.735256196476279, 200, -4.520853587935447 ,  200, -4.3369403383174205 
139, 291,6, 18, 19, 40, 10, 5,2402, 1083, 2.450318992137909, 4.419227173022436,0.768212965130806, 200 , -3.626356477725437, 200, -3.4129846528959638 ,  200, -3.1417470401761247 
90, 26,7, 11, 19, 20, 9, 14,1227, 774, 2.511380523443222, 2.4627375595011185,0.24417271316051484, 200 , -4.828903679259447, 200, -5.387868141136495 ,  200, -5.860100509151165 
188, 222,43, 12, 9, 34, 5, 8,7425, 1781, 2.186099648475647, 4.255098442125223,0.14187032487243414, 200 , -9.13742212597995, 200, -8.767101784991524 ,  200, -8.35781507015491 
160, 103,23, 3, 9, 27, 3, 4,2622, 6241, 2.184570863842964, 5.460599123143142,0.32751466929912565, 200 , -4.439072948774955, 200, -4.2483342385249605 ,  200, -4.0832703926347955 
103, 56,27, 13, 10, 39, 3, 1,9951, 4468, 3.1177269518375397, 5.652018685754707,0.789705953001976, 200 , -7.071642687048639, 200, -6.709130530566115 ,  200, -6.353455926444457 
266, 10,6, 8, 2, 17, 14, 16,6725, 4264, 5.049822390079498, 4.649906039635541,0.6026348829269409, 200 , -12.925552442702255, 200, -12.59673103478758 ,  200, -12.23839193435671 
200, 43,14, 15, 4, 42, 9, 11,2637, 6201, 5.171922504901886, 1.6391199877923477,0.198947674036026, 200 , -11.837178135289719, 200, -11.490454732958154 ,  200, -11.110505233811752 
87, 139,1, 12, 14, 36, 6, 15,7641, 846, 4.472685217857361, 1.0470142751921954,0.6140107125043869, 200 , -10.1937351936346, 200, -10.133080975675268 ,  200, -10.06424975538877 
235, 81,1, 18, 10, 49, 16, 1,5634, 2030, 2.6115131974220276, 1.0309655813328888,0.37991481870412824, 200 , -10.382909240962524, 200, -10.363336014255555 ,  200, -10.321837477425508 
230, 284,4, 6, 7, 23, 5, 10,5208, 9442, 5.653713405132294, 2.603164144028556,0.5393819123506546, 200 , -8.527082366230703, 200, -8.22595768144817 ,  200, -7.902290057507567 
202, 253,15, 3, 8, 32, 16, 1,3342, 11, 2.690945029258728, 4.832544526464385,0.6980718582868576, 200 , -3.226539845699146, 200, -2.948617320144057 ,  200, -2.638627884060813 
121, 181,14, 13, 12, 49, 5, 4,6601, 7958, 2.456841379404068, 3.544504227547903,0.6613729804754257, 200 , -7.488986919792322, 200, -7.12459202344979 ,  200, -6.7458904340336945 
142, 286,13, 10, 2, 30, 17, 4,3180, 4831, 4.053663969039917, 3.5976254722487875,0.8358240783214569, 200 , -5.850205256098087, 200, -5.818344291748238 ,  200, -5.773006913642158 
243, 28,24, 10, 18, 33, 18, 11,7437, 7906, 3.7284908294677734, 1.4098275037838692,0.24953934401273728, 200 , -11.439707664836776, 200, -11.093150890011453 ,  200, -10.711734304582004 
297, 21,34, 8, 10, 19, 6, 5,1636, 1924, 3.1296314895153046, 3.9398168079788034,0.3072172537446022, 200 , -4.967818967449641, 200, -4.472273534241062 ,  200, -3.86212241605843 
297, 198,15, 17, 5, 28, 9, 11,4541, 2383, 3.2036094963550568, 4.509320360833583,0.4823188096284866, 200 , -8.059901463602348, 200, -7.6402500982355654 ,  200, -7.168069843826462 
192, 105,17, 6, 19, 16, 19, 16,3817, 7683, 1.89903324842453, 4.571054740414822,0.15836419761180878, 200 , -10.409309057470356, 200, -10.098066726814444 ,  200, -9.785127535665326 
266, 258,7, 14, 7, 47, 13, 1,9913, 6674, 5.959486126899719, 3.74890947962212,0.1218080789782107, 200 , -14.509041761797334, 200, -14.245344086800339 ,  200, -13.965257791962719 
205, 110,36, 16, 18, 20, 13, 15,2171, 3909, 2.8403494358062744, 1.4986670809214049,0.6308795273303985, 200 , -4.719790872349131, 200, -4.652041084945788 ,  200, -4.5556079237790135 
109, 17,21, 15, 18, 22, 18, 5,7532, 4428, 1.9730906039476395, 3.9590012280536144,0.6283734947443008, 200 , -7.8908352719543915, 200, -7.368467224754503 ,  200, -6.796828645803634 
168, 171,5, 6, 19, 33, 9, 15,2343, 120, 4.28224241733551, 3.7027208005644536,0.3307770177721977, 200 , -2.574069589400462, 200, -2.840565747827224 ,  200, -3.0346937781697183 
246, 223,19, 8, 9, 36, 11, 8,2330, 8556, 3.3714299499988556, 3.3302407864941928,0.6973383635282516, 200 , -5.934464426486115, 200, -5.855368257368281 ,  200, -5.786358614826647 
72, 32,34, 5, 5, 12, 19, 7,4754, 5017, 4.112591207027435, 3.6217663243436524,0.8258464843034744, 200 , -5.84093576096583, 200, -5.829258170832089 ,  200, -5.825943669284489 
172, 272,38, 15, 7, 48, 14, 11,2821, 4667, 5.767772853374481, 1.025820048110569,0.7325647085905075, 200 , -6.0584183082607606, 200, -6.091559934550774 ,  200, -6.105687835819981 
249, 18,37, 4, 11, 34, 5, 5,6610, 4821, 5.710366427898407, 4.3221599419358805,0.6924962162971496, 200 , -5.634397217315782, 200, -5.283248859015063 ,  200, -4.900593253269619 
170, 196,1, 6, 5, 23, 9, 2,1800, 3762, 4.682601749897003, 2.1429682195837323,0.7444877982139587, 200 , -3.865105940649575, 200, -3.798969738514003 ,  200, -3.704798594048123 
82, 90,32, 14, 12, 41, 16, 14,3106, 9136, 2.0081860423088074, 5.310925492090932,0.40973941832780836, 200 , -8.92653931260286, 200, -8.72879102725091 ,  200, -8.566920153801004 
210, 125,17, 4, 18, 46, 19, 15,5357, 3327, 4.9304739236831665, 5.161105674139253,0.6615645349025726, 200 , -7.161609576596258, 200, -6.8072901385446345 ,  200, -6.424173006687008 
285, 99,36, 17, 10, 9, 3, 15,5519, 7110, 2.137697473168373, 5.266967613517011,0.39177016019821165, 200 , -9.972023058689912, 200, -9.646956013276089 ,  200, -9.299079695611262 
158, 98,25, 15, 16, 22, 6, 6,3319, 6034, 5.852299690246582, 5.715339077173823,0.2150892861187458, 200 , -11.191060756295316, 200, -10.930205018990515 ,  200, -10.654853147408806 
122, 128,6, 14, 16, 6, 18, 8,9145, 8553, 4.43666672706604, 4.090991755284279,0.2860060095787048, 200 , -13.592733790589081, 200, -13.329290384663558 ,  200, -13.049619297044561 
143, 129,28, 5, 14, 49, 17, 13,5402, 1100, 2.8750345706939697, 3.3867533352200345,0.25742405503988264, 200 , -6.004581472490936, 200, -5.325047661973718 ,  200, -4.414535825660495 
116, 111,19, 10, 10, 33, 15, 3,6480, 1993, 3.0029552280902863, 5.023073625224033,0.4165256306529045, 200 , -7.533166036763145, 200, -7.059014992131458 ,  200, -6.491308421151835 
272, 264,49, 8, 19, 18, 8, 9,8084, 8827, 2.4219458401203156, 4.174760329319836,0.8459011375904083, 200 , -6.602485361069367, 200, -6.5194760842814805 ,  200, -6.465692691026053 
176, 200,48, 10, 8, 10, 13, 6,6983, 341, 4.71460497379303, 4.5557019253836035,0.5538875222206116, 200 , -4.74966078229673, 200, -5.146405725091996 ,  200, -5.42042644349563 
255, 78,24, 3, 17, 47, 12, 9,3538, 2516, 1.434069074690342, 4.662960761800719,0.22492796406149865, 200 , -5.465791352117067, 200, -5.243537588799236 ,  200, -5.070259342777561 
212, 92,27, 10, 3, 49, 8, 4,4729, 4222, 4.509883594975648, 1.690054752951621,0.21989420969778853, 200 , -9.014316097033042, 200, -8.524100758637001 ,  200, -7.938025354648578 
221, 93,23, 13, 14, 45, 15, 8,465, 4785, 3.582123209653396, 2.4561857778458127,0.20049851364071555, 200 , -8.87626774488745, 200, -8.698962012021486 ,  200, -8.50486089338581 
233, 142,36, 8, 5, 26, 17, 1,3444, 6562, 3.89847269106426, 2.1335334877994723,0.2750686747982731, 200 , -9.939951835199304, 200, -9.597165638553681 ,  200, -9.223963320771475 
176, 147,5, 14, 2, 34, 18, 4,3966, 1865, 1.2057528800799073, 3.5114355173139034,0.4467674918373816, 200 , -4.55306693560742, 200, -4.401424417654501 ,  200, -4.110626428019175 
182, 129,33, 9, 17, 49, 14, 3,1441, 2594, 3.864579437895955, 1.322522000077993,0.21383668591464197, 200 , -0.9659101142793669, 200, -2.0342752318224218 ,  200, -3.325331760611934 
219, 81,11, 12, 12, 35, 11, 2,117, 3969, 1.7264086709019502, 1.191239619811399,0.39970843189617766, 200 , -1.6333018374955042, 188, -0.31668991925679396 ,  172, -0.29644624989836676 
296, 27,12, 10, 16, 34, 17, 6,1257, 6098, 1.146438226128705, 3.519016552626734,0.17388516986772307, 200 , -11.0580901580189, 200, -10.985089256522976 ,  200, -10.90163065559088 
208, 62,34, 9, 10, 34, 8, 3,2185, 5275, 2.414445030709212, 2.2448068013338824,0.1354832073205017, 200 , -8.02182411429606, 200, -7.761976835429864 ,  200, -7.503272049819749 
210, 90,23, 16, 14, 37, 14, 5,901, 6313, 4.398658080150462, 1.2279849145445623,0.4421649088412639, 200 , -6.02808240036441, 200, -5.677356592504375 ,  200, -5.257044459591811 
274, 142,12, 13, 13, 33, 11, 4,3876, 2101, 4.506658131504384, 1.3582898103936514,0.4391154813425383, 200 , -5.913651769435479, 200, -6.071607134651106 ,  200, -6.1779789306319435 
260, 154,5, 16, 5, 49, 19, 1,3827, 5007, 3.9491818264965315, 2.148096749916288,0.564506512245295, 200 , -7.125991326491946, 200, -6.421775004656072 ,  200, -5.629437010125407 
214, 82,27, 14, 17, 38, 17, 4,5755, 1961, 4.392378202168178, 2.218285734779034,0.38794543732333, 200 , -4.5177306387555864, 200, -3.1495738060807734 ,  200, -3.6241952634416834 
295, 175,29, 9, 6, 35, 15, 2,1117, 5306, 4.295489779630092, 2.4396178312660064,0.15794191483363967, 200 , -8.867493022661364, 200, -8.647569751032837 ,  200, -8.414894362960057 
255, 125,25, 13, 15, 46, 19, 4,4432, 2485, 1.3306798289512876, 3.444092709442055,0.2985944480400109, 200 , -6.272060677910051, 200, -5.863705312216453 ,  200, -5.522738522314027 
175, 105,26, 12, 11, 28, 10, 6,1730, 1881, 3.0626005499263016, 2.867862100308277,0.5383157500919339, 200 , -1.7443189558788137, 200, -1.4759123848909923 ,  200, -1.2003859716521394 
240, 91,16, 13, 6, 47, 17, 8,2215, 5083, 1.1846138199964464, 1.667395061636367,0.10759328461834561, 200 , -9.881461170693235, 200, -9.757005911746235 ,  200, -9.599524478347067 
256, 10,23, 10, 16, 29, 16, 3,3382, 2662, 2.897924747238271, 1.7487628019213597,0.3214907748834348, 200 , -1.138057467407369, 200, -1.5314270561701455 ,  200, -2.833085298364097 
177, 50,8, 17, 6, 27, 12, 3,5709, 1608, 3.770675087895455, 3.695917057757438,0.39957261391317966, 200 , -6.455742989277781, 200, -4.375311950195029 ,  200, -2.0426546225971896 
180, 111,24, 14, 8, 33, 17, 6,3745, 2458, 3.457568327769213, 2.031038826595582,0.3457503768902416, 200 , -4.239105601652162, 200, -2.461754317714423 ,  200, -1.3917165224989052 
241, 35,17, 9, 14, 42, 12, 5,5379, 3508, 1.7601038961233062, 2.615974027150155,0.1618045301954907, 200 , -8.940647864427456, 200, -8.498991896506116 ,  200, -8.003312240528313 
213, 38,38, 4, 15, 31, 18, 1,3213, 276, 3.937718269360193, 1.372383293994862,0.4947194153989053, 200 , -7.489218514925384, 200, -7.389403918714764 ,  200, -7.280444809797147 
280, 56,26, 5, 4, 49, 9, 1,2594, 2895, 4.256940193655151, 2.775406066542674,0.4303565744372966, 200 , -3.348643350543885, 200, -2.419213399749256 ,  200, -1.3721929288154888 
279, 13,29, 16, 8, 43, 8, 1,3896, 3075, 1.7390473431332962, 1.862878448454813,0.3427735506956959, 200 , -2.621344087907129, 200, -1.9461619943159072 ,  200, -1.8298255753100248 
294, 165,25, 15, 9, 32, 18, 3,5430, 663, 1.3937014857877732, 2.926369193926081,0.3465309704525511, 200 , -3.007662901622608, 200, -3.2629811534765527 ,  200, -3.340494618006586 
284, 86,6, 5, 7, 45, 14, 6,5350, 4745, 2.235122915040307, 3.311984618369667,0.34731565179645996, 200 , -8.111008970479478, 200, -7.741279446234348 ,  200, -7.336549479234728 
200, 58,17, 14, 6, 47, 13, 1,705, 4167, 3.846864838617375, 2.016645212652598,0.12933558861500155, 200 , -9.08092171731267, 200, -8.792367501972361 ,  200, -8.452873823568781 
227, 15,22, 11, 7, 24, 11, 2,1498, 2059, 1.8907356582294836, 3.612395998657759,0.5330560993845123, 200 , -4.406206765482158, 200, -3.901105226917725 ,  200, -3.23907514143684 
296, 142,1, 8, 14, 47, 11, 7,4347, 2219, 1.881068060562372, 2.7058457024811524,0.19666991754580135, 200 , -8.148514785772623, 200, -7.5778064105406475 ,  200, -6.886523928626935 
182, 167,19, 15, 12, 49, 19, 9,4067, 3597, 2.757601357598281, 2.736098943438273,0.5270324365387337, 200 , -6.354417058079597, 200, -5.872708611414784 ,  200, -5.396252365847704 
278, 76,8, 14, 5, 39, 15, 1,3368, 1621, 4.343338924018287, 2.2385958501399337,0.5466811072630579, 200 , -5.748526999185452, 200, -5.919670432547446 ,  200, -6.02379195533289 
192, 175,8, 6, 3, 32, 16, 5,1411, 559, 1.1150622789906544, 1.137580590075633,0.45508894853710413, 200 , -5.317214840621644, 200, -5.564465184071755 ,  200, -5.7986132028091895 
271, 82,12, 10, 16, 27, 8, 8,4329, 5587, 3.1461215945253365, 3.1470860808722976,0.41963003401024435, 200 , -8.420019665904027, 200, -8.073802172968684 ,  200, -7.699155400657889 
260, 89,35, 14, 4, 49, 8, 4,2692, 4122, 3.6686988872167845, 2.740287015274454,0.14052580618083593, 200 , -10.005272726807531, 200, -9.672668937235139 ,  200, -9.315597709564699 
243, 24,33, 11, 15, 42, 16, 3,2148, 4928, 1.6928182486674102, 2.5769042064762204,0.36567151840919854, 200 , -7.175295429583051, 200, -7.076499148857248 ,  200, -6.9662201350578945 
229, 38,5, 9, 6, 33, 13, 8,3960, 544, 1.295309612794211, 1.4399065132177349,0.14628257575088952, 200 , -8.479505327862, 200, -8.484544555137346 ,  200, -8.559664316693686 
186, 86,25, 4, 15, 33, 8, 9,568, 3059, 2.689788964541634, 1.1476359495562418,0.36914400251626234, 30 , 0.12552590823208584, 71, -0.4581194397530843 ,  190, -1.1583430833159494 
174, 163,33, 17, 6, 37, 11, 3,5506, 366, 2.030492871442, 1.3809029039854281,0.43833229693273623, 200 , -7.059621632691021, 200, -6.945616184338277 ,  200, -6.812293013862791 
269, 76,30, 10, 14, 49, 10, 6,4004, 1540, 4.006746245991906, 3.4067207372591044,0.5669951939850507, 200 , -2.6156709664021376, 200, -2.155841246147499 ,  200, -2.22001359505065 
279, 45,5, 11, 4, 41, 9, 7,5082, 3460, 2.9136737034207165, 3.3170422865853118,0.12930076510582222, 200 , -13.161527214661453, 200, -12.816806527178617 ,  200, -12.440785151658957 
185, 101,23, 16, 10, 36, 17, 3,1354, 4278, 2.7218300611206327, 1.4619547108510251,0.453679556288354, 200 , -4.342283958156983, 200, -3.8565459591640483 ,  200, -3.2619569635282524 
180, 96,13, 18, 7, 37, 18, 7,2135, 6228, 1.372118979090347, 1.4386728053876365,0.48241084591851624, 200 , -7.7029917207097425, 200, -7.570784073091224 ,  200, -7.398158326129194 
177, 145,7, 10, 9, 39, 18, 9,1866, 1552, 3.52648030568076, 2.4840461765847084,0.1254065504005604, 200 , -5.755040625775604, 200, -4.318002197807546 ,  200, -1.8107039961610998 
222, 158,9, 16, 16, 25, 8, 3,4879, 1308, 1.5206995770621052, 2.4971119903192065,0.555042894822081, 200 , -3.4904031887303537, 200, -3.408634429030066 ,  200, -3.223388286679762 
173, 135,12, 17, 4, 45, 19, 7,3524, 7, 1.6197510152832741, 1.5663810633836972,0.38720413828132405, 200 , -6.842824948672132, 200, -6.716450725390214 ,  200, -6.639414412975076 
272, 85,18, 17, 10, 42, 19, 1,977, 3950, 3.48045415436183, 1.142216209341196,0.4488558588523448, 200 , -1.7011207118145149, 200, -1.8030859934204708 ,  200, -2.2550372834534977 
282, 126,27, 6, 13, 45, 18, 6,5002, 1311, 2.3969370882842593, 3.0153073771907946,0.15991241627968852, 200 , -6.883507375130402, 200, -6.20210183867525 ,  200, -5.2944673369082675 
204, 148,3, 8, 8, 33, 16, 6,5282, 6124, 1.9649571990285981, 1.4314241899481546,0.1030612235014152, 200 , -10.431163364453118, 200, -9.98641447867803 ,  200, -9.484112046475223 
276, 29,2, 17, 7, 31, 19, 8,1751, 320, 3.907881476144336, 1.134316015926915,0.4443198606367855, 200 , -10.451454475287958, 200, -10.431498371289324 ,  200, -10.420104843298502 
265, 75,29, 9, 14, 49, 11, 8,1380, 2815, 1.3427300971284617, 1.2569407868953768,0.5277277912185384, 200 , -2.1452460575407994, 200, -1.5204456099966215 ,  200, -1.3131075978115239 
209, 66,2, 5, 13, 32, 16, 8,909, 6996, 4.049182553679053, 3.8068883189541487,0.11167400166027829, 200 , -10.74240865883669, 200, -10.59066693182272 ,  200, -10.435482661295515 
252, 163,16, 3, 9, 24, 3, 12,3675, 3347, 3.9725023010230145, 1.2133591785601585,0.520052922492334, 72 , -1.406419626697789, 82, -1.6169759836427784 ,  89, -1.7670482982838212 
203, 19,41, 6, 10, 47, 13, 4,3637, 6737, 1.2271865741545191, 2.4559749957907675,0.20937114444044422, 200 , -7.513000566751976, 200, -7.393528018444952 ,  200, -7.317292257163259 
126, 58,13, 3, 16, 39, 3, 12,883, 6388, 1.0627451647158854, 2.5478533834301733,0.3616090478682922, 200 , -4.837453213292224, 200, -4.732828808537288 ,  200, -4.6151690350961285 
146, 34,30, 9, 9, 43, 9, 16,1320, 3712, 1.58002221117937, 2.034974452154393,0.5962803958861391, 200 , -6.063957085068484, 200, -5.8670070053451155 ,  200, -5.621096286267103 
210, 93,9, 3, 19, 33, 10, 5,1207, 4116, 2.6714102152268273, 1.3076026459213435,0.1429408863508768, 200 , -3.882553372606702, 200, -3.168627178944139 ,  200, -2.0563128450206793 
159, 85,30, 5, 14, 23, 3, 8,706, 1596, 2.872783403102769, 2.536396954987133,0.22288822528106883, 159 , -0.9432848713277999, 43, 0.023954844642946328 ,  14, 0.8199034281553631 
119, 67,25, 11, 10, 38, 3, 12,1011, 5943, 3.0061324672789453, 1.2846352571680855,0.44755046678562904, 200 , -5.5659229906722425, 200, -5.265709402342941 ,  200, -4.893141305979564 
258, 35,24, 8, 12, 22, 12, 4,2745, 5206, 1.0979932182031664, 2.0075254015800117,0.23707292308326322, 200 , -6.992631139517165, 200, -6.910609124243747 ,  200, -6.799527229419091 
229, 38,17, 9, 9, 41, 6, 8,2936, 5883, 2.3389877561321475, 2.134045861893502,0.316385088759793, 200 , -7.990986840618467, 200, -7.667842045154806 ,  200, -7.349665512077151 
237, 93,35, 10, 15, 32, 9, 9,4267, 3827, 2.9015676531046295, 2.7070317757106057,0.10305367389716978, 200 , -9.849656862621003, 200, -9.49386343276206 ,  200, -9.10560986094312 
119, 146,31, 9, 19, 36, 11, 4,4541, 3260, 2.039350817305288, 2.131857034670829,0.5115704894051533, 200 , -3.209054003779481, 200, -2.8902351553789476 ,  200, -2.813419195293134 
195, 142,29, 10, 12, 40, 14, 12,2891, 4180, 2.8805460015751536, 3.0422398032926914,0.14171099800812517, 200 , -9.207204330288144, 200, -8.887827923286487 ,  200, -8.553221696894935 
233, 20,40, 6, 8, 44, 11, 15,933, 3203, 4.679833238463669, 1.1813291471213536,0.12683548796501784, 200 , -5.164072273167418, 200, -3.7910199070180495 ,  200, -4.202146672343169 
285, 126,21, 3, 15, 47, 11, 11,1526, 5368, 3.3746588387269667, 1.4744887207990955,0.5730434583301356, 200 , -3.2278278052318052, 200, -3.0788332986603644 ,  200, -2.9175598728691536 
188, 24,13, 10, 11, 30, 14, 5,2220, 1981, 1.593523185653042, 2.7519145746151024,0.2988243880166809, 200 , -3.9127628241069186, 200, -3.093847153747178 ,  200, -1.9680329077950791 
126, 10,28, 8, 17, 16, 8, 11,4047, 4212, 2.8255396693015804, 1.607873379893484,0.5702543595633986, 200 , -3.364995337806575, 200, -3.6588841495263553 ,  200, -3.9577867501159094 
172, 188,15, 3, 10, 15, 3, 6,3234, 2473, 3.4868751874506003, 2.0697092674054014,0.3464992443015526, 18 , 0.08647244872549366, 9, 0.7554282471785714 ,  8, 0.8691903882466625 
256, 132,25, 6, 19, 15, 6, 11,4213, 6433, 1.6793898935398568, 2.6711334219462053,0.18648943813510516, 200 , -7.161868479246331, 200, -6.8062187621648285 ,  200, -6.445978239512854 
159, 150,29, 5, 18, 22, 14, 5,3643, 3722, 3.6509557491035487, 2.3990809770996973,0.22736130980902555, 200 , -8.36312717116623, 200, -7.970486904337182 ,  200, -7.531929731644931 
103, 150,32, 10, 15, 46, 11, 1,1328, 3126, 1.8179043648350055, 2.201573338665921,0.4758811046472031, 200 , -5.1038575619596225, 200, -4.829858851901452 ,  200, -4.473977877488181 
297, 177,29, 3, 9, 44, 11, 9,1549, 4642, 4.547387860742701, 2.977562576648352,0.41063294499212455, 200 , -5.285173005023703, 200, -5.047130161415853 ,  200, -4.803514923416153 
149, 165,27, 4, 7, 47, 10, 7,3816, 3045, 2.2362254764399165, 2.498714538704317,0.32357657521770256, 200 , -3.962510745593906, 200, -3.3742571651684954 ,  200, -2.698019640082318 
108, 186,8, 4, 7, 34, 9, 15,2295, 4086, 3.9274948008252704, 1.7277430645611715,0.264977412353819, 200 , -4.541399439405867, 200, -3.9915327397595943 ,  200, -3.317186690862638 
249, 28,34, 9, 9, 48, 4, 13,2099, 5861, 3.705027384994879, 2.1847004621105377,0.2186461860895456, 200 , -9.519129588075396, 200, -9.23338853633139 ,  200, -8.936788029112902 
117, 187,15, 8, 13, 43, 9, 13,1858, 3031, 4.550499849874167, 1.2942216649969136,0.5303587504821762, 200 , -2.584735713125297, 200, -2.813076461071155 ,  200, -2.9993600866717904 
92, 103,25, 8, 9, 19, 12, 6,163, 570, 4.22853631340394, 1.650812040927676,0.20995526687728516, 200 , -6.20398684807348, 200, -6.3368652141564095 ,  200, -6.464492164161476 
262, 193,15, 3, 15, 27, 6, 10,907, 2722, 1.240559069112238, 1.474194299919971,0.3552685016473752, 90 , -0.9493813720184812, 30, -0.09246921120575956 ,  13, 0.5590684109855084 
273, 44,37, 10, 17, 38, 12, 3,1522, 4516, 3.2202417180950436, 2.1311986839832917,0.4602307789840625, 200 , -5.197572974246352, 200, -4.945854792554166 ,  200, -4.671323708835264 
174, 82,35, 11, 18, 34, 11, 11,3540, 6301, 3.2327288219046832, 1.1453137610575015,0.13676190563969554, 200 , -8.611807308398765, 200, -8.14973983739342 ,  200, -7.61698011616296 
213, 69,18, 9, 9, 45, 5, 3,3025, 5706, 1.1817469555719438, 3.0009978385812617,0.3594348487481718, 200 , -7.020705447921138, 200, -7.004274323055126 ,  200, -6.977479021819635 
142, 123,18, 5, 10, 15, 9, 9,3305, 1367, 1.094233484478806, 2.9374886947725787,0.5322673954572169, 112 , -0.46623364142730633, 58, -0.05927892197235792 ,  27, 0.44570406944301644 
149, 150,24, 5, 17, 20, 5, 13,1322, 266, 3.263245009320699, 1.2227129938944785,0.495188295432617, 200 , -2.470718578102613, 200, -2.529593827440754 ,  200, -2.6036637170730543 
131, 87,29, 9, 14, 43, 5, 6,852, 4364, 2.39134284960856, 3.084494319810153,0.3671414485065364, 200 , -6.26587973765438, 200, -6.1312914809398675 ,  200, -5.981524261606533 
108, 161,7, 3, 9, 32, 4, 15,1331, 67, 4.38536934927326, 1.04311375345103,0.4595688272680508, 200 , -2.61690821020227, 200, -2.6169396352733227 ,  200, -2.622200474226274 
275, 148,22, 3, 12, 29, 13, 9,2561, 1185, 3.763542677451671, 1.0760007016588669,0.5387340527581457, 200 , -4.405755682955985, 200, -4.365074409639809 ,  200, -4.315617606771385 
91, 133,44, 6, 10, 17, 6, 3,1010, 3525, 2.0668315507289003, 1.1057335941939774,0.2523384869792227, 61 , -0.0839934957969926, 80, -0.2655399617152532 ,  200, -1.3771553625981512 
230, 175,14, 4, 10, 23, 4, 4,3034, 6286, 2.8521833546238247, 2.8177258336803823,0.46228478669692474, 200 , -3.9588128673082412, 200, -3.6421211913030187 ,  200, -3.3316055561967524 
257, 72,35, 4, 10, 21, 3, 2,1950, 1727, 4.085422421140336, 2.0680245399314208,0.25895069359791645, 12 , 0.7661686656211387, 28, 0.08897626026470046 ,  66, -0.5326066133279632 
99, 62,6, 11, 9, 42, 10, 15,3739, 5008, 3.297866823104645, 1.6241947933413599,0.6473735493927639, 200 , -5.75142957997325, 200, -5.837447096659532 ,  200, -5.948709211962338 
283, 62,20, 8, 16, 21, 4, 7,718, 2079, 4.486894750741083, 2.7126019627254827,0.3573637944131963, 200 , -3.200416731556944, 200, -2.4235162913961075 ,  200, -1.419705520833233 
183, 201,40, 8, 11, 44, 4, 9,3505, 467, 3.3177655194040665, 2.9936778954808405,0.5237934772001862, 200 , -2.4369987375529996, 200, -2.6039639739491385 ,  200, -2.7068202758260207 
96, 100,20, 8, 11, 23, 10, 9,4062, 5764, 2.7642985822656083, 2.2230665748783114,0.4326603017360483, 200 , -6.269868317312602, 200, -5.826785977294666 ,  200, -5.33300192694464 
283, 65,21, 5, 12, 15, 4, 13,3375, 6526, 3.754433676331736, 2.7513108838038196,0.29182338271930053, 200 , -7.164432246450321, 200, -6.8530296513531255 ,  200, -6.520878909465288 
143, 113,15, 3, 8, 32, 14, 13,2850, 435, 3.0444103734531027, 2.5745154981982865,0.11302574800206282, 200 , -5.2153462336914735, 200, -5.357591452377049 ,  200, -5.460878505513876 
85, 180,19, 9, 13, 29, 14, 6,1580, 3838, 4.092873160913893, 2.216640647177805,0.6567600471154037, 200 , -3.68140475591737, 200, -3.5283129962077915 ,  200, -3.3612410843328466 
240, 164,14, 9, 13, 42, 8, 4,3361, 1624, 3.994893007841775, 1.626130226594369,0.3725200055004353, 200 , -4.239974586514075, 200, -4.491983087197907 ,  200, -4.66046508328094 
136, 107,14, 10, 15, 35, 10, 11,3511, 6669, 4.667087498666849, 2.3672150372976,0.22851636687306262, 200 , -9.786438333025794, 200, -9.478925206968894 ,  200, -9.148408323292879 
225, 18,29, 6, 18, 35, 4, 11,1599, 5100, 1.5953199470104131, 2.8461996609277334,0.43252202903608084, 200 , -6.522013508544385, 200, -6.441827453406109 ,  200, -6.347047779316147 
185, 101,25, 9, 11, 40, 9, 13,376, 4464, 4.180926178620913, 1.8411134723267277,0.25680125872484616, 200 , -6.975434879461523, 200, -6.723875787600844 ,  200, -6.434287491377475 
140, 174,34, 10, 8, 36, 11, 6,852, 1299, 3.195630172672075, 2.9800646420845975,0.5220353174305075, 163 , -0.5282101243886771, 89, -0.15876546936898045 ,  54, 0.135585757805173 
72, 194,26, 9, 10, 29, 5, 4,2738, 1531, 3.3023551812707908, 2.2470743300445664,0.2558056549957246, 28 , 0.5050606516990493, 69, -0.1531251443189694 ,  200, -1.0729538611309208 
267, 212,4, 3, 14, 6, 8, 8,3768, 2901, 3.0633063426553733, 1.7105922726354912,0.2909290418052254, 196 , -0.7617796442659001, 49, 0.11751498166470126 ,  96, -0.361722428182974 
57, 113,23, 9, 12, 30, 4, 12,6701, 3312, 2.1793471684991843, 2.210364084230852,0.20969846536511627, 200 , -7.36590294658758, 200, -6.872269775723208 ,  200, -6.2886294171539445 
200, 100,23, 8, 15, 4, 4, 12,7000, 5922, 3.235039125972939, 2.9626175132268022,0.3198751480581606, 200 , -8.782763734934079, 200, -8.467958419086356 ,  200, -8.127072463460825 
138, 194,18, 3, 3, 16, 6, 4,3735, 6041, 3.0895229688226706, 2.5583954162940663,0.6339739634134965, 200 , -3.2170502834443115, 200, -2.8602270741971045 ,  200, -2.5798649358902708 
152, 241,24, 5, 9, 30, 9, 1,4536, 5907, 4.917376886898233, 1.5859698012538879,0.5184294125522129, 200 , -6.698785886838621, 200, -6.123471893555711 ,  200, -5.422227401341292 
157, 283,2, 4, 8, 5, 5, 12,6400, 2564, 4.956723343425942, 1.9024367057032912,0.3984633791324548, 200 , -1.3247849534383258, 200, -2.2772268545486547 ,  200, -3.1118431176099777 
270, 262,34, 8, 11, 32, 9, 12,478, 4519, 2.712075602108193, 2.05312415329848,0.6352595246875247, 200 , -4.898026871911653, 200, -4.723154567335818 ,  200, -4.523426084739803 
237, 168,7, 6, 11, 32, 3, 5,2328, 2773, 4.160714994960976, 1.6535700054615516,0.5125572842283309, 200 , -1.1534001441347772, 200, -1.47734132619678 ,  200, -1.7533332158125505 
209, 111,34, 6, 7, 10, 5, 7,4721, 5217, 5.119300018840981, 1.4194901223028513,0.3985295041359078, 200 , -5.197192874609033, 200, -4.557663104326583 ,  200, -3.723119790471413 
216, 264,30, 3, 5, 5, 3, 9,6157, 2715, 2.454884063297463, 2.813836876340271,0.5715817978401279, 44 , -0.6396432825807917, 28, -0.24025929477559058 ,  25, -0.1653236931068619 
59, 237,20, 5, 3, 26, 4, 8,4466, 4628, 4.8624836316644675, 1.3810037742101673,0.10304816314408785, 200 , -7.191432092548373, 200, -6.632607508862957 ,  200, -5.937941941574964 
234, 211,1, 4, 15, 8, 6, 4,5227, 2447, 2.97705126910801, 1.456043609485405,0.3571533630590036, 200 , -3.7863429136195705, 200, -4.078565651046564 ,  200, -4.26647150530112 
283, 182,8, 3, 4, 1, 6, 13,2135, 3588, 4.007694136196328, 2.213795117614602,0.10221156631487918, 200 , -6.985828971772163, 200, -6.548071015558596 ,  200, -6.0378382972615405 
136, 250,29, 6, 4, 21, 10, 2,4434, 5914, 4.196956764751626, 2.4240744480429344,0.4834958989669129, 200 , -7.238927216043818, 200, -6.844607959147215 ,  200, -6.400662169592478 
169, 201,18, 4, 9, 24, 5, 8,3669, 5908, 3.7043067327081687, 3.548511107921158,0.11148566472385389, 200 , -8.42018251232103, 200, -8.126141451012 ,  200, -7.813062269129249 
122, 102,9, 5, 3, 33, 5, 1,3451, 2261, 4.887305866771889, 3.640231603065147,0.5099548907426812, 200 , -2.3650908705432365, 200, -1.1306852656611082 ,  121, -0.2312037552510689 
77, 215,23, 6, 4, 26, 8, 12,4234, 3877, 1.511945940399123, 3.9446833037899287,0.27368118157573024, 200 , -5.785865973760565, 200, -5.411038075934062 ,  200, -5.058978398063144 
166, 278,32, 6, 13, 7, 8, 8,5010, 6465, 2.515161644512368, 2.361924568077671,0.5575567171816345, 200 , -6.555262450943057, 200, -6.142147843104199 ,  200, -5.712663969343437 
263, 118,1, 4, 13, 30, 9, 8,5740, 1665, 4.86901129394169, 1.3856285655095053,0.46595629066183797, 200 , -6.122836475420578, 200, -6.19012869467309 ,  200, -6.231041429112651 
256, 250,3, 8, 3, 19, 9, 1,6462, 2598, 3.2952916732370383, 2.3576264449325306,0.45962057068813167, 200 , -2.760321975086486, 200, -1.8307123314156197 ,  200, -2.739168652185603 
201, 81,12, 5, 17, 10, 8, 8,7018, 4222, 3.3605485072671897, 2.264214859448881,0.6179704096221313, 200 , -3.87135694784759, 200, -3.095279512059424 ,  200, -2.4546212968091927 
275, 151,3, 4, 11, 10, 5, 9,2394, 1370, 3.5502909532129294, 1.534604155791428,0.4525363026457797, 200 , -2.6374976906096905, 200, -2.650285708699615 ,  200, -2.6502334613719594 
201, 76,29, 5, 6, 32, 6, 4,5835, 3605, 4.001169811779214, 2.144811897003919,0.4908996191811189, 200 , -4.153062396788684, 200, -3.3649358555970803 ,  200, -2.3390578677959386 
95, 235,31, 3, 6, 27, 9, 10,2684, 1166, 5.310058008724404, 2.69615620043761,0.1311749606527304, 200 , -2.256414001997371, 200, -1.1432664381678912 ,  200, -2.4679531246200535 
160, 283,1, 9, 9, 24, 9, 3,1776, 1500, 3.642479788356973, 3.6135082588975793,0.23416495280346228, 200 , -2.763578758137624, 200, -0.8344083034360968 ,  56, 0.4745762171311532 
181, 105,22, 8, 15, 4, 8, 5,5649, 3183, 5.144176136547281, 1.688734804204242,0.41448540232133624, 200 , -4.337181690192905, 200, -2.9715216697352496 ,  200, -3.2476007686031796 
282, 84,15, 8, 16, 5, 10, 5,4279, 2181, 2.631366144710732, 2.138329948189423,0.19687611871339483, 200 , -3.3389129684700505, 200, -0.9420860280000135 ,  135, -0.39864791471346545 
62, 248,29, 3, 6, 27, 5, 2,6494, 745, 2.9239512792169577, 2.732745046365973,0.24493893903417965, 200 , -4.0745844559863995, 200, -4.290308554379846 ,  200, -4.433317784269527 
134, 144,30, 8, 5, 9, 5, 11,3251, 4888, 2.364165197902871, 2.0168579730789613,0.6042722405570639, 200 , -3.2102478295782277, 200, -3.160921506112867 ,  200, -3.120312212521111 
226, 263,12, 8, 4, 33, 8, 4,2800, 1067, 2.789185892635537, 1.1614173174545335,0.5588092485278294, 200 , -4.571453220661322, 200, -4.465064516159236 ,  200, -4.352734615836679 
189, 152,14, 4, 7, 34, 3, 7,6748, 2723, 5.069109331661416, 2.3614386025984024,0.1853801321370931, 200 , -6.327624590039381, 200, -5.848681785686634 ,  200, -5.279446997274109 
235, 147,8, 8, 6, 24, 8, 4,1525, 2146, 2.6265392413675315, 2.413140499212792,0.23077633139806134, 200 , -2.6145169577239895, 200, -1.2543563424465796 ,  93, 0.016443232734631223 
81, 291,29, 3, 9, 24, 9, 9,4284, 6098, 4.888875614696694, 1.5630728863287668,0.22293373497559257, 200 , -8.354551794347394, 200, -7.980715672182347 ,  200, -7.563801228150793 
156, 265,16, 4, 18, 15, 8, 10,3694, 1751, 1.5120066924333102, 3.208963770709395,0.48500214836822886, 200 , -1.8983047562499717, 200, -1.8408470230767229 ,  200, -1.743550607558604 
165, 209,16, 8, 6, 13, 9, 8,113, 2030, 5.238230597072793, 2.9283534705287044,0.43746869453136816, 200 , -2.225783392909946, 200, -1.2920233152912644 ,  126, -0.3607657753458218 
113, 117,9, 3, 7, 23, 6, 11,6804, 1843, 3.0665685048639304, 2.9462659458505764,0.41607109944847576, 200 , -1.4102308989687986, 58, -0.3424046321542419 ,  36, 0.008729502932157117 
63, 224,23, 3, 14, 7, 6, 2,1569, 2731, 5.4252296796381, 2.05170120392639,0.5780619504568443, 200 , -2.076711112965353, 200, -2.068285675522412 ,  200, -2.140368637888252 
72, 162,9, 4, 10, 9, 6, 5,197, 315, 3.3509520402490622, 2.536055275824297,0.4581712278784573, 200 , -2.5838852101439245, 200, -2.7605740602157356 ,  200, -2.9334065904417317 
185, 174,1, 6, 15, 12, 3, 3,2392, 3997, 5.0331190934717185, 3.3349700818542054,0.5094550769234777, 200 , -5.556665440592866, 200, -5.102125272362401 ,  200, -4.57170376398688 
121, 136,9, 6, 16, 9, 5, 1,6619, 1483, 3.418506037288857, 3.6081426950122086,0.5057007402742254, 155 , -0.49326621824997563, 200, -0.9115041564146821 ,  200, -1.732940584858709 
235, 152,18, 8, 6, 9, 9, 10,467, 1800, 1.7237772157728202, 1.360867265796474,0.39192048919719125, 200 , -2.74738638484879, 200, -3.421989175041923 ,  200, -3.961381260155205 
246, 88,17, 8, 18, 32, 5, 5,2384, 4221, 4.019385944896889, 2.841285692317063,0.2296949840047711, 200 , -7.285200136135039, 200, -6.962961061550555 ,  200, -6.6183864189560095 
100, 226,33, 3, 5, 5, 9, 1,2611, 4538, 4.263674389415932, 3.346895447833977,0.5945581843847746, 200 , -7.16638223371804, 200, -6.779612460616465 ,  200, -6.392403799149389 
110, 281,6, 5, 7, 10, 3, 7,2401, 5116, 3.678632628017617, 3.39347476330263,0.49873484576022253, 200 , -4.322981514038552, 200, -4.0180894112537535 ,  200, -3.7104023278504625 
285, 241,11, 5, 16, 22, 3, 5,3352, 6470, 2.5327942481576926, 2.0869382753966077,0.1811436367188204, 200 , -6.297577595096015, 200, -5.9545162812034915 ,  200, -5.592635217871344 
57, 111,7, 6, 16, 22, 4, 6,3253, 1976, 4.796501051479532, 1.8977189433161694,0.17100561503793849, 200 , -2.1460095495156915, 200, -3.47918805474964 ,  200, -4.1854254252834435 
151, 179,15, 4, 13, 9, 4, 4,5137, 4258, 3.702603708797646, 1.3253633044041502,0.47548817786478503, 147 , -0.9986165032442602, 165, -1.0979594346913106 ,  200, -1.5965820245735998 
216, 221,20, 4, 13, 16, 4, 6,4085, 4108, 4.170947324329568, 1.7529996297634947,0.254906062214608, 200 , -4.819853759004928, 200, -4.33654657782868 ,  200, -3.764858803081049 
184, 236,12, 6, 14, 11, 6, 4,3123, 1320, 3.639844786220742, 1.979136373785864,0.43613520058893673, 200 , -2.6779464488264226, 200, -2.846005916217746 ,  200, -2.952400720725378 
160, 145,17, 5, 7, 8, 5, 6,2837, 2709, 2.972188215547753, 1.1244150213278639,0.43195884022020803, 200 , -2.3945394925002357, 200, -2.4866355366147714 ,  200, -2.5388852571202674 
163, 221,14, 3, 12, 16, 6, 3,3015, 2462, 2.661458220177842, 1.544189240721594,0.46256420406603327, 200 , -1.2559616558399385, 200, -1.4513406902109873 ,  200, -1.5780116319036568 
121, 142,15, 3, 8, 18, 5, 3,3245, 3957, 3.5275547614633567, 2.4027549884594785,0.27076764497065053, 200 , -4.853714521801337, 200, -4.403638973183944 ,  200, -3.881955862393054 
149, 162,21, 5, 13, 21, 6, 7,2179, 961, 3.4741293898164756, 2.774402227190863,0.30154195222162705, 15 , 0.608898982497656, 36, -0.0008808216858218236 ,  78, -0.5253779983897207 
189, 182,23, 6, 13, 13, 3, 7,2896, 4308, 3.4620556345521933, 2.657190050867926,0.4053078213622521, 200 , -4.441660498321169, 200, -4.06026064560289 ,  200, -3.649203560499498 
213, 225,18, 6, 7, 22, 4, 6,2634, 3170, 3.536883007579995, 2.7228284738339292,0.34927853140139087, 200 , -4.154428568258035, 200, -3.6837583810564993 ,  200, -3.1355245945223644 
119, 167,8, 3, 8, 20, 6, 7,4840, 3047, 4.405916701847268, 1.0993149279929506,0.32664869817995534, 200 , -3.755251520597854, 200, -4.037467301849016 ,  200, -4.231234917375597 
146, 207,9, 5, 13, 16, 3, 8,4748, 1950, 4.20795513301487, 2.2411520145214903,0.30067750307821733, 200 , -1.0805572211579109, 73, -0.29556350984080426 ,  182, -1.0078845222556718 
136, 225,18, 3, 10, 15, 3, 9,1289, 1473, 2.7340832015811927, 2.6164496801174986,0.3270846376111458, 5 , 1.1637152430796263, 4, 1.3544038667484857 ,  4, 1.403127986927189 
175, 219,23, 4, 9, 24, 4, 3,3480, 2238, 3.4060444942056662, 1.7194859645642149,0.33264076205992205, 25 , 0.10796299918880013, 62, -0.5872560196375778 ,  122, -1.1277638783924295 
204, 245,12, 6, 7, 8, 5, 7,2914, 1348, 3.8408674111902243, 2.010133173254858,0.4306663373401116, 200 , -2.474252482917747, 200, -2.623966472064715 ,  200, -2.7193664630583188 
203, 196,12, 5, 12, 9, 3, 2,4997, 2873, 4.392853747898293, 2.3059194944180357,0.40848428997301567, 200 , -3.2634639325456707, 200, -2.3738332132276567 ,  200, -1.2238748292056283 
147, 242,14, 5, 12, 21, 6, 7,1837, 2402, 3.5522713771402366, 2.3461963794506895,0.474199036686654, 81 , -0.5057247239616082, 54, -0.23744897064588716 ,  41, -0.04372454899284517 
143, 227,22, 5, 7, 6, 5, 3,4837, 2569, 2.967541705661965, 1.215000729946028,0.2675058910539101, 200 , -4.313853401509594, 200, -4.6210914414719415 ,  200, -4.819698960381881 
193, 233,10, 3, 10, 14, 6, 5,4343, 1189, 3.148956309848977, 1.889702882555853,0.42605771216654287, 200 , -3.3030517449402566, 200, -3.3477900372763636 ,  200, -3.356920821173196 
128, 212,22, 3, 7, 15, 4, 2,1309, 2429, 4.033117543750954, 1.3814654014386045,0.2283584626307438, 103 , -0.6620926238886552, 200, -1.3514205924152691 ,  200, -1.9247886252362494 
218, 169,9, 5, 12, 7, 6, 2,3103, 2483, 3.9214775672494895, 1.3409290573872434,0.29358457121157155, 200 , -3.7015598779282772, 200, -4.097542934231799 ,  200, -4.3592877872515645 
178, 245,21, 4, 7, 6, 3, 7,1335, 3729, 4.4291504731714255, 2.2808261773861753,0.44084517750048147, 200 , -1.8779780094843606, 178, -1.562729399157999 ,  127, -1.2214838120337805 
142, 160,15, 3, 10, 10, 5, 9,1548, 2731, 3.090551148945046, 2.477023210314642,0.35761716160082324, 197 , -1.3424661269602027, 120, -0.9320813150370487 ,  63, -0.4573810406924372 
210, 218,9, 5, 14, 10, 4, 2,4745, 4130, 3.9686068406641013, 2.202123250750433,0.2415265867402504, 200 , -6.466683385111435, 200, -6.049251707735147 ,  200, -5.571408124454762 
123, 219,20, 5, 12, 7, 4, 2,1755, 1299, 4.238850366169167, 1.860622312811743,0.31542258056902395, 200 , -2.020932838893415, 200, -2.3679999378103678 ,  200, -2.6464636328267566 
223, 205,18, 6, 8, 21, 6, 8,2651, 2941, 2.648365732127381, 1.3267992100991117,0.4070040324618768, 195 , -0.9112231261509237, 200, -1.1694341696572437 ,  200, -1.3901460376573798 
175, 237,22, 3, 10, 13, 3, 8,1461, 749, 2.5921256354391105, 1.1411794535197126,0.3432839551856469, 88 , -1.8277262084553547, 94, -1.9377384323301414 ,  100, -2.0609605653608893 
213, 151,20, 3, 10, 22, 3, 5,4950, 4297, 2.9064882209836966, 2.282469119814764,0.34205835553907854, 176 , -3.834608732824209, 165, -3.4120794769560394 ,  148, -2.9358187858036664 
185, 219,23, 5, 10, 12, 4, 7,1361, 3619, 3.1754158845483786, 2.292576041010748,0.20282778236174087, 200 , -4.328647737466759, 200, -4.049204302499761 ,  200, -3.7374487170960213 
212, 209,11, 3, 7, 23, 4, 5,2569, 2859, 3.513039480739785, 1.65821858861817,0.44199997576975336, 13 , 0.5071996592778854, 18, 0.2537120230594553 ,  25, -0.011180040944894415 
163, 194,14, 4, 13, 17, 6, 5,4710, 692, 2.63319043427105, 1.5299337766445982,0.20064262467526894, 200 , -5.516709798792625, 200, -5.475971525163917 ,  200, -5.416425362056496 
230, 206,12, 4, 12, 25, 3, 3,4886, 2900, 3.2189627996027, 1.9877549073971617,0.32057130429052816, 200 , -2.4924513086932105, 200, -1.6407014077069475 ,  68, -0.5747594668147976 
154, 139,7, 6, 7, 14, 4, 6,4749, 1651, 4.120416771465493, 1.989901151446234,0.4641233006408165, 200 , -4.332405848558581, 200, -4.503737431696834 ,  200, -4.615366635930123 
218, 203,17, 6, 13, 14, 4, 7,4480, 1446, 2.5965102350651748, 2.273263182429205,0.4166491666724633, 194 , -1.038898912463642, 200, -1.47399672963835 ,  200, -1.7867439872526458 
205, 203,5, 5, 13, 6, 6, 6,2280, 1135, 2.9268255045949942, 1.4962986073769438,0.21947232875132067, 200 , -4.247066733541639, 200, -4.295391573413914 ,  200, -4.346605670786877 
132, 237,24, 6, 11, 21, 5, 3,4526, 2796, 4.031409155422402, 1.6172586343563902,0.3758053639819573, 200 , -1.194377963673872, 176, -1.0180601147615822 ,  200, -1.755429830751758 
176, 195,21, 3, 10, 20, 5, 6,3420, 3362, 2.531010191732598, 2.0621607563771116,0.3357368895699928, 200 , -2.3983623267614007, 200, -1.7685061168502156 ,  126, -1.114566358181501 
220, 185,13, 6, 9, 10, 5, 2,1779, 1197, 3.672803532177163, 1.3942648730553495,0.4626139501025628, 200 , -2.9093277043450327, 200, -2.940314915316662 ,  200, -2.978464780431038 
206, 205,15, 5, 9, 6, 5, 5,5188, 672, 2.908003818088723, 2.1768060586727964,0.2421636873772095, 200 , -5.046181830069036, 200, -5.056024596761139 ,  200, -5.040354850113423 
171, 246,9, 3, 9, 24, 3, 3,2745, 1984, 4.37026621013279, 2.9937588832653867,0.39903120192789543, 29 , -0.1844482693798543, 12, 0.5580799476643759 ,  8, 0.9945102111050587 
142, 231,20, 5, 10, 18, 5, 4,5092, 2749, 3.038921248012734, 1.7941933534420835,0.4794611373832177, 102 , -0.6880912652735393, 187, -1.144514528222786 ,  200, -1.6197732395773972 
212, 140,18, 6, 7, 8, 3, 2,4271, 2741, 3.038716386848641, 1.9207558296002256,0.2983373025348137, 200 , -1.6672353002780491, 81, -0.174069319072862 ,  49, 0.11550185333854472 
176, 134,10, 3, 14, 11, 4, 8,3927, 3955, 3.651881109768105, 1.321206446675192,0.34965402278208246, 50 , -0.4933285420207489, 23, 0.1358473234221098 ,  35, -0.22398049346372123 
162, 231,6, 3, 11, 9, 5, 6,4529, 3046, 3.152334164673043, 1.1970746330298292,0.35880205425524225, 200 , -2.4522496485150085, 200, -2.7987985213455957 ,  200, -3.025365031650407 
202, 136,20, 5, 13, 17, 3, 6,1817, 1405, 2.6988955697357184, 2.6644175908841,0.21092250364922982, 19 , 0.5657005904923817, 9, 1.088707413834145 ,  9, 1.1292215903962963 
136, 237,16, 5, 11, 23, 3, 6,3941, 4121, 2.8715805521547324, 2.83697732904328,0.3301257977178047, 200 , -4.87293201417894, 200, -4.483506339097544 ,  200, -4.054710769482519 
217, 225,15, 4, 13, 25, 3, 7,3728, 2595, 3.310627531105233, 1.2526979557551252,0.38925183209681014, 157 , -1.6977392209479047, 185, -1.9455487460175038 ,  200, -2.113137084314854 
161, 184,15, 4, 8, 14, 5, 3,4419, 1093, 4.27506197600956, 2.9197352788723814,0.44812592658304684, 200 , -1.8928549950626468, 200, -2.2165700242191733 ,  200, -2.4396928480278364 
164, 144,6, 5, 14, 22, 4, 3,2160, 2408, 4.147045623356057, 1.1502642295636045,0.4857035139491509, 200 , -2.6991934464538985, 200, -2.7640290578052507 ,  200, -2.8087233118347994 
198, 152,17, 6, 12, 22, 3, 8,4466, 506, 3.452181588703347, 2.357901181963812,0.3137354353358696, 200 , -4.327780012774661, 200, -4.366081450324808 ,  200, -4.3767836750905875 
150, 228,9, 5, 8, 10, 5, 7,4822, 3001, 2.9802169313966758, 1.6585603020466673,0.21616831216120225, 200 , -3.0275353155618787, 200, -1.3408199714935096 ,  115, -0.5415907704419917 
123, 220,8, 6, 7, 24, 5, 6,3326, 3120, 3.509607683712197, 2.035100307253729,0.33447050246500476, 200 , -3.3829353853937842, 200, -2.2383492548983726 ,  200, -0.841135082380763 
212, 206,23, 6, 10, 18, 5, 5,3096, 2084, 3.465783368641091, 1.0770765467859613,0.38399511369966965, 200 , -3.672649864344771, 200, -3.7297436467541107 ,  200, -3.75768926293698 
157, 238,20, 6, 12, 12, 4, 8,4031, 1397, 3.538585793071938, 3.0532321594036924,0.23708183112644654, 200 , -3.3304186171841894, 200, -2.311075670956155 ,  155, -0.8650173070731003 
166, 167,21, 4, 9, 13, 3, 6,2188, 3504, 2.9959938040315635, 1.8193707130230772,0.48188542517923816, 50 , -0.381383978185975, 39, -0.20558949882831312 ,  33, -0.07049390321574096 
119, 231,22, 4, 10, 21, 6, 4,2157, 1525, 3.5478655210077292, 1.5287788472451078,0.3733581164767693, 200 , -2.274396272642801, 200, -2.4439570171909586 ,  200, -2.580018523204955 
80, 199,22, 6, 14, 9, 4, 7,2380, 1918, 3.3715557119190223, 2.696226801661383,0.3436262855222176, 200 , -1.3670201604423857, 99, -0.607491709332853 ,  34, 0.11726683797759532 
131, 177,11, 3, 12, 14, 3, 10,1663, 901, 2.448157872849656, 2.7147073409832823,0.24863142761492238, 7 , 0.827786716157355, 12, 0.3851725374060811 ,  21, -0.06641778606111454 
179, 231,25, 3, 8, 11, 4, 10,1294, 2811, 3.556118871861649, 3.2676744125164854,0.243554059593911, 200 , -3.4832340595678932, 200, -3.230919076144162 ,  200, -2.958353622260813 
152, 266,24, 5, 8, 6, 6, 10,155, 3259, 3.638830091649247, 3.285635795382391,0.30151529106401903, 200 , -5.536142722695499, 200, -5.325822049267352 ,  200, -5.089060750124145 
101, 240,16, 5, 9, 7, 6, 9,1559, 3338, 1.8487301132022864, 2.0862656197823393,0.33340975138449175, 200 , -3.238663585416913, 200, -2.8999095940735162 ,  200, -2.455174136249761 
129, 266,17, 3, 9, 23, 6, 6,2454, 2629, 3.172376777821732, 3.5597687623776304,0.4046617397954415, 200 , -3.0388671590809753, 200, -2.603326438818919 ,  200, -2.1487402269118254 
97, 222,23, 5, 14, 10, 6, 8,259, 3103, 2.4899933597385413, 2.1117276809491026,0.20455202701591954, 200 , -5.274428160240008, 200, -4.956827871945459 ,  200, -4.56121909697834 
133, 260,11, 5, 8, 11, 4, 8,905, 1114, 2.759060051137162, 1.8956282995022642,0.3985186228444527, 126 , -0.7228232462877322, 200, -1.0622833019147226 ,  200, -1.4005795948082151 
143, 205,23, 3, 13, 13, 3, 7,1082, 2655, 3.3484050294696814, 1.907573487547766,0.41765378805899134, 20 , -0.09653408380992917, 13, 0.29033242599745424 ,  8, 0.6394848918109545 
101, 203,18, 4, 7, 22, 5, 7,2485, 2786, 2.9574086925327308, 2.372204925803076,0.23559640589260564, 200 , -2.8237646170462836, 200, -2.207031785242392 ,  200, -1.4933892015331007 
188, 264,21, 4, 7, 14, 5, 8,2781, 2638, 3.673452403241349, 1.8060654065884456,0.2420085618188332, 200 , -1.6611314459035793, 65, -0.5157247982015901 ,  19, 0.4171290330732255 
106, 271,15, 6, 11, 8, 5, 10,165, 1311, 3.2110438606082923, 2.04405563691033,0.4507851133038948, 33 , 0.13169724475153868, 83, -0.46011524277140076 ,  176, -0.9753034535797718 
175, 239,10, 5, 8, 10, 3, 5,2847, 1006, 1.8639516046583182, 1.7485248408593046,0.2772350499322365, 200 , -1.9186276181908386, 200, -1.9976112142044875 ,  200, -2.1182900030496805 
126, 248,20, 6, 11, 14, 4, 5,642, 2862, 2.4134673735439307, 2.4361273906506407,0.3823677191426704, 200 , -3.1297206269656885, 200, -2.806672176269463 ,  200, -2.4012429860769275 
156, 171,22, 5, 12, 24, 4, 9,587, 2784, 2.1684325894653327, 3.3146977088726866,0.44337511750959857, 200 , -3.4188111412085487, 200, -3.2316968047862047 ,  200, -3.0139288660070997 
104, 272,12, 6, 13, 13, 6, 8,1704, 2327, 3.0296813508808143, 1.9009264967717037,0.2798520723273705, 56 , -0.11924795656923912, 20, 0.5695493640295471 ,  15, 0.7495167314752915 
180, 189,19, 5, 12, 14, 6, 9,1991, 22, 2.589547064000321, 2.8684993646420347,0.25052929612898334, 200 , -2.5719513956576114, 200, -2.6616156550233936 ,  200, -2.773306379768265 
133, 208,23, 4, 8, 10, 5, 6,3152, 1033, 3.189039137059403, 1.6726209818698272,0.47387380096220477, 200 , -2.703442747351602, 200, -2.675314144835348 ,  200, -2.6269972798642978 
140, 215,14, 4, 12, 25, 3, 7,2058, 865, 2.7675143739521033, 3.584313239840399,0.4552342543294381, 6 , 1.1644606531531296, 6, 1.136953072710239 ,  7, 1.097206359464024 
114, 197,15, 5, 7, 24, 3, 11,1029, 2983, 2.853582527333451, 2.3062411806858885,0.4211269268681954, 200 , -2.109912682357412, 200, -1.7357367662153256 ,  200, -1.2945153277108596 
128, 186,28, 3, 12, 14, 6, 8,141, 435, 3.163693334752274, 3.4270541332043516,0.4625862965276192, 14 , 0.6681910919589389, 30, 0.13541996739466516 ,  68, -0.38147901560901765 
93, 252,10, 3, 12, 12, 3, 11,3187, 3360, 1.7514654135643966, 1.800020944265257,0.22293255719446645, 82 , -1.3333410159975956, 49, -0.7918485631036684 ,  26, -0.20737703215110062 
95, 251,22, 5, 8, 16, 3, 11,3011, 1367, 3.5170663854419715, 3.0421425960339414,0.2442713359286736, 200 , -1.3505572347421215, 52, -0.1761703350609571 ,  14, 0.754191281349859 
97, 220,26, 3, 14, 18, 3, 7,543, 2428, 3.1919827720462806, 3.482942309168707,0.20210191401743396, 171 , -3.831269836836189, 166, -3.6310910507068765 ,  161, -3.4060319514970794 
95, 281,26, 4, 13, 17, 3, 6,1528, 739, 3.5220792552768714, 2.9355656764782774,0.30368610116743555, 6 , 1.1498895651806689, 8, 0.8566592503684797 ,  13, 0.39373008587602415 
171, 200,22, 3, 9, 10, 3, 10,2900, 907, 3.2927953264057166, 2.5846403501309263,0.2825770089318703, 27 , -0.3809984693985498, 37, -0.6905355739670159 ,  46, -0.9064816127489711 
159, 217,10, 3, 14, 12, 5, 8,559, 488, 2.6277340313732154, 3.5763692519940244,0.2613712856461953, 26 , 0.12024009276210568, 63, -0.5069433649042511 ,  125, -1.019762747217274 
87, 222,26, 5, 12, 5, 6, 7,397, 720, 2.783889081174088, 2.5876415632046568,0.42827011439108353, 107 , -0.4018445213752078, 200, -0.9932270540244561 ,  200, -1.6070158857171173 
173, 213,15, 5, 10, 12, 6, 12,665, 1820, 2.118200059825135, 2.6440330407894956,0.18762593585156903, 200 , -2.9457813676599427, 200, -2.2588389266802076 ,  200, -1.2578196570303386 
141, 206,11, 4, 12, 11, 5, 7,1478, 2944, 1.7539331911444194, 2.510292138842474,0.40784823986792074, 200 , -2.206849493257267, 200, -1.9392098214768902 ,  200, -1.6076930760633084 
146, 219,19, 4, 8, 23, 5, 7,1448, 1982, 2.7589638492404944, 2.731252755907904,0.32794078084730616, 106 , -0.9344909403486775, 58, -0.45794073839522653 ,  27, 0.11171684864119909 
114, 265,10, 3, 13, 6, 4, 7,3140, 806, 2.425390329056931, 2.8051359317578184,0.3304976412942361, 95 , -0.6819702804699361, 117, -0.8336256945786095 ,  133, -0.9334102839460015 
161, 175,12, 6, 8, 13, 6, 12,2816, 2989, 2.243489947015, 2.2765018604077207,0.210539481966729, 200 , -4.234759502836067, 200, -3.6386560562260146 ,  200, -2.907060133602996 
187, 202,27, 4, 10, 13, 5, 11,1421, 2004, 2.3099342247783667, 2.482136633185278,0.24754244181417928, 200 , -1.8270390822022273, 163, -1.3742468285763583 ,  81, -0.7703659248467944 
136, 246,18, 5, 7, 15, 6, 7,1002, 3135, 2.502949919396592, 2.2606210968769895,0.3038646647622536, 200 , -3.343739138394872, 200, -2.9815196323305027 ,  200, -2.5215178189516485 
109, 185,19, 6, 9, 11, 4, 10,2839, 823, 3.1576156875431067, 1.6568741499759065,0.4410930583169411, 200 , -3.1083832840262913, 200, -3.0646163412296277 ,  200, -3.008757544269631 
148, 213,17, 4, 14, 23, 6, 11,429, 1950, 2.4039493462383277, 2.59543862560166,0.2959833422591637, 200 , -2.4753811427004337, 200, -1.9946495516744132 ,  191, -1.383154085307905 
94, 258,21, 6, 8, 19, 4, 10,2160, 2833, 2.264960851365281, 3.48154303052796,0.36230536791586376, 200 , -3.4137943941719815, 200, -3.1925592480626883 ,  200, -2.9704587709562693 
127, 186,24, 4, 7, 11, 4, 6,2073, 3044, 2.7124385496913916, 3.4730691573895323,0.2534185180356453, 200 , -3.7776040875460772, 200, -3.4808687680433725 ,  200, -3.175612252869589 
160, 235,19, 5, 14, 8, 6, 5,1015, 3121, 1.921432401829911, 3.0491599700726377,0.3907131263902138, 200 , -4.851719176798226, 200, -4.678351089871587 ,  200, -4.472744557215761 
173, 240,26, 5, 13, 23, 5, 8,1189, 1721, 3.6468938848316204, 3.109000649241339,0.2524209866216134, 200 , -3.031076797673004, 200, -2.6360572975562446 ,  200, -2.1633157755044254 
109, 186,10, 3, 12, 10, 5, 10,1575, 1699, 2.9254650136768348, 2.0942705533779966,0.19334734696053965, 9 , 1.113322177879203, 17, 0.515479967706108 ,  55, -0.3585771116460856 
121, 210,11, 6, 14, 18, 6, 5,1910, 77, 1.8695533385812766, 3.515284027842413,0.45652804466986163, 63 , -0.21689530274182645, 91, -0.4514287907310999 ,  139, -0.7273405441901799 
121, 172,27, 3, 12, 8, 3, 10,1568, 1898, 3.438719894581986, 2.9520753286160337,0.28065219315790635, 83 , -1.3538890973505664, 55, -0.8899757921629826 ,  30, -0.33289048385749587 
111, 282,19, 4, 9, 23, 4, 10,2791, 2447, 3.706242110425187, 2.9735698364056455,0.3238757768561791, 200 , -2.9478120164815653, 200, -2.465597643812104 ,  200, -1.9228064086468433 
180, 250,21, 3, 12, 21, 6, 6,2484, 3182, 3.391197111302567, 1.622648412299882,0.2997353056361626, 200 , -2.0215438101300136, 180, -1.1341982054283408 ,  61, -0.3458677997663809 
116, 277,19, 6, 8, 21, 3, 11,2530, 3363, 3.1012726089298255, 3.0562311075009214,0.308518020241494, 200 , -4.593222644353514, 200, -4.234723072979948 ,  200, -3.852969381724379 
112, 178,28, 6, 8, 23, 3, 8,2899, 2117, 2.668758835488511, 3.369351711062323,0.41945909353994837, 200 , -1.9225534745914938, 200, -1.3567219422494698 ,  176, -0.8899937978867729 
97, 247,24, 6, 13, 6, 4, 12,2308, 774, 3.368848945790482, 3.002839531687628,0.4129535922696541, 29 , 0.1256607933354321, 47, -0.20318535662626386 ,  70, -0.46683996298326974 
185, 189,9, 6, 14, 23, 3, 9,211, 2900, 3.616382624798966, 3.093859877375494,0.2271993124773453, 200 , -5.509309741168035, 200, -5.280377353911632 ,  200, -5.018806662691458 
169, 187,14, 6, 9, 21, 3, 8,2406, 629, 2.749338175946427, 3.3596611879147398,0.3178903827359627, 47 , 0.03633507066253294, 85, -0.3283908514462427 ,  135, -0.618312517997764 
94, 224,12, 3, 10, 20, 3, 6,300, 47, 2.576400127106858, 3.2021419666088926,0.41033648940824974, 64 , -1.0235463563476397, 74, -1.1661690871453605 ,  84, -1.306406976779098 
79, 207,27, 4, 7, 9, 3, 7,1523, 55, 2.2722639700710303, 2.8152666948117124,0.19731238502168164, 200 , -2.3474808954087436, 200, -2.4973993644106387 ,  200, -2.658603594182386 
139, 247,20, 5, 12, 24, 5, 11,2092, 3349, 3.5031994840442664, 2.4594142101086485,0.46164466234945756, 200 , -2.42931806878208, 200, -2.0858173265390985 ,  200, -1.7573200697147755 
104, 244,24, 3, 12, 11, 5, 7,2525, 3124, 2.6011762878238684, 2.8103912732876646,0.39221720191740495, 200 , -3.0193009465155614, 200, -2.659933293765769 ,  200, -2.3090163745556835 
143, 189,26, 3, 8, 19, 3, 10,2912, 3097, 3.4897470733463294, 3.0800008437908994,0.3192785778930138, 128 , -3.1077311202048583, 116, -2.7249572921911205 ,  101, -2.3078128204263852 
102, 217,13, 4, 12, 21, 6, 12,780, 1876, 2.8144209644138343, 2.97771378972901,0.2918645242145012, 200 , -2.092018308707615, 200, -1.6273787557926835 ,  145, -1.066670617171455 
119, 214,18, 4, 9, 13, 5, 10,597, 2190, 2.535304870301438, 2.4393522403515684,0.399215675323243, 110 , -0.9090021753499017, 54, -0.3670134396129696 ,  21, 0.3034297532098163 
138, 227,14, 3, 11, 19, 4, 8,1181, 1902, 2.9548346063434607, 2.9907567761219847,0.32587362471127024, 73 , -0.9678672338201828, 45, -0.5451205292443929 ,  23, -0.022257045538556165 
114, 209,21, 3, 8, 14, 4, 8,1278, 769, 3.183377649480058, 2.983777131823431,0.35722935888075336, 7 , 0.9926460338653892, 10, 0.6645292601178481 ,  17, 0.2928990941903383 
152, 237,20, 4, 10, 17, 4, 9,1729, 1742, 2.88498803585167, 2.3953297398365843,0.2580127229829977, 27 , -0.005266635060979449, 11, 0.7134796701864563 ,  7, 1.1066413875094767 
125, 205,14, 3, 10, 15, 3, 9,1449, 2189, 2.6642675659000403, 2.2890155873574125,0.3317249396731804, 13 , 0.33691009572758523, 8, 0.7800734511344355 ,  5, 1.1208266486791159 
136, 247,16, 4, 9, 15, 5, 7,1438, 1082, 2.620487954312516, 2.297137539771925,0.37557489964270097, 13 , 0.6439105234753373, 21, 0.2794747361826761 ,  38, -0.12215038708684982 
114, 253,20, 3, 12, 11, 3, 7,492, 1625, 2.6167177221118934, 2.8296993038929807,0.3954240420749139, 32 , -0.3353453461992346, 17, 0.19680122766467098 ,  8, 0.768047412596801 
108, 249,20, 4, 9, 19, 4, 10,399, 2170, 3.2054075261890422, 2.166930492905508,0.3449079880406808, 59 , -0.5975132388949103, 24, 0.10802268282349207 ,  10, 0.8150595804034572 
162, 248,14, 4, 11, 19, 3, 10,1766, 1810, 2.2712672761022574, 2.412262674359213,0.3943513998677681, 18 , 0.3592422472333223, 12, 0.6596836448851098 ,  8, 0.9111822073601017 
130, 249,15, 3, 10, 11, 3, 10,1121, 1809, 2.5234824380218512, 3.0084625146664488,0.34406282398008814, 33 , -0.48691552286835144, 21, -0.07613638255480955 ,  11, 0.42094113141233175 
110, 214,15, 3, 11, 17, 4, 9,582, 872, 3.0528064629375464, 2.1319867362581,0.36481181177401056, 39 , -0.4193984232936535, 60, -0.7682170273450525 ,  85, -1.0778688773699092 
132, 212,16, 3, 9, 11, 4, 8,752, 1582, 2.859913732701493, 2.4656254313267576,0.3924277285029839, 5 , 1.33279313049076, 5, 1.408094548640313 ,  5, 1.3188649247428497 
152, 231,15, 3, 10, 17, 3, 9,1111, 2014, 2.393172066503716, 2.9635625145710813,0.32927045914434894, 54 , -1.075606685695401, 40, -0.7518961229097911 ,  26, -0.34269643076930245 
141, 197,20, 4, 10, 15, 3, 9,438, 1805, 3.083097841435624, 2.705940868643652,0.3040816018273781, 96 , -1.0157766002896291, 49, -0.41681780930626594 ,  18, 0.36365145883768785 
160, 197,22, 4, 11, 16, 3, 9,1151, 611, 2.8073936960041053, 2.8485300205029356,0.2523551464928041, 16 , 0.2964784133374109, 35, -0.2677345829917611 ,  62, -0.7475718158186492 
122, 206,15, 4, 9, 13, 3, 8,866, 688, 2.3558107054173476, 2.350002106217276,0.3881910631349038, 51 , -0.38216905862454587, 77, -0.7100647192894968 ,  110, -1.011735494448229 
123, 220,19, 4, 11, 16, 5, 8,1582, 2378, 2.5587413272201545, 2.1305429906897055,0.36473476084970935, 63 , -0.5002809015101148, 33, -0.043581166188800625 ,  17, 0.4315241528518679 
162, 201,16, 4, 12, 14, 5, 10,1060, 1922, 3.1534369847118384, 2.536369886187445,0.26614005210899816, 144 , -1.1928248124006688, 65, -0.5500913320166391 ,  21, 0.27585870593674144 
128, 236,17, 4, 11, 17, 4, 10,1610, 645, 2.2370004717573053, 2.8948865196980345,0.29192852172159656, 8 , 0.8716764820757812, 15, 0.39765125278423963 ,  30, -0.11490720463062826 
151, 215,19, 3, 10, 12, 4, 10,1662, 1958, 2.4227096399604804, 2.2558226249493467,0.2954325998117875, 14 , 0.38253154257318733, 8, 0.8799259034783035 ,  6, 1.1785858676653507 
154, 230,17, 4, 12, 18, 3, 8,2094, 1658, 3.2146129867374427, 2.961506750372778,0.2578828778033804, 110 , -1.2580224426205335, 56, -0.5975676565728801 ,  21, 0.1904556712311796 
108, 202,14, 4, 10, 11, 5, 8,1655, 1901, 3.0021655818759925, 2.89135691144837,0.3279619971206139, 72 , -0.4768877724994069, 31, 0.11826635355421539 ,  14, 0.6908847988973646 
121, 207,14, 4, 12, 19, 4, 10,1438, 1622, 2.8713459631740577, 2.675716068533789,0.37991603705191124, 12 , 0.6981974554617064, 8, 1.009098812666434 ,  6, 1.191561551330677 
131, 219,20, 4, 10, 13, 3, 9,1073, 1796, 2.4992206951915747, 2.5946332774437773,0.33850973042749866, 35 , -0.19450292056334945, 17, 0.36561997724870815 ,  8, 0.9158148640455446 
116, 200,15, 3, 9, 17, 4, 9,1147, 1930, 3.176598336392594, 2.5677564702309477,0.38372545334600916, 12 , 0.5241571463834056, 7, 0.9226325472327139 ,  6, 1.1935734391373654 
109, 245,20, 4, 9, 11, 3, 8,1244, 844, 2.936367060834123, 2.786015357760321,0.29757897946142664, 7 , 0.9891460682803592, 13, 0.5206606325960779 ,  25, 0.007263504687096241 
155, 202,15, 3, 10, 12, 4, 7,1366, 2082, 2.769962277108384, 2.656897809294592,0.2889612162401627, 81 , -0.8612303186608591, 42, -0.3339770588045267 ,  18, 0.307691269925282 
134, 211,17, 4, 11, 11, 4, 10,1083, 1871, 2.9282352587520606, 2.647298064021002,0.3267749631693314, 57 , -0.5033733655909066, 26, 0.08185271309370057 ,  11, 0.7138998696422291 
113, 218,21, 4, 10, 19, 4, 10,1530, 2405, 2.8198978564083106, 2.914311971453558,0.352258358328576, 200 , -1.8450779321612834, 163, -1.5660398714105355 ,  120, -1.2482361436076703 
144, 253,18, 4, 9, 11, 4, 9,1471, 2380, 3.0970750114261634, 2.8195821306980955,0.27940253856682284, 200 , -2.233186316015966, 200, -1.857919342804589 ,  169, -1.439059979232391 
153, 244,14, 3, 9, 14, 4, 7,1001, 2155, 3.1099377533733374, 2.1911472342289793,0.26688452716075883, 31 , -0.14387517439248912, 12, 0.6124302383663427 ,  7, 1.1220085426260071 
111, 249,17, 4, 12, 15, 4, 10,1883, 2440, 2.4985989293396003, 2.8282913229740965,0.298986151247258, 200 , -2.1200386960073496, 200, -1.8107238704343338 ,  154, -1.4769824841095653 
146, 253,14, 4, 9, 12, 5, 7,1482, 664, 2.5666743776142127, 2.598171766785513,0.36305736097597585, 39 , -0.10789100824718233, 61, -0.4134424720173994 ,  94, -0.7205589228703412 
158, 249,19, 3, 10, 12, 4, 8,1678, 1433, 2.5969232580005652, 2.7720369956768858,0.32909897658133014, 8 , 0.870202524935484, 6, 1.1546617091929883 ,  5, 1.2904361180549733 
130, 230,14, 4, 12, 18, 4, 8,336, 1711, 2.9544803163349163, 2.1709435879565584,0.36910178157591333, 6 , 1.2124392624712899, 6, 1.2888495716447028 ,  7, 1.0197117500688997 
138, 223,20, 3, 10, 12, 4, 8,1207, 1239, 2.9403019806682593, 2.8161901495732176,0.3272681275298547, 5 , 1.2909053165791855, 5, 1.3858372397123808 ,  5, 1.311884118495238 
127, 208,15, 3, 9, 11, 3, 10,1453, 2249, 2.9298282524883277, 2.4797161779679167,0.30329798105263217, 32 , -0.40093206616309657, 18, 0.10533859936338356 ,  9, 0.6512482437085819 
123, 214,20, 3, 10, 19, 3, 8,1938, 545, 2.423147853308869, 3.083524312762152,0.33689420911573875, 6 , 0.8805762794700962, 7, 0.6572842353966515 ,  10, 0.4046737171363006 
142, 242,17, 3, 10, 15, 4, 10,1959, 1927, 2.70804512112732, 2.8502080104626524,0.3020700836470078, 65 , -0.877036346344826, 36, -0.3782373471628426 ,  18, 0.17492497439706367 
135, 225,18, 4, 11, 18, 5, 9,1708, 1094, 2.3443551695286757, 2.2179180643833982,0.26427624653183923, 13 , 0.546646820335283, 29, -0.033945424048545024 ,  63, -0.5893653227806067 
163, 201,19, 4, 9, 17, 3, 8,1191, 2290, 2.808807100945664, 2.603197093991171,0.36752805802130206, 110 , -1.0848119143675454, 74, -0.7202397837509761 ,  43, -0.2703128816480636 
133, 235,15, 3, 11, 16, 3, 7,2277, 495, 2.4634179285108573, 2.7152298352993833,0.2945829028179596, 28 , -0.37536164121105237, 32, -0.5025880094111861 ,  37, -0.6347432791558412 
132, 231,17, 3, 12, 13, 3, 7,1955, 1215, 3.19977953642006, 2.2325352541483747,0.34115074965261927, 10 , 0.5444980742783144, 14, 0.23392423637144455 ,  20, -0.04458129418450649 
163, 234,15, 3, 9, 15, 3, 9,1902, 905, 3.1844479104816443, 2.768710996893774,0.2523160611195217, 7 , 0.7938436453331398, 12, 0.36164662555178473 ,  19, -0.0403974121315811 
118, 211,23, 3, 11, 12, 4, 8,498, 1816, 2.706423070126725, 2.291033174780737,0.37288191708826524, 17 , 0.3369463161933135, 8, 0.9081254125885917 ,  6, 1.1824493671470857 
116, 221,22, 4, 9, 19, 5, 10,2064, 485, 2.5296736022769934, 2.199889834908377,0.32734310421251755, 146 , -1.2833235700144499, 163, -1.3859466920705776 ,  185, -1.5038704040870725 
128, 220,21, 4, 11, 14, 3, 9,1304, 1750, 3.142385806733323, 2.956475879935156,0.27769005092882615, 104 , -1.2363411799329211, 64, -0.7628640889832209 ,  32, -0.16310189489277102 
159, 211,16, 3, 11, 13, 5, 10,1621, 1211, 2.61507460086937, 2.68286880472077,0.32251848074697953, 5 , 1.3605891017075544, 5, 1.3159292523540629 ,  7, 1.1144779567822 
119, 207,23, 4, 11, 15, 3, 10,406, 2221, 3.2075358292400367, 2.4229908249653684,0.3154182577421616, 138 , -1.610940729699294, 95, -1.1627515755739115 ,  51, -0.5649188401782405 
160, 212,18, 3, 12, 12, 5, 7,516, 1195, 3.125634219342423, 2.8921555540837156,0.3437711873938988, 8 , 1.147032207936272, 6, 1.3364029025127206 ,  7, 1.254155091877215 
133, 248,18, 4, 9, 15, 5, 9,966, 1163, 3.092843022042466, 2.735759999541174,0.2990470597436379, 6 , 1.3788103997955856, 6, 1.3264859439018533 ,  8, 0.9695479254917411 
164, 241,21, 3, 11, 13, 3, 7,1368, 1483, 2.631852324897004, 2.1936570442594396,0.30055656227373584, 4 , 1.3249217936911741, 4, 1.2559138022019405 ,  6, 0.9559028156317583 
133, 231,21, 4, 11, 15, 3, 7,768, 1124, 2.923646058732224, 3.003278698710333,0.29521998557352525, 8 , 0.9761569714591957, 5, 1.3049293917580609 ,  5, 1.3558703888488308 
122, 212,20, 4, 10, 15, 3, 9,2215, 1623, 2.546749409133149, 2.5186409316338407,0.34020165893339616, 8 , 0.9874250847061122, 6, 1.1295073671957452 ,  6, 1.145423869593576 
152, 235,16, 3, 10, 14, 3, 9,1052, 1872, 2.5866178831398017, 2.5674275419987547,0.28980742189192277, 24 , -0.27123583502504994, 13, 0.2908554215392551 ,  7, 0.8769964714919385 
130, 249,17, 3, 11, 13, 3, 9,307, 2075, 2.580350663357926, 2.545686747816931,0.31220006289982305, 65 , -1.2682102506582857, 43, -0.7997175493766719 ,  22, -0.1706843921053679 
121, 229,13, 4, 9, 16, 3, 7,1830, 887, 3.167106117898179, 2.693069424418341,0.27899625989698873, 28 , 0.06346557902468915, 47, -0.3058876616300601 ,  70, -0.6191864838921817 
154, 245,15, 3, 10, 15, 3, 9,826, 1815, 3.0112034937679297, 2.9802560470379698,0.39780305418276296, 24 , -0.27659296416777923, 15, 0.13626090679347586 ,  9, 0.6019997597932085 
126, 206,15, 4, 11, 14, 5, 8,2198, 2414, 3.0539563557445533, 2.8294944427288877,0.2722935335626553, 200 , -2.5904321957616636, 200, -2.0493547004386303 ,  200, -1.4549123245039928 
130, 226,16, 3, 12, 14, 4, 10,1091, 959, 2.8186256548702247, 3.11279120662583,0.3873457560231637, 4 , 1.4584913339309848, 4, 1.451667166145211 ,  5, 1.3297906559591182 
147, 220,16, 3, 12, 10, 3, 9,1285, 2370, 3.074797954255296, 2.907957997111212,0.31503991874956594, 90 , -1.5808870361189071, 71, -1.2743629887144063 ,  51, -0.9143982399032138 
113, 232,22, 4, 11, 13, 4, 9,813, 1518, 2.476786371165467, 2.823501255301367,0.2734959410419415, 90 , -0.9215202174320009, 39, -0.2427557280042875 ,  13, 0.6025695375556852 
151, 197,20, 4, 11, 11, 4, 7,2099, 2007, 2.5285070797740943, 2.692969348219763,0.38009188267492755, 41 , -0.24826449983433763, 24, 0.13667816196968705 ,  15, 0.49269912277863215 
156, 244,18, 4, 12, 18, 4, 8,897, 1464, 2.644034709626389, 2.150144424227606,0.2671708317389439, 6 , 1.248383960435521, 7, 1.0791298086191798 ,  14, 0.40592851265966656 
133, 241,23, 4, 11, 20, 4, 7,1338, 907, 2.7782214543163306, 3.091167773989569,0.38112304004930964, 5 , 1.3024478924222986, 5, 1.328690017105755 ,  5, 1.234534177361719 
141, 250,16, 3, 9, 19, 3, 9,840, 1811, 2.5710519215404517, 3.1061345598973142,0.3794411966493081, 37 , -0.6971524276713351, 26, -0.33329533179015836 ,  15, 0.11938234143809356 
151, 203,14, 4, 10, 13, 4, 9,1443, 1389, 2.5371258816062934, 2.756343509940039,0.3613915214230965, 6 , 1.2684969166878084, 5, 1.3765279530472303 ,  5, 1.3705710551793553 
126, 226,15, 3, 9, 17, 3, 10,1557, 837, 2.798055436307145, 2.9360959193981992,0.2973955878903817, 5 , 1.2336376058520964, 6, 0.9417065460042482 ,  9, 0.5633888867190783 
138, 244,17, 4, 11, 18, 4, 8,1079, 2315, 2.6498362085163123, 2.3163962922371732,0.26392716932200894, 190 , -1.6911569155768027, 123, -1.2391058948200242 ,  61, -0.6292052837440583 
119, 248,18, 3, 11, 20, 3, 9,1200, 1865, 3.072750475102616, 2.6309108398236143,0.39691535028719416, 13 , 0.1554029102832796, 9, 0.5433303128141619 ,  6, 0.9026746156320531 
147, 221,20, 4, 10, 20, 3, 8,1115, 808, 3.0971181651889808, 2.5916113815583097,0.33881100508474815, 10 , 0.691236144976971, 18, 0.2461214839150863 ,  33, -0.19025074057699526 
147, 254,18, 3, 11, 15, 5, 10,520, 1199, 2.9899381658374793, 2.424411978510748,0.2814207980325173, 6 , 1.281935447664275, 8, 0.9531459407639726 ,  21, 0.1642851668788141 
111, 207,15, 4, 12, 16, 3, 10,1922, 1392, 2.3138884639679915, 3.092535939005743,0.34726722332739335, 11 , 0.7026687766728367, 8, 1.0102510878823927 ,  6, 1.2266903241091922 
159, 220,17, 4, 10, 17, 4, 10,1517, 714, 3.005125608140183, 2.5306320152558195,0.3774415651252221, 24 , 0.10230170393233129, 34, -0.16253236056072068 ,  48, -0.42365131904156383 
151, 213,18, 4, 11, 12, 3, 7,2064, 951, 3.12454565971489, 2.919221665648352,0.3430897185494851, 7 , 1.0569830136266416, 9, 0.7717874267273093 ,  14, 0.4607149537410593 
121, 250,22, 4, 12, 12, 5, 7,1142, 2093, 3.180495466881944, 2.236694622722994,0.35976776572966085, 100 , -0.7230070918973538, 45, -0.15654665401246437 ,  20, 0.41077706110540607 
141, 212,16, 3, 12, 17, 4, 7,1183, 822, 2.7054261228382117, 2.6098247430600034,0.35939921232962113, 8 , 0.8649402968268288, 12, 0.47201989375865333 ,  22, 0.043841504301888594 
142, 214,15, 3, 10, 19, 4, 8,593, 1096, 2.6254555246173865, 2.586231227902304,0.3487765112807702, 4 , 1.4014370103645206, 6, 1.091176007134116 ,  11, 0.5494830875845447 
154, 203,14, 4, 12, 14, 3, 7,330, 1617, 2.369388397628022, 2.20867943385018,0.3680555412461709, 5 , 1.3552995848932572, 6, 1.3035324896551175 ,  9, 0.892969200595222 
154, 209,22, 3, 12, 19, 5, 7,730, 1262, 3.1891200205623633, 2.9628199599064695,0.3894285539081047, 12 , 0.6119790011323131, 7, 1.033390637014531 ,  6, 1.246795631166731 
136, 252,22, 4, 11, 11, 3, 9,1729, 2118, 2.396919485026551, 2.8706637881077635,0.385337067573304, 86 , -1.1306741876538027, 66, -0.862806217063859 ,  46, -0.5487022822404932 
138, 220,16, 3, 10, 12, 3, 10,1846, 1954, 2.302697341734124, 3.1042660138882505,0.3916260609319161, 26 , -0.29820846011109214, 19, -0.017294799456721778 ,  13, 0.30052381625029034 
154, 238,22, 4, 9, 15, 4, 10,1156, 555, 2.9503574034511573, 2.4554893634594785,0.3942128637721489, 33 , -0.21413171798133573, 48, -0.49163756241433315 ,  67, -0.7612879077232592 
125, 224,15, 4, 11, 15, 3, 8,1236, 982, 2.325385745459748, 2.950501110342871,0.28130155149006353, 5 , 1.477795398563939, 5, 1.3459016973256708 ,  8, 0.9378268894861986 
124, 214,18, 3, 12, 19, 3, 8,1099, 903, 2.522422905856324, 2.782852854517828,0.34175972732805715, 4 , 1.4450683215765137, 4, 1.2478492329173918 ,  6, 0.8813437671131551 
123, 233,14, 3, 10, 15, 3, 7,729, 751, 3.038992848092271, 2.4991005025185453,0.32026803585791097, 20 , -0.046186981246472816, 31, -0.41558598193689905 ,  45, -0.7435787759965066 
153, 229,20, 4, 9, 15, 3, 7,1444, 687, 2.650004621440125, 2.6391563675679075,0.3596215674569557, 14 , 0.43398256530881263, 22, 0.10767841176470866 ,  35, -0.22313810590805747 
148, 214,16, 3, 11, 11, 3, 10,731, 1745, 2.6176071426212317, 2.4539993665493833,0.29808031114840017, 11 , 0.44611901224252803, 6, 1.0094671475687431 ,  5, 1.3000626166757374 
152, 246,14, 3, 12, 13, 5, 7,1457, 576, 3.103277887994004, 3.0909003279484617,0.3989801505496453, 15 , 0.4926359518866848, 23, 0.22140449618476535 ,  35, -0.06114844537591941 
159, 236,22, 3, 11, 20, 5, 10,1713, 2325, 2.919166710072709, 2.210039172259699,0.3792869249274682, 59 , -0.670667977225313, 35, -0.261884019113714 ,  20, 0.1489394345579006 
155, 244,20, 3, 12, 17, 5, 9,1550, 1916, 2.2713054826795585, 3.06759723642243,0.35937567147516714, 192 , -1.6161578578263787, 147, -1.3393962208076153 ,  101, -0.9992743101979523 
126, 197,14, 3, 9, 13, 4, 7,2132, 1303, 2.756152119332505, 3.0211395285405027,0.33692183586859215, 5 , 1.3845916657076427, 5, 1.382237401211059 ,  6, 1.294973466432766 
153, 251,15, 4, 10, 19, 3, 8,898, 1183, 3.1070991417705542, 3.1070072911061155,0.2862773978998612, 11 , 0.7412112290155367, 7, 1.1788713927755394 ,  6, 1.3485860435445223 
147, 220,19, 4, 12, 17, 4, 9,1634, 824, 2.680519725972367, 2.9197678826130735,0.32307774814867485, 5 , 1.2907616549074301, 6, 1.061304454310177 ,  10, 0.6925551148104443 
151, 253,21, 3, 12, 17, 4, 8,770, 1467, 2.520370777541352, 2.2849863580740797,0.33773828241133197, 6 , 1.0377606168713314, 5, 1.2454427243918846 ,  6, 1.121283894531043 
112, 199,21, 3, 9, 15, 4, 10,1637, 1998, 2.636181082421494, 2.501085128573309,0.2635963456621121, 50 , -0.591633218397883, 23, 0.01798298083471162 ,  10, 0.6744403479297181 
131, 207,20, 4, 12, 20, 3, 10,1954, 573, 2.3443993887245185, 3.0383817813671934,0.3304284581830452, 7 , 0.9223557300770756, 10, 0.6451281901330489 ,  16, 0.31898655547068006 
158, 233,19, 3, 9, 14, 5, 9,892, 1474, 2.8498655816852576, 2.513592954663168,0.27471219542526704, 9 , 0.9060505684982962, 6, 1.2503076923983514 ,  6, 1.2330609036034543 
112, 215,23, 3, 10, 19, 5, 7,1174, 1677, 3.066185500317765, 2.3883584401882993,0.27509123626255494, 19 , 0.3482244884483895, 9, 0.9476330129449333 ,  7, 1.1676873772951624 
144, 206,14, 4, 10, 12, 3, 8,1426, 1825, 2.679115678960038, 2.68133231618775,0.33367469999098287, 23 , 0.24769638252874898, 12, 0.741975281664288 ,  7, 1.1170469431389927 
114, 234,22, 4, 12, 20, 3, 9,1660, 728, 2.794243063622666, 3.0382535717762815,0.3620790073564003, 5 , 1.2381687734982063, 6, 1.061334674121751 ,  8, 0.7951328460279308 
156, 204,15, 3, 11, 16, 3, 10,1779, 2332, 2.479344781333161, 2.845632638720404,0.28624766561293113, 70 , -1.4213313138598525, 55, -1.1102054525191305 ,  40, -0.7540394609980255 
163, 225,15, 3, 9, 17, 5, 8,2217, 2053, 2.856134321385575, 3.0847050211705076,0.31044633182787407, 189 , -1.5298668533045265, 109, -1.0262843680415035 ,  54, -0.4619951886835044 
159, 219,19, 3, 12, 16, 4, 8,492, 1285, 2.8740501663028724, 2.2526981196678983,0.36865394207739344, 5 , 1.2985962102770314, 7, 0.9626721667730367 ,  13, 0.3857885881660475 
150, 245,14, 3, 11, 14, 3, 8,1076, 935, 2.3632850012123114, 2.3252811394013273,0.39231953713201984, 6 , 0.8947839607147875, 9, 0.5268932368740323 ,  15, 0.128438378620804 
129, 250,21, 3, 10, 11, 5, 9,1972, 1800, 2.5548981091320044, 2.660509791163336,0.2650287000378321, 126 , -0.9779993002327567, 53, -0.32481651822404306 ,  19, 0.3839005971404234 
125, 239,17, 3, 9, 17, 3, 10,780, 1385, 3.0256020685970317, 2.5843610129631864,0.3649488368918846, 4 , 1.364414529985856, 4, 1.4348861823582355 ,  4, 1.3510546239882406 
118, 230,16, 3, 9, 17, 4, 9,1803, 1024, 2.5308342537223822, 2.2507594785965788,0.27869132178925976, 17 , 0.22336248954374188, 28, -0.16124843677841783 ,  44, -0.5227841297696902 
117, 202,14, 3, 10, 18, 4, 10,430, 2418, 2.5752109250366217, 2.8324798605717527,0.36358065101408465, 164 , -1.8700204432911591, 128, -1.5608621960367743 ,  89, -1.1754600738883463 
135, 229,22, 4, 8, 11, 3, 7,1101, 671, 2.2360971251815087, 2.6435880325116026,0.3976863423278283, 12 , 0.5799666586564568, 21, 0.17227467147441375 ,  36, -0.2336734392658893 
134, 254,17, 3, 10, 13, 3, 10,1661, 894, 2.401022385650826, 2.369676049736868,0.3715816268613289, 6 , 0.8233020874657154, 8, 0.5682654504089291 ,  12, 0.2721663622077713 
110, 212,15, 4, 9, 14, 5, 8,2261, 1235, 2.727834518843842, 2.199384894160162,0.28883316311144336, 41 , -0.15651285055207462, 68, -0.5157615455492051 ,  102, -0.8113961684923289 
142, 206,13, 3, 10, 18, 3, 10,1556, 697, 2.302828412347985, 2.4188916347302305,0.27513546588921056, 21 , -0.11670826711415191, 31, -0.4415374225147654 ,  43, -0.7513458610010183 
135, 224,15, 3, 9, 12, 5, 7,1778, 2362, 3.080712165528489, 2.9795001409329283,0.3367350736548852, 200 , -1.7674087774374838, 200, -1.3326006880882943 ,  117, -0.8735314419625794 
149, 214,16, 3, 10, 19, 4, 10,542, 2323, 2.9477135798275, 2.73754307248963,0.2727119067599724, 186 , -2.2682889006106675, 152, -1.9459951947348602 ,  112, -1.5433435746280297 
128, 250,15, 4, 10, 12, 3, 10,1087, 775, 2.6869005522071845, 2.3643677941836225,0.3005355471661042, 40 , -0.2962371598946417, 65, -0.6901710225064427 ,  97, -1.0403084178896473 
140, 250,20, 4, 10, 19, 4, 10,1108, 1366, 2.4474128147899634, 2.884657110957037,0.38307584020399554, 17 , 0.33826483521393297, 9, 0.8112936708833711 ,  6, 1.1607071530955793 
121, 203,22, 3, 12, 11, 3, 10,1512, 650, 3.1784205695926677, 3.082375790861975,0.2730807932009648, 6 , 0.9663912952227637, 9, 0.5580618100827036 ,  15, 0.1282966799272427 
133, 203,13, 4, 10, 20, 4, 9,806, 1156, 2.874087717229081, 2.3276719860113966,0.3593268820931862, 9 , 0.9505653258164076, 17, 0.43768289815186623 ,  37, -0.11517198887322483 
163, 220,22, 4, 9, 20, 4, 8,1440, 1912, 3.1965552827655803, 2.3675390146054136,0.25978593024515617, 62 , -0.6339722778443067, 24, 0.11026608439669196 ,  10, 0.8172129960400695 
139, 218,16, 4, 9, 16, 3, 10,530, 489, 2.56842851250763, 2.825235929278265,0.31018385532402504, 72 , -0.7023555293221352, 109, -1.0588764743528714 ,  148, -1.3691178551820047 
150, 223,14, 3, 10, 15, 5, 7,964, 2228, 2.3587765654861457, 2.5240983925141203,0.37699858936571584, 119 , -0.9910588638130873, 66, -0.5307669949447547 ,  29, 0.05783573317337258 
149, 225,15, 3, 9, 10, 4, 8,1324, 2060, 2.3812549373447425, 2.512420143870245,0.3867568055083702, 25 , 0.04721831070766836, 14, 0.4949055951658997 ,  8, 0.9186779647468245 
144, 222,18, 3, 9, 20, 4, 9,1136, 1013, 2.313957806521607, 2.3315386436261045,0.38630420061850057, 5 , 1.0986273274486997, 8, 0.7364044139985461 ,  14, 0.28232432727390055 
130, 207,21, 3, 11, 15, 3, 7,1298, 1573, 2.823712672883225, 2.4508798382557737,0.27800683769487844, 6 , 0.9751651629054142, 5, 1.2692622553672934 ,  4, 1.3242883704834323 
112, 245,13, 3, 9, 18, 3, 7,1183, 516, 2.633637960845185, 2.987132277277838,0.35365998241209495, 11 , 0.42200290623871817, 17, 0.11571644970767701 ,  24, -0.18727130000057568 
121, 230,18, 3, 10, 17, 3, 9,1252, 1752, 2.697578128272248, 2.5044147334374296,0.2960669511845063, 11 , 0.4010513628890762, 6, 0.9084335488612648 ,  5, 1.2382233705546257 
137, 217,21, 4, 12, 16, 3, 10,1548, 534, 2.5223526319801337, 3.0441172383107054,0.2576730737378548, 9 , 0.7018860398671353, 18, 0.18445750664375143 ,  34, -0.31225458724169336 
115, 246,18, 4, 11, 17, 4, 8,1981, 1711, 2.974556293183518, 2.9126074574269163,0.3249679947187851, 52 , -0.4904372253170351, 24, 0.10339928077288037 ,  12, 0.6518517226854865 
119, 225,17, 4, 10, 18, 3, 10,893, 1651, 2.666747923785401, 2.305182646898161,0.2586007369598101, 11 , 0.7485494296127901, 7, 1.1774800436785062 ,  7, 1.1760278370622406 
154, 254,14, 4, 12, 10, 3, 8,1570, 2187, 3.0022401472866065, 2.3317819795884,0.29536686780952914, 55 , -0.5484692859013665, 25, 0.05406435687964215 ,  11, 0.6710719024858776 
143, 197,21, 4, 12, 17, 4, 9,1636, 1696, 2.914132084542466, 2.7134470603741514,0.37711114379667743, 23 , 0.11318754538982144, 13, 0.5279781350533087 ,  8, 0.8633276656709373 
155, 197,21, 3, 11, 19, 3, 7,1522, 2364, 2.7593981882869727, 2.211100932148825,0.2721888894131135, 37 , -0.7656526143347298, 22, -0.2645952729314041 ,  11, 0.33227096767527514 
117, 230,20, 4, 11, 15, 4, 9,2126, 1380, 3.0987468621074683, 2.958073165205847,0.3146618300964783, 14 , 0.5320494658185528, 8, 1.0129693299495126 ,  6, 1.1905091317125338 
117, 230,22, 4, 12, 15, 3, 9,1525, 2021, 3.185983862572862, 2.460411246804129,0.3517059663226555, 42 , -0.4571397786927864, 23, 0.02715073500336383 ,  12, 0.5155061597457399 
129, 237,18, 3, 12, 12, 3, 7,1604, 2402, 3.0637986323177344, 2.3977585695065367,0.2599714273502778, 87 , -1.4543292352037789, 59, -0.9986764511307946 ,  33, -0.44369332071448925 
116, 215,15, 3, 10, 19, 3, 8,1477, 2328, 2.960383560353471, 3.1018356941021787,0.40092443916105736, 50 , -0.9240120283951785, 38, -0.6489110105300724 ,  27, -0.3388540351537908 
144, 205,15, 3, 11, 19, 4, 9,2163, 776, 2.261357169443322, 2.779245402602087,0.3147894853641938, 7 , 0.8905616342841269, 9, 0.6291161484956198 ,  13, 0.33000076300991676 
137, 236,20, 4, 10, 17, 3, 8,2156, 2173, 2.4428670814573294, 2.886289443758856,0.2727996999313782, 165 , -1.7696267881284198, 122, -1.3906177904089427 ,  82, -0.9681363183240773 
161, 205,21, 4, 11, 18, 3, 8,2006, 1383, 3.170999314480973, 2.845345940379034,0.34756367000841604, 8 , 0.8868862066990494, 6, 1.1146639175750794 ,  6, 1.1571433027339566 
123, 234,20, 3, 10, 14, 4, 10,2128, 1602, 2.247857004249049, 3.025672461775671,0.3636823872020195, 20 , 0.12481174470478568, 12, 0.47622840664143196 ,  8, 0.8007056070314571 
156, 251,22, 4, 10, 15, 3, 8,700, 752, 2.3554443454682357, 2.888452734736334,0.3046284774234246, 5 , 1.2852737074725116, 8, 0.7996598585853156 ,  20, 0.11131311662155169 
135, 226,16, 4, 10, 13, 5, 9,731, 2279, 2.8117834588825232, 2.6163096092022764,0.2789857746949147, 200 , -2.275437041052159, 200, -1.8308140232033767 ,  177, -1.286989209308443 
108, 222,14, 4, 10, 14, 4, 7,2281, 1594, 2.2460237413957245, 3.0676306150235044,0.3276422420432519, 17 , 0.45836793511366497, 10, 0.8585054792519217 ,  7, 1.1335646251100264 
158, 221,16, 3, 11, 19, 5, 10,556, 1507, 2.483238126927567, 2.2477709762133466,0.341519678561921, 5 , 1.2606283045541709, 5, 1.3064356272328215 ,  7, 0.9872962406237303 
121, 235,20, 4, 12, 20, 3, 9,2052, 2454, 2.3749217203199393, 2.9023195765293943,0.3376991579225014, 150 , -1.82246939969438, 125, -1.5629888345784506 ,  100, -1.287290598838672 
115, 207,19, 4, 11, 13, 3, 7,1326, 1902, 3.125171687298966, 3.0534473321713316,0.3763938853433083, 66 , -0.7186831773627324, 41, -0.3192302932461718 ,  22, 0.14295408178798058 
132, 251,18, 3, 9, 13, 5, 8,2093, 866, 2.994489814931107, 2.2824655882395612,0.2835709327747773, 124 , -1.002352664602406, 162, -1.2232428682922516 ,  200, -1.4136371037865954 
151, 203,17, 4, 10, 17, 4, 10,1125, 1145, 2.434225257331086, 2.1375730502731907,0.298777819602723, 14 , 0.5255618174085043, 32, -0.09017426660257276 ,  66, -0.6468852753911876 
114, 209,15, 3, 12, 13, 5, 8,356, 1761, 2.4927832445442206, 2.502659436253439,0.3795899609019707, 25 , 0.2059294131538617, 10, 0.8632313170619704 ,  7, 1.2241541340800355 
109, 223,18, 3, 10, 11, 4, 10,366, 832, 2.2837535439371592, 2.743112947729956,0.2867985019376229, 13 , 0.5164779329717185, 34, -0.21281531122760314 ,  74, -0.8178106974725452 
140, 237,16, 3, 9, 16, 3, 7,480, 1021, 2.8468857070743567, 2.2367989234007704,0.39306021127008905, 9 , 0.5309968671938828, 16, 0.09889648126748625 ,  26, -0.2980445235919085 
109, 249,17, 3, 10, 17, 5, 8,872, 1551, 2.3952628037273413, 2.5487122497834074,0.36995956990026935, 10 , 0.7965888452196431, 7, 1.1718520874960474 ,  6, 1.3197256305224057 
142, 254,17, 3, 11, 15, 3, 7,302, 1505, 2.262615378791047, 3.0533554814137327,0.2716733777811478, 57 , -1.0978538535835962, 33, -0.5396688400238583 ,  14, 0.22185856662025139 
145, 239,20, 4, 9, 12, 4, 7,1308, 2267, 3.1624765059291846, 2.9774261973179685,0.37358624729418266, 200 , -1.5767373836773386, 144, -1.2496628156389848 ,  91, -0.8647144025333465 
117, 198,21, 4, 10, 12, 4, 10,1768, 522, 2.6695447525321967, 2.6988055370129453,0.28016057553791507, 65 , -0.6563431513059877, 88, -0.9011921539109135 ,  117, -1.1385702576102241 
116, 242,15, 3, 11, 15, 5, 10,1543, 643, 3.0643478891193396, 2.3889100811756956,0.32861094865107043, 76 , -0.7277346198473605, 101, -0.9489719183154752 ,  130, -1.163111416724106 
109, 234,22, 3, 12, 15, 5, 7,1102, 488, 2.7609997054874427, 2.2361433244623052,0.30184502395891655, 200 , -1.4982732255333358, 200, -1.7786892503530056 ,  200, -2.054297968987915 
150, 246,17, 3, 11, 15, 4, 8,1769, 1120, 2.946403171712113, 2.268072809962164,0.38385005089544755, 11 , 0.5581853530826083, 15, 0.30393304482663447 ,  22, 0.04421248258115166 
142, 209,16, 3, 9, 12, 3, 9,2126, 1972, 3.1567912957012187, 2.707719173220526,0.35031771752142415, 13 , 0.3095295856864705, 8, 0.7938490908084092 ,  6, 1.093334027899001 
138, 225,22, 4, 9, 11, 4, 8,1360, 928, 2.4690894296705252, 2.1645059137917864,0.3232378447344254, 32 , -0.10591159019527303, 56, -0.5206745521956375 ,  93, -0.9061556116739169 
118, 253,14, 4, 11, 18, 3, 10,964, 2147, 3.21646335332985, 2.478778090266119,0.2901021608998726, 118 , -1.2337104649711854, 71, -0.7365852786043499 ,  32, -0.08649063399785074 
122, 220,21, 3, 12, 12, 4, 9,1321, 1025, 3.15282091110344, 2.594771083382498,0.2820942202498864, 6 , 1.1947111808071806, 9, 0.7996295704972581 ,  19, 0.22679351719544733 
148, 204,18, 3, 10, 16, 4, 10,511, 1781, 2.4797428658544547, 3.024554457453619,0.33197636100553973, 97 , -1.2963509886051259, 62, -0.8622899823569666 ,  31, -0.28559622087357 
132, 229,13, 3, 10, 19, 5, 9,1327, 800, 2.4954183658897406, 2.396567877320181,0.29451955351137626, 29 , -0.08996180329677783, 53, -0.5215725275475089 ,  88, -0.9139716376349589 
108, 216,18, 4, 11, 11, 5, 7,342, 981, 3.0138725897609717, 2.260265152839552,0.27657147589230047, 128 , -0.881639482561222, 200, -1.4353992471629766 ,  200, -1.9272937274102007 
142, 238,18, 4, 11, 14, 4, 10,1766, 1126, 2.579918559485627, 2.165292750982176,0.3080485889604042, 13 , 0.476889824218634, 23, 0.06297563932202674 ,  40, -0.34382947028557803 
134, 196,22, 4, 12, 10, 5, 10,1276, 1199, 3.01163062065239, 2.1226481682933676,0.3771167764356087, 17 , 0.44031583208875497, 30, 0.036193833344139274 ,  55, -0.3786179282918892 
164, 231,22, 3, 9, 14, 3, 8,1977, 1176, 3.1398813387691504, 3.0737046263493406,0.33696199747824174, 4 , 1.2733698876354898, 4, 1.3567581982493486 ,  4, 1.3231844213510358 
114, 217,18, 4, 11, 18, 4, 10,667, 1429, 2.8855669757663733, 2.3232848904408323,0.25332168903292224, 7 , 1.2162377982474855, 7, 1.1833952541803259 ,  12, 0.5940108099943442 
163, 252,13, 4, 9, 11, 4, 9,1918, 608, 2.5169590076744086, 3.0909691713131773,0.32000090572142115, 16 , 0.43619742098550146, 24, 0.1446686003926557 ,  37, -0.15304867612462333 
147, 241,19, 3, 9, 12, 3, 8,2064, 2362, 2.6372847816288, 2.768795158652197,0.2725221896460007, 86 , -1.5424786795780594, 63, -1.1466127489055349 ,  41, -0.703132566255501 
121, 215,16, 4, 11, 17, 3, 8,1093, 1134, 2.401181023412896, 2.4479917249955045,0.32239073160194864, 5 , 1.3141452159932412, 8, 0.9490171783010757 ,  16, 0.37190322687918376 
136, 254,16, 3, 10, 11, 3, 10,881, 1348, 2.5510854980289466, 2.244114112047087,0.3961844393899392, 4 , 1.3907160738101154, 5, 1.1959906706095436 ,  7, 0.8372183396686356 
153, 248,18, 3, 11, 19, 4, 7,484, 2026, 2.737596895390702, 2.3636291436232435,0.3790634700944374, 45 , -0.5419173478884984, 21, 0.05255029272856108 ,  9, 0.7043467649913273 
157, 218,19, 3, 12, 14, 4, 8,722, 638, 2.9519373437702185, 2.376570012358557,0.3678983459165047, 35 , -0.32074401644292727, 55, -0.6759346044494215 ,  80, -0.9949435747155703 
131, 228,15, 3, 12, 14, 3, 8,1897, 2323, 3.2255871555149085, 2.3316523990906584,0.3110189476897668, 31 , -0.449959430486088, 16, 0.13616002451668624 ,  8, 0.6903254471875341 
132, 222,13, 3, 10, 19, 4, 10,789, 1443, 2.2356724830656773, 2.5774365327633726,0.3604367175986718, 5 , 1.2406597163903168, 4, 1.4182271121088839 ,  4, 1.4096889328324953 
164, 215,16, 4, 12, 13, 5, 8,1127, 1014, 2.645244087868882, 2.8906451127804624,0.38166337105535975, 5 , 1.4107105784405245, 6, 1.3328644350660177 ,  7, 1.0888817745336437 
119, 213,19, 4, 9, 13, 3, 7,2183, 1617, 3.1111659070789344, 2.804570045260321,0.28226394149565204, 20 , 0.30519329750114715, 9, 0.9537817174341844 ,  6, 1.2241385376998082 
136, 215,10, 3, 8, 19, 4, 9,277, 551, 2.3868453594237096, 3.027807917384039,0.4290518442084741, 18 , 0.21685461352539545, 29, -0.1557463770515592 ,  44, -0.493711137275731 
120, 236,14, 4, 10, 16, 4, 10,305, 701, 2.7296720834761388, 2.5954135916508543,0.30710284876727567, 63 , -0.604395411538552, 109, -1.0476645696102853 ,  162, -1.4162439757234995 
127, 251,13, 3, 11, 20, 4, 8,801, 2412, 2.47305346451099, 2.880883838919531,0.4076569983651589, 138 , -1.6299881890024834, 108, -1.3575073337759642 ,  77, -1.0214562421066158 
145, 216,12, 4, 8, 21, 5, 9,861, 1002, 2.134293148139072, 2.8358113429821836,0.38489267024302, 5 , 1.4750407171583326, 7, 1.2672641344492324 ,  11, 0.8037333177672672 
117, 240,13, 4, 9, 22, 3, 9,495, 1498, 2.076480636218143, 2.431606825379263,0.3867737928321313, 6 , 1.2451873804850488, 5, 1.3766801324491613 ,  6, 1.231655971287689 
146, 219,12, 3, 10, 22, 4, 8,198, 2082, 2.2304179461985356, 2.6711069009579527,0.3264560216953706, 118 , -1.505521458343263, 76, -1.0422080670460367 ,  37, -0.4141842421998673 
129, 210,16, 4, 10, 15, 4, 10,686, 917, 2.4188564511328465, 2.5672205946720945,0.396903915136094, 7 , 1.01108917020446, 14, 0.5207115258585318 ,  29, -0.01878831963506306 
133, 212,15, 3, 9, 15, 3, 8,1449, 1051, 1.8685079308539159, 2.2837212792910444,0.43294977340006335, 5 , 1.2146288009017072, 6, 0.9589443376772098 ,  9, 0.5964849933209073 
145, 202,13, 4, 11, 22, 6, 10,1447, 2347, 2.4481191726713902, 2.234771590618025,0.3931084105660867, 91 , -0.712281143559911, 50, -0.29026108873356354 ,  25, 0.19490506546198696 
143, 223,12, 3, 10, 19, 3, 10,528, 1587, 1.9706280770092732, 2.6922186873234617,0.2906774153848838, 20 , 0.009125155034758307, 9, 0.6959859114039102 ,  6, 1.1638723909419335 
107, 245,18, 3, 8, 22, 3, 10,1747, 1068, 2.6552232595473058, 2.768535878447424,0.3113549301316689, 4 , 1.4207245164602391, 4, 1.3036967505440324 ,  5, 1.0695547203876494 
107, 246,9, 3, 10, 18, 4, 8,841, 718, 1.9544833841114766, 2.4341362974919187,0.35432350727819906, 36 , -0.3011667933891081, 59, -0.689578984886148 ,  88, -1.0361381864177417 
104, 200,12, 4, 10, 24, 4, 11,329, 683, 2.6816542240172154, 2.554928418187033,0.3548444414427232, 69 , -0.5562568134768437, 112, -0.9508973432434407 ,  163, -1.2879504123311514 
115, 212,11, 3, 9, 19, 5, 10,232, 1176, 2.515759179213596, 2.6745516917981016,0.30716346892618646, 6 , 1.3827950956911559, 8, 1.0375702498583332 ,  17, 0.3230405696213602 
128, 221,15, 4, 9, 16, 3, 10,1219, 1477, 2.5304260345488316, 2.6052167675770628,0.36963012310766685, 7 , 1.1674161240436292, 6, 1.3272234256896678 ,  5, 1.347777007549264 
138, 235,10, 4, 8, 15, 3, 9,991, 2099, 2.3164237829237706, 2.866130020407568,0.38740811738275993, 133 , -0.9744237100119325, 82, -0.5784917420815198 ,  41, -0.07315623931831645 
147, 236,11, 3, 8, 15, 5, 10,737, 2301, 1.9788737537651784, 2.7086528203762876,0.4001331964423608, 170 , -1.4390836502062792, 113, -1.0678140055958907 ,  61, -0.5815285758413421 
140, 244,16, 3, 9, 18, 5, 10,498, 2051, 2.284489342787815, 2.0966006814814913,0.36122223827146993, 19 , 0.23423234858177694, 8, 0.894187956463955 ,  6, 1.2167609382740514 
129, 240,11, 3, 10, 18, 3, 8,1724, 820, 2.399649092772556, 2.3536261282242643,0.3438019478609513, 13 , 0.3221303473558968, 18, 0.07124114516426863 ,  24, -0.19336032472258843 
152, 225,15, 3, 9, 20, 5, 9,1445, 1151, 2.2647373171835667, 2.66933896758927,0.35305922570728765, 4 , 1.434577348117168, 5, 1.3885561227736982 ,  6, 1.189794343861301 
115, 233,15, 3, 8, 18, 3, 9,1728, 1319, 1.76337985492642, 2.529363062170874,0.33564940485262384, 4 , 1.4792170409876615, 4, 1.4840978675996508 ,  4, 1.3437651399175776 
115, 225,15, 4, 11, 19, 3, 9,1050, 1429, 2.2930738421469457, 2.1902710608519422,0.36617429348730557, 5 , 1.3498847424578626, 6, 1.1687914705557556 ,  10, 0.7356711497106422 
155, 216,16, 4, 11, 16, 5, 10,890, 1661, 2.451707074263645, 2.9420761726178037,0.3154861846854638, 128 , -1.117078548208621, 67, -0.590514442290802 ,  26, 0.10773423658604278 
143, 218,12, 3, 8, 15, 5, 8,1103, 927, 2.0266074927836186, 2.668739940909277,0.32492916527294624, 8 , 0.9927437861914142, 16, 0.43012013994498793 ,  37, -0.18039645002796287 
137, 197,11, 4, 11, 21, 4, 11,248, 2071, 2.0860824676543004, 2.1898575387276518,0.3697890886952828, 56 , -0.34303247452851954, 19, 0.43829482597672725 ,  9, 1.0314629967857019 
109, 208,10, 3, 8, 24, 4, 11,112, 589, 2.182999739268375, 3.071404781130682,0.40888882967733853, 15 , 0.32238889294328194, 27, -0.11691691340814608 ,  43, -0.5039995234632421 
159, 212,15, 4, 11, 22, 5, 10,1753, 1845, 2.6829062195807225, 2.828224565771948,0.3757856855084847, 62 , -0.5507051606106537, 37, -0.1504921440896241 ,  21, 0.273709179518234 
138, 213,10, 3, 10, 19, 3, 10,743, 1777, 2.286251554110599, 3.0390934608258116,0.31462750005626194, 53 , -0.8311153508869638, 34, -0.3869361507618042 ,  17, 0.18924458144821377 
125, 198,11, 4, 11, 16, 3, 9,820, 1114, 2.3216966482191808, 2.6007556579388487,0.3081433424642037, 6 , 1.3061352804748707, 11, 0.8276534576490208 ,  27, 0.12929685238706706 
108, 229,13, 4, 10, 22, 4, 9,1188, 567, 1.744121666842652, 2.8232665322102415,0.3683967629363488, 17 , 0.3847343311787968, 35, -0.12374950644160786 ,  65, -0.5886703340217464 
123, 225,13, 3, 10, 19, 5, 9,861, 1851, 2.6915708871870763, 3.037566151408087,0.2898638703776251, 177 , -1.5102898649818353, 111, -1.0739470270032763 ,  54, -0.49166656802501973 
137, 240,14, 4, 8, 14, 5, 10,747, 832, 2.3380434604674107, 2.4569735787190305,0.3547505060126732, 30 , 0.03617088091003362, 61, -0.478982764266304 ,  111, -0.9269754645178881 
107, 238,8, 4, 11, 16, 4, 11,149, 1661, 1.765210000643087, 2.5535293481625425,0.3464001500894974, 20 , 0.4667608816347506, 9, 1.102440459741153 ,  7, 1.2970502859722683 
148, 218,11, 3, 8, 22, 4, 11,38, 988, 2.275386581042362, 2.7374959252156126,0.3975760498931359, 5 , 1.320475378671019, 8, 0.9053901235282652 ,  15, 0.3196812304818669 
159, 211,13, 4, 11, 19, 4, 11,1683, 2222, 1.9954871626883275, 2.3180954418457853,0.3864592859437417, 69 , -0.59861779858096, 43, -0.2295438950909817 ,  23, 0.22411159403274844 
154, 239,17, 3, 8, 17, 5, 9,1717, 2335, 2.2626670094519383, 2.244017194894682,0.3887870857407998, 40 , -0.2736669809095585, 23, 0.10507215583969437 ,  13, 0.5159639828056803 
138, 244,11, 3, 10, 17, 6, 8,912, 740, 2.442069301226688, 2.491136845139395,0.39851718339228137, 37 , -0.03664168009620257, 72, -0.470116393126923 ,  127, -0.8688971013369391 
142, 203,10, 3, 9, 22, 6, 8,1230, 1669, 2.2747965546637303, 3.075554694918524,0.33709052893423547, 71 , -0.5056868339475973, 32, 0.04423910270624953 ,  14, 0.6637331673286841 
155, 219,14, 4, 11, 22, 3, 8,570, 1055, 1.8974626751929051, 2.637339796809088,0.3798822948625039, 5 , 1.4347682978251222, 6, 1.193051993191937 ,  12, 0.620352158921378 
110, 240,16, 3, 8, 24, 3, 9,684, 1537, 2.596330055811954, 2.2756962589300977,0.34267581793570034, 4 , 1.4023763652336785, 4, 1.3845832809325547 ,  5, 1.1215742657924896 
123, 228,15, 4, 8, 22, 3, 9,405, 1535, 1.9057013633042104, 3.0654839537419187,0.3087426217188787, 120 , -1.0438208593941396, 59, -0.42478870916110634 ,  20, 0.38720805800489916 
116, 220,18, 3, 8, 21, 3, 10,57, 2067, 1.9818174483567006, 3.0005726478375303,0.2953936831941556, 109 , -2.12814261127454, 92, -1.804153020606003 ,  71, -1.3980022957432958 
151, 224,16, 4, 9, 15, 5, 8,1349, 991, 2.4790243598013646, 2.237396862295996,0.33492408189081657, 22 , 0.21568345491818935, 43, -0.23851205025626887 ,  78, -0.6708486648188406 
152, 228,11, 3, 8, 19, 4, 9,1606, 1350, 2.4902303906470067, 2.189222138313185,0.3901042917659234, 6 , 1.0911061813501497, 7, 0.8908042884549194 ,  10, 0.6098617795945953 
156, 229,17, 3, 8, 18, 5, 9,655, 1647, 2.547892579653812, 2.535358514574896,0.408266002862687, 10 , 0.7673091535323031, 6, 1.1577996325570956 ,  5, 1.3414046948641092 
111, 228,11, 4, 8, 16, 5, 10,766, 607, 1.8671625646143681, 2.6043771765507566,0.352711615889306, 99 , -0.7703266593321663, 160, -1.1487650181978695 ,  200, -1.487213405640309 
124, 236,17, 4, 8, 20, 3, 9,297, 1496, 2.5594133230238683, 2.9883708617962705,0.2940053578382086, 79 , -0.7327118954586569, 32, -0.005606512169974975 ,  12, 0.7848952263450002 
138, 248,10, 3, 11, 21, 6, 9,79, 1365, 2.0469365509539372, 2.777566399363409,0.31713164839052665, 18 , 0.5123990723246545, 8, 1.1306578409982377 ,  7, 1.2413406650837822 
109, 232,12, 3, 8, 14, 5, 11,911, 467, 2.0037593635111577, 2.517487671164404,0.3267262006094407, 130 , -1.1566673695062866, 178, -1.4383617033667815 ,  200, -1.7027328055736444 
140, 199,18, 4, 10, 19, 6, 11,473, 1794, 2.366238424399448, 2.339144553927313,0.36022056284451, 42 , -0.14236863696501462, 14, 0.6386282688601054 ,  8, 1.1208534150152332 
126, 238,15, 3, 10, 24, 5, 11,610, 1613, 2.3151881786375768, 2.5673244557656156,0.36102377268576136, 19 , 0.15832298790017316, 9, 0.7953137178298436 ,  5, 1.2108432506288311 
149, 228,8, 3, 10, 23, 4, 10,1424, 731, 2.705182323077274, 2.32993769266976,0.4125105271031808, 19 , 0.13288366957097056, 25, -0.0855076944268987 ,  34, -0.3169387716483892 
156, 207,11, 3, 8, 24, 5, 11,1746, 1745, 2.521359810450626, 2.5395892820633756,0.32521338108086095, 12 , 0.5405617452693466, 8, 0.9286466193750598 ,  6, 1.1737728926649629 
116, 231,9, 3, 9, 22, 4, 11,106, 1658, 2.6683421226530797, 2.283854465869795,0.37496845218443386, 5 , 1.324184135359025, 5, 1.359990776437338 ,  7, 1.0888246180606018 
133, 198,10, 3, 9, 19, 3, 8,1390, 857, 2.620235988715244, 2.842315163401495,0.4002047577788781, 5 , 1.154208441706435, 7, 0.938120716414381 ,  10, 0.6597988496206146 
158, 218,16, 3, 9, 22, 4, 8,1301, 618, 2.474542388537479, 2.733437802580725,0.29788807946347706, 13 , 0.31722808030400157, 23, -0.1079413296073261 ,  38, -0.5059796342852109 
124, 243,12, 3, 10, 21, 5, 10,1664, 576, 2.398342618563724, 2.23165785887612,0.34727963301443565, 57 , -0.6216014749092926, 74, -0.8315131884786557 ,  96, -1.0535100432092632 
118, 218,17, 3, 8, 21, 3, 8,42, 865, 2.6113254519491917, 2.684714998988043,0.40437640640043726, 7 , 0.8531809082022555, 12, 0.37690131829976625 ,  20, -0.07888143637855245 
117, 226,14, 3, 9, 20, 4, 10,1082, 2030, 2.6547433229475743, 2.189110178438555,0.43080349656843653, 7 , 0.8479533109131778, 6, 1.1042395414998387 ,  5, 1.243170387368957 
108, 209,14, 4, 11, 17, 5, 8,649, 1340, 2.576370069602085, 2.80126902082337,0.3750136742284249, 7 , 1.2422004389656072, 5, 1.4142746106039448 ,  6, 1.3897149499664339 
109, 250,17, 3, 11, 23, 3, 9,795, 2339, 1.8418750705509908, 2.4380634985245573,0.42426954600119104, 46 , -1.0310840612227474, 34, -0.6935813881444093 ,  22, -0.25960451408890994 
138, 213,11, 3, 11, 19, 4, 11,998, 2006, 1.8779833706408269, 2.572333749321829,0.35372075232767575, 50 , -0.6916124552262086, 28, -0.21270339442011826 ,  13, 0.3978777981607641 
137, 251,11, 3, 11, 20, 4, 8,1359, 593, 2.199696549990726, 2.8451365492619383,0.3358630159785699, 10 , 0.6180119341847012, 16, 0.20814964910814351 ,  28, -0.20565969145961716 
145, 245,14, 3, 8, 23, 4, 10,1101, 456, 2.617079922774387, 2.8686214349545347,0.4113764533688973, 11 , 0.47344270227291646, 16, 0.17390746871544133 ,  24, -0.13078507832843744 
136, 240,16, 3, 9, 17, 5, 9,1235, 982, 2.484242984870029, 2.5474487207211363,0.40518021079802025, 6 , 1.1820298304606185, 8, 0.9147941929725404 ,  13, 0.5281170899117106 
134, 207,13, 3, 11, 20, 5, 10,488, 722, 2.4189528318434483, 2.6135224364079344,0.2932452438315104, 33 , -0.22596634206224034, 68, -0.7672350832401051 ,  115, -1.2106306287422453 
155, 234,9, 4, 11, 22, 4, 11,728, 768, 1.7386930061816699, 2.9640932343281614,0.3193401971747827, 7 , 1.208689689553883, 15, 0.5555791246091363 ,  45, -0.22262121955707853 
137, 217,14, 4, 9, 18, 5, 9,1400, 998, 2.295941898444248, 3.0083588025845396,0.3253801474263619, 5 , 1.490664797944306, 5, 1.4184463705064272 ,  7, 1.159103029591447 
107, 234,11, 4, 11, 18, 4, 9,550, 581, 2.0621384771853215, 2.4688424728192198,0.3159093947997045, 139 , -1.2049535936628817, 194, -1.520922586339779 ,  200, -1.8097505654310109 
124, 215,14, 3, 9, 19, 5, 9,1186, 1237, 1.9336601140290028, 2.715748932150732,0.39780297371649254, 4 , 1.4441450471523916, 4, 1.4902821189094264 ,  5, 1.3915573694787127 
146, 204,16, 3, 11, 23, 6, 8,603, 2073, 2.6066520901709325, 2.384644951609503,0.3711458573033761, 132 , -0.9813787530808663, 58, -0.37253156522332176 ,  20, 0.36911226095847316 
143, 221,17, 3, 11, 22, 5, 11,191, 1129, 1.915659213283611, 2.5498853884018766,0.3668788203885507, 5 , 1.3779885755238122, 5, 1.2482455060787352 ,  9, 0.6976922362496338 
131, 238,11, 4, 9, 23, 5, 9,895, 1688, 2.3820124360113866, 2.721662487772833,0.3691870400598001, 34 , 0.015297239308329949, 15, 0.606150936642721 ,  8, 1.0866917355161756 
151, 194,13, 3, 10, 20, 4, 9,1219, 1399, 1.825630711236549, 3.01905443885697,0.39647238346838465, 9 , 0.6804419804071503, 6, 1.0728776065124292 ,  5, 1.3416976121808364 
134, 228,11, 3, 11, 22, 4, 10,81, 1010, 2.0830991955786473, 2.6032206676281797,0.328017004757161, 6 , 1.1288852166453398, 11, 0.5114766720446279 ,  26, -0.19257182806269624 
137, 223,17, 4, 9, 19, 3, 9,1218, 2254, 1.7412218654840714, 2.2114937267578947,0.3418719777753304, 84 , -0.8310603511548409, 46, -0.324238724061134 ,  19, 0.3376867258180722 
122, 246,9, 3, 10, 20, 3, 9,1719, 996, 2.4631955715208775, 2.865850057391058,0.3102270120670747, 4 , 1.3955089614244804, 5, 1.2109480557707004 ,  7, 0.9078317642644315 
142, 201,15, 3, 10, 20, 3, 11,1253, 487, 2.604303965190006, 2.8558698556698667,0.3964008578946542, 8 , 0.6188272837754225, 11, 0.3484937028503107 ,  16, 0.065427119444479 
121, 241,14, 5, 10, 18, 4, 8,1566, 2039, 1.8717773350268132, 2.864715065745245,0.31720184627079473, 200 , -1.7405470067208455, 200, -1.3670797855643453 ,  147, -0.9153849536929632 
124, 234,12, 4, 10, 22, 4, 10,700, 1557, 2.6466720195799596, 2.1794440782941686,0.3830128351142358, 6 , 1.3267695903956969, 6, 1.201519927868114 ,  10, 0.7939281949346555 
152, 204,14, 4, 9, 16, 6, 11,464, 1276, 1.8751708807736165, 2.1102082020915853,0.3876290330579232, 12 , 0.7326102929069882, 34, -0.024049717358716433 ,  94, -0.7180163747552604 
109, 234,17, 3, 11, 20, 3, 10,219, 1938, 2.2603157254248387, 2.4252538941182005,0.3966030338695, 21 , -0.2285053979262614, 11, 0.3565220620735234 ,  6, 0.9381551448038806 
105, 217,11, 3, 9, 20, 5, 9,1195, 1860, 2.445879826167179, 2.431679453638922,0.3049702176740121, 13 , 0.5929710107318682, 7, 1.080786548570557 ,  6, 1.327896484378549 
142, 235,12, 3, 10, 18, 5, 11,372, 1874, 2.041610011675907, 2.2779197356976377,0.3309312963774156, 24 , 0.07343516295662658, 9, 0.8419850100097013 ,  6, 1.2295334770822748 
104, 195,9, 3, 9, 17, 5, 9,264, 1730, 2.674321064570499, 2.6082227490223753,0.40794518384241574, 8 , 1.0303854244158224, 6, 1.3316563901498488 ,  5, 1.4268441269993184 
152, 223,14, 3, 9, 23, 5, 9,1228, 1253, 1.993128130057407, 2.484319295672308,0.4031528899362038, 4 , 1.4215369676615652, 4, 1.4046823871597958 ,  5, 1.2196690645492692 
137, 216,14, 3, 10, 23, 5, 11,865, 1410, 2.1987643035441167, 2.1346827409542906,0.32560066971086965, 5 , 1.35219540220884, 6, 1.0357264418376588 ,  13, 0.38907467292259323 
137, 242,13, 3, 10, 21, 3, 11,1061, 1342, 2.67835838518436, 2.3618648014344084,0.3555136570622872, 4 , 1.4063757166327115, 4, 1.3202929992195895 ,  5, 1.052412658704104 
136, 220,14, 4, 8, 21, 5, 8,243, 2059, 2.3777731748610265, 2.7728892228878843,0.28941651842647304, 200 , -2.2210031156735353, 200, -1.7328281524058207 ,  147, -1.1205047321595172 
131, 246,10, 3, 10, 14, 3, 8,895, 1640, 2.3453143330603368, 2.2785792610920774,0.2859350819522243, 5 , 1.3864007048884843, 5, 1.3894532949912086 ,  6, 1.1000186730265686 
128, 220,17, 4, 9, 24, 3, 11,1126, 2309, 2.4057538600950963, 2.253227885750662,0.31148470434450615, 120 , -1.1648384617592535, 74, -0.7085348330927682 ,  35, -0.10898405639652288 
129, 212,13, 3, 11, 21, 4, 11,605, 556, 2.3297830315619237, 2.1619787476338255,0.3213896127333592, 77 , -1.1793915972557338, 99, -1.4424269562310041 ,  121, -1.684554377745379 
110, 198,17, 4, 11, 23, 6, 11,1730, 1219, 2.2036614211588628, 2.786027278689276,0.2918324209665607, 8 , 1.1086352314319279, 6, 1.3050532206294294 ,  6, 1.2945938686679164 
117, 232,13, 3, 8, 22, 4, 8,572, 1789, 2.40122831783588, 2.5717751643933164,0.43130150231623166, 10 , 0.6846770360332045, 6, 1.0985622519297946 ,  5, 1.34273245558513 
150, 198,15, 3, 9, 20, 6, 10,200, 1554, 2.1952187212496526, 2.334636088398825,0.335460872380967, 8 , 1.0905955077555363, 7, 1.2773641642999525 ,  9, 0.9833976104659583 
108, 208,17, 4, 9, 23, 5, 8,270, 1284, 2.2986161204367406, 3.015698041705023,0.43302017244600766, 9 , 0.9963614982628954, 6, 1.3229398165900559 ,  5, 1.4344873526052693 
135, 206,13, 3, 10, 15, 4, 11,813, 1722, 2.0700289996653325, 2.8850205800808775,0.3838397512128304, 30 , -0.21502610130672156, 15, 0.3137321270332605 ,  8, 0.8712511556855844 
128, 248,16, 4, 9, 15, 5, 9,1535, 2308, 1.813411371627403, 2.190354999092947,0.3591886857440423, 83 , -0.7067470191616401, 43, -0.21749783774267334 ,  18, 0.3929313864338648 
125, 212,12, 3, 11, 22, 3, 9,646, 609, 1.8648180457144505, 2.941574003485571,0.3728590557267617, 8 , 0.7374587353862864, 13, 0.2600624567155443 ,  23, -0.18751386422047922 
115, 243,10, 3, 8, 24, 5, 8,1528, 2227, 1.8916746171503789, 2.1712274364508497,0.4311403730800103, 17 , 0.3393557416206091, 10, 0.7300180327195634 ,  7, 1.0653868391170687 
129, 199,9, 3, 8, 23, 5, 10,253, 907, 1.9545672329455144, 2.58126785972489,0.3962318250825356, 12 , 0.5771545769222907, 26, -0.0025470941718677745 ,  51, -0.5191725189150371 
119, 250,13, 3, 9, 21, 5, 8,41, 1747, 2.2300329597979314, 2.898782815722357,0.35882238986992343, 115 , -1.086295296156078, 53, -0.46108270383992184 ,  18, 0.35509401044895655 
147, 231,16, 3, 11, 14, 3, 9,1508, 1135, 2.4692022295981175, 2.7423919699467527,0.35638157519602287, 4 , 1.4496268088220168, 4, 1.423104423321112 ,  4, 1.294617833214291 
146, 207,13, 4, 11, 17, 4, 8,1358, 1447, 1.7593820931702382, 2.469690766123663,0.41455510350965963, 6 , 1.2635257048188562, 5, 1.3989015096526343 ,  5, 1.376620064817643 
106, 198,11, 3, 11, 23, 3, 10,867, 1107, 2.5914654823332555, 2.437436129835974,0.31925687658690916, 5 , 1.1825768761961757, 8, 0.7406637523882446 ,  15, 0.208861279601847 
144, 205,15, 3, 10, 18, 6, 9,1142, 1360, 1.890257129290653, 3.0760640762127744,0.35072221699261175, 31 , 0.08445783287019297, 13, 0.7072271981758586 ,  7, 1.1695037736369713 
135, 216,13, 4, 11, 17, 3, 11,969, 1956, 1.7724252732783086, 2.4799472353733885,0.31020099910997856, 104 , -0.9773736931468865, 55, -0.41669315474955293 ,  20, 0.33102841756372686 
150, 213,9, 4, 8, 21, 3, 8,1627, 1233, 2.516636023142887, 2.2014665714777815,0.43116747233175745, 16 , 0.5698440821429775, 22, 0.3621211014156426 ,  33, 0.10544155748287162 
129, 222,11, 4, 11, 23, 4, 11,883, 1787, 2.48866511307056, 2.128872398225199,0.40198061260485163, 8 , 1.035437189992999, 7, 1.1955560273473063 ,  7, 1.1280055047097692 
115, 235,16, 4, 8, 15, 3, 10,1349, 490, 2.167483666756702, 2.278837200192343,0.29146626255565394, 131 , -1.216858679052463, 166, -1.46076707019673 ,  200, -1.6981040310334035 
127, 229,12, 4, 10, 23, 6, 8,540, 2326, 2.1615223082094914, 2.379186596659552,0.3702021041800927, 200 , -1.6407892463102425, 169, -1.118479157650643 ,  67, -0.4386108563200951 
134, 229,17, 3, 9, 20, 3, 10,714, 2026, 2.4131416770010716, 2.1332931480683195,0.40504667255186544, 8 , 0.6969413313012588, 5, 1.0820036539574456 ,  4, 1.2869335989575343 
131, 242,12, 3, 11, 21, 3, 9,1200, 1814, 1.947907307961536, 3.0359425208844053,0.3384159648706864, 43 , -0.8008718801884651, 30, -0.4498956050575412 ,  18, 0.005950979812338824 
122, 237,15, 3, 9, 19, 5, 10,1787, 840, 2.399702736952854, 2.8033882043637144,0.4183838585307549, 6 , 1.0861111633506666, 7, 0.9438101526192278 ,  9, 0.7388331015649988 
130, 193,14, 3, 9, 17, 3, 9,1422, 688, 1.8597546832948453, 2.6124393604077207,0.39729902240538106, 7 , 0.8361725609835304, 11, 0.482201560699063 ,  17, 0.1005579520827684 
135, 238,14, 4, 10, 20, 5, 11,1587, 574, 1.8633614721089131, 2.515783604172598,0.3405608424832772, 29 , -0.005167849023023963, 52, -0.4335801801744907 ,  88, -0.842608038566555 
128, 217,15, 3, 9, 14, 6, 10,604, 2415, 2.4618182869940526, 3.074892546919714,0.3019887490113925, 200 , -3.332808449356769, 200, -3.0289683562310907 ,  200, -2.652685940254463 
128, 246,12, 3, 9, 21, 3, 9,1683, 485, 1.8573728518872983, 2.5516544840611326,0.31070428880953305, 22 , -0.14296298112823674, 32, -0.45191602888488047 ,  44, -0.7555636414618649 
105, 208,13, 4, 9, 21, 4, 9,1498, 1758, 1.8585024269610173, 2.570650812176596,0.3400791088035058, 22 , 0.30967608188508783, 11, 0.8265578422406917 ,  7, 1.207110355186137 
150, 250,13, 4, 11, 19, 3, 10,342, 2354, 1.8258724155216939, 2.6751097700871336,0.3477964812805604, 200 , -2.3353890912221402, 200, -2.0240301110882335 ,  175, -1.6404453439981088 
148, 230,23, 6, 12, 24, 4, 10,2503, 1048, 2.2515787573843724, 3.8789547345913755,0.3103728124787759, 200 , -1.192882432615142, 113, -0.6750232221644191 ,  53, -0.13427224873091662 
84, 229,22, 3, 9, 13, 6, 8,2118, 2377, 1.8030555339842562, 3.609261836794745,0.24338426235222327, 200 , -3.972106818330102, 200, -3.7723708325065304 ,  200, -3.552795831184192 
141, 264,16, 5, 5, 23, 4, 10,3389, 493, 2.623946139433933, 2.6913119814671385,0.40916701051496973, 200 , -2.0581325504415826, 200, -2.046530915465288 ,  200, -2.0064841362240533 
119, 212,24, 4, 6, 23, 6, 12,977, 2028, 2.0718034597426183, 2.8170303366459715,0.34927485677504055, 200 , -1.882025977743738, 200, -1.4948472100586787 ,  131, -1.0202818712788708 
108, 226,13, 5, 12, 24, 4, 7,1417, 549, 2.6788691969900853, 3.175912108210455,0.4324566135098885, 12 , 0.7721947540501303, 17, 0.5149150214449678 ,  27, 0.20965954703197498 
149, 229,22, 5, 12, 22, 3, 12,977, 345, 2.131555626013828, 2.9166518709935056,0.25900829526686175, 68 , -0.5757261177738918, 136, -1.1301428760825962 ,  200, -1.5834228010184777 
98, 273,15, 3, 5, 11, 4, 8,933, 832, 2.3619560690909154, 3.631791796473395,0.17799259581693516, 9 , 1.2302002682281734, 13, 0.7558700544439219 ,  35, -0.11398538656487016 
107, 205,21, 3, 12, 12, 3, 6,969, 1604, 2.07945234499271, 2.528699304846655,0.31639143916868673, 14 , 0.4101767636779767, 7, 0.9646730936266316 ,  5, 1.2687007328047704 
192, 193,5, 4, 11, 22, 8, 8,2122, 202, 3.2576764317541844, 3.9171501062191836,0.3790166029622506, 200 , -1.1201270990289234, 200, -1.1855096790496105 ,  200, -1.2489463853934037 
157, 171,10, 6, 6, 22, 5, 11,1635, 446, 3.2547761889487035, 2.092944409636389,0.39132112952970965, 200 , -3.012371756871945, 200, -3.1003251555836857 ,  200, -3.2041343864072034 
138, 178,23, 5, 8, 15, 6, 10,2162, 2022, 1.5951480659037358, 2.9147044084347593,0.19399538877510533, 200 , -3.069422985271056, 200, -2.703283066223755 ,  200, -2.22245459235379 
132, 182,13, 4, 5, 10, 4, 11,1717, 1535, 3.2557657452612645, 3.4923517368115293,0.1965098524382065, 200 , -1.453873884575769, 114, -0.6664141797279104 ,  30, 0.31168324816173093 
102, 221,5, 4, 6, 19, 3, 10,2805, 1063, 2.777136990645481, 2.213781263617407,0.25387288424276816, 200 , -2.1092152865059646, 200, -2.259744553789573 ,  200, -2.369556221275356 
104, 180,21, 5, 7, 9, 6, 13,596, 510, 2.1789338680296666, 3.3171665332592832,0.2639050254514168, 160 , -0.9170382104509763, 200, -1.4745026595988568 ,  200, -2.001990674017467 
150, 165,8, 6, 6, 19, 4, 11,3123, 2834, 3.2638722153692967, 2.4692228994644987,0.26539569887423026, 200 , -5.096703316925673, 200, -4.467259828411747 ,  200, -3.6120993294262043 
124, 165,20, 5, 10, 14, 3, 13,2162, 1238, 3.2250838967352635, 3.2279574535168516,0.42801589462065204, 10 , 0.9621843414299923, 10, 0.9604143088119049 ,  11, 0.8796279092946764 
106, 213,17, 5, 11, 22, 5, 6,673, 165, 2.2165082188635594, 3.0716535709179746,0.42830777260565267, 136 , -0.9429685504561289, 193, -1.2151649213847284 ,  200, -1.4801213828263413 
150, 226,21, 5, 8, 19, 4, 8,2508, 2658, 1.9636259170561559, 2.4675963185109007,0.33041107746862874, 200 , -1.795386541484822, 200, -1.4610611985162298 ,  181, -1.1300763545504113 
179, 177,18, 4, 7, 19, 6, 8,3140, 186, 2.7763406725912816, 2.9042604825772154,0.42843955847525106, 200 , -2.0693707838347737, 200, -1.9931249925495482 ,  200, -1.9043297068314093 
148, 161,22, 5, 7, 28, 5, 12,1184, 1863, 1.3296655917852644, 3.9284895322598326,0.4388568291356515, 200 , -3.2803908446696437, 200, -3.0755555199879576 ,  200, -2.820544735329978 
95, 192,8, 5, 10, 19, 4, 12,2900, 1962, 2.536351153472019, 2.065478064057957,0.42593655678534015, 45 , 0.07245996348514974, 66, -0.16976363668344102 ,  87, -0.3491622900598695 
184, 200,11, 6, 7, 22, 6, 11,1153, 229, 2.736109325507236, 2.051539186326395,0.22859229537748801, 200 , -4.2097963311589055, 200, -4.370241964997094 ,  200, -4.532945219699729 
163, 208,5, 5, 7, 27, 3, 7,1497, 2819, 3.098653981307102, 2.4132411740101682,0.4579880604436348, 200 , -1.6184084042966271, 200, -1.213832935857683 ,  200, -0.8201316719028672 
103, 243,5, 4, 11, 10, 8, 10,869, 518, 2.905752369978977, 3.2722432277478086,0.3618197629144143, 176 , -0.7573947475787672, 200, -1.133779328470216 ,  200, -1.5333068220012025 
172, 242,16, 5, 9, 15, 5, 9,308, 52, 3.098579117873264, 2.662241306094061,0.457774789064164, 200 , -1.7889604772440955, 200, -1.962342116551747 ,  200, -2.133695109047991 
167, 230,6, 6, 10, 10, 5, 10,1124, 1502, 1.7891228588610417, 2.436946775702368,0.4059973010709237, 9 , 1.332075167691581, 8, 1.3350961649095785 ,  12, 1.0436364085985665 
117, 221,5, 5, 11, 16, 3, 9,3398, 1573, 2.7394440861731297, 3.9879738948620664,0.45373168083929527, 51 , 0.06321331412610444, 25, 0.509914761245544 ,  19, 0.7018495361988918 
107, 201,13, 3, 12, 12, 4, 12,3168, 2767, 2.05170119724567, 2.0593985802806722,0.3914052972485971, 21 , 0.11499249109812827, 15, 0.3540848122458797 ,  13, 0.487433081020431 
129, 209,8, 5, 8, 17, 8, 8,889, 88, 3.1882590743094212, 3.0307404659069883,0.44840393754744046, 200 , -1.8546297374033507, 200, -2.03637137173853 ,  200, -2.228455649280401 
80, 255,5, 3, 11, 10, 6, 7,2863, 2320, 3.060442754843784, 3.2832755706585752,0.39663320872091756, 200 , -1.6942109790208508, 200, -0.9318381973536133 ,  71, -0.25221345958779773 
89, 225,22, 4, 11, 10, 3, 10,208, 593, 3.2447586747198827, 2.0161661058045732,0.1945270696570824, 200 , -2.6571409679230236, 200, -2.874651127203348 ,  200, -3.075017524126535 
185, 206,9, 3, 7, 12, 5, 12,2176, 398, 2.794216701605869, 3.5054771564282285,0.2551426330497216, 74 , -0.7444190119449738, 91, -0.9060351435706588 ,  110, -1.0571420147397799 
161, 260,6, 3, 8, 11, 4, 13,1369, 1395, 2.9274881573706395, 3.764612164286505,0.3458832034757089, 19 , 0.3030202441086126, 11, 0.741632178961356 ,  7, 1.0969483688660497 
110, 250,11, 5, 11, 21, 3, 10,1217, 2562, 2.989825079062534, 3.3432895801342832,0.37132070156836017, 200 , -2.8186914591075904, 200, -2.565100504214096 ,  200, -2.2730944193224607 
143, 212,20, 5, 8, 10, 8, 7,2772, 37, 1.7899756523161656, 2.7411421201504576,0.18228042963051305, 200 , -4.324223524615654, 200, -4.371975288513925 ,  200, -4.472028809589501 
108, 192,13, 6, 5, 21, 8, 12,115, 961, 3.13255555353458, 3.7749715707577574,0.3915386745622109, 12 , 1.1301580228359094, 9, 1.3700456148137534 ,  9, 1.3683435453232557 
122, 238,10, 6, 10, 17, 3, 8,2869, 1765, 1.4371233674078707, 2.443632360485922,0.3074135402133416, 29 , 0.41004747233761885, 17, 0.7657039738740223 ,  11, 1.058001410025193 
155, 222,18, 3, 7, 23, 3, 9,1526, 1126, 2.415708014586521, 3.8965938947476255,0.3285845110108804, 13 , 0.3562366934067997, 8, 0.7425220406667967 ,  6, 1.0773469198861838 
146, 203,18, 3, 10, 20, 3, 7,2291, 54, 2.6743180247336156, 2.8031635246552336,0.280913878410096, 69 , -1.4074394327282833, 69, -1.4114667104926462 ,  70, -1.4293802785317484 
149, 202,14, 3, 9, 20, 4, 8,1326, 1589, 2.2413347753077275, 3.453842487124334,0.2779704915275525, 77 , -1.0291811622980274, 49, -0.6256073923019022 ,  26, -0.10064109268757118 
140, 212,11, 5, 10, 16, 4, 10,1885, 1086, 2.553380081275058, 2.5433624386168825,0.2889235937883805, 14 , 0.7665431376792269, 28, 0.2859963027670143 ,  60, -0.21502888663670655 
126, 207,17, 4, 9, 17, 4, 10,1394, 698, 2.7134397717505223, 3.2639054320134027,0.3092519709756325, 6 , 1.2898136364628274, 8, 0.9619395246289191 ,  15, 0.495661788893803 
119, 199,19, 5, 8, 18, 5, 7,1574, 1236, 2.725930580714298, 2.7265381030119764,0.3587833771398018, 7 , 1.311560440374627, 7, 1.2243084199241312 ,  10, 0.9967213603957393 
112, 237,15, 3, 9, 17, 4, 10,1520, 1506, 2.085095742562366, 3.4885468147076475,0.37366300317549206, 31 , -0.2434327545257807, 19, 0.1285086053233746 ,  11, 0.5643483926058654 
139, 197,11, 5, 10, 13, 3, 8,1802, 404, 2.5627643557577855, 2.82782730081452,0.34779701325201495, 182 , -0.9691421025095589, 200, -1.1140403812113475 ,  200, -1.2895043485297992 
137, 228,16, 4, 9, 18, 4, 10,1202, 420, 2.037885421732021, 3.2708374522007806,0.3271219650199364, 14 , 0.5078405475908794, 28, 0.003557084826453662 ,  53, -0.46698321175169266 
135, 200,14, 3, 9, 22, 6, 8,2146, 961, 1.8102887904583935, 2.6643825582541334,0.3209323743274163, 7 , 1.2071005845900973, 9, 0.9462081187396639 ,  15, 0.5131786781788866 
127, 222,11, 6, 10, 23, 4, 11,1307, 767, 2.105724075654102, 3.4229746125019895,0.36563152167105184, 7 , 1.4081938938145655, 7, 1.3798419366876866 ,  10, 1.1292364728488091 
126, 224,15, 5, 8, 22, 6, 11,955, 1075, 2.534131536105228, 3.1034965179242002,0.27592490258717045, 11 , 1.038412891725188, 7, 1.3258949676087521 ,  8, 1.2776104083050963 
128, 219,14, 3, 10, 17, 4, 10,795, 652, 2.2366409095316655, 2.738294791368376,0.3271820286204765, 15 , 0.28310520152726176, 28, -0.2100254061348236 ,  48, -0.645760685923766 
152, 194,10, 5, 8, 18, 4, 9,981, 1137, 2.462227055647922, 2.8248937986172544,0.2850362794389676, 7 , 1.4031441340580937, 10, 1.170821659635154 ,  24, 0.47387232377150407 
144, 192,19, 4, 10, 16, 5, 10,1896, 1238, 2.027142533877445, 2.8363787792004453,0.3497959026982735, 7 , 1.1595219373710026, 6, 1.306503924177458 ,  5, 1.3516860593387676 
133, 226,16, 3, 10, 20, 3, 8,892, 893, 2.2892588468580968, 2.5502861849345075,0.3878754028966377, 4 , 1.1978767649626931, 6, 0.838309968339921 ,  11, 0.3935444704632579 
114, 217,18, 4, 10, 22, 4, 7,1929, 1916, 2.7937125655203583, 2.8585549257077085,0.2629832820882748, 148 , -1.3592131338955131, 81, -0.8164352905631994 ,  36, -0.16459140897655797 
129, 218,14, 4, 7, 14, 4, 9,855, 400, 2.457349309542728, 2.5347488559163915,0.38974180909895406, 126 , -0.9935231238190836, 164, -1.2218240983944806 ,  200, -1.4413542179733052 
143, 238,19, 5, 10, 14, 3, 9,2085, 1140, 2.2077521475344426, 2.588210131911169,0.39801654013895493, 9 , 0.9780537976402488, 9, 0.9163145387999783 ,  11, 0.7901561216643251 
114, 235,14, 4, 7, 16, 3, 10,2375, 970, 2.3916666003256566, 3.1829331777371275,0.3606098810126732, 6 , 1.2513682600624016, 7, 1.124360826597955 ,  9, 0.9644731405337202 
150, 208,10, 4, 9, 22, 3, 9,1400, 821, 2.2480341287642247, 3.441779162672888,0.28780524003409846, 5 , 1.4845541614763593, 6, 1.4169859125381687 ,  8, 1.1122826061273174 
130, 198,15, 4, 8, 22, 6, 9,566, 1556, 2.2890697809248692, 2.543861832407843,0.2852139623751591, 19 , 0.4803815314554771, 9, 1.1182534209511115 ,  8, 1.2465368028421928 
151, 228,18, 3, 8, 15, 5, 9,913, 53, 2.416867384532047, 3.0298978350437986,0.2899166101505707, 200 , -1.6966518944635887, 200, -1.8946728022574282 ,  200, -2.093883482951298 
143, 190,12, 6, 7, 22, 3, 10,735, 259, 2.416901657202793, 3.2710856459416258,0.30078115704559794, 200 , -2.112911900837332, 200, -2.513990603558654 ,  200, -2.8734765245360028 
136, 246,15, 3, 7, 21, 5, 10,2266, 663, 2.6199269982367284, 3.228862311629187,0.30609891804956896, 8 , 0.8076812329636766, 12, 0.5106582425503875 ,  18, 0.21962608342856238 
127, 238,16, 3, 7, 15, 6, 9,1829, 1926, 2.6843155714064366, 3.276717211989294,0.37333993109964825, 166 , -1.0317834877960386, 96, -0.634345178060189 ,  50, -0.19482277602192027 
155, 202,18, 4, 8, 20, 4, 9,2369, 193, 2.234805980542255, 3.1158743164814817,0.31377238723539813, 91 , -0.8477224205249566, 99, -0.9233046653299306 ,  112, -1.0238718703433656 
127, 222,11, 4, 9, 22, 4, 8,2312, 1989, 2.526841411212039, 2.700185801772009,0.28123162630104526, 87 , -0.672507030080391, 36, -0.012190349595305761 ,  15, 0.6168616056594745 
147, 210,15, 3, 10, 21, 4, 7,1088, 540, 2.383541891196323, 2.7072679064549314,0.31374915930532915, 25 , -0.131087336003738, 42, -0.5114852059813499 ,  63, -0.8588346497163759 
152, 215,14, 5, 10, 16, 5, 10,1659, 1108, 1.9778618308096654, 2.586704421726595,0.2952215993692826, 6 , 1.3575828908375251, 9, 1.107774836857129 ,  18, 0.5288650738165895 
145, 198,12, 5, 9, 21, 6, 10,1336, 114, 2.236325779774738, 3.440548386362921,0.3178235063245247, 200 , -1.20906643101163, 200, -1.5090376196786863 ,  200, -1.8222023770758107 
149, 194,19, 5, 9, 13, 5, 10,2362, 1930, 2.5079563351660497, 3.328260149744879,0.3669771233489464, 200 , -1.3206913025057145, 144, -0.8974514977323629 ,  81, -0.47367719673913167 
122, 205,12, 5, 10, 15, 4, 7,1447, 1223, 2.197938570597721, 2.8337677381314146,0.3384343871762703, 6 , 1.444504980998474, 6, 1.4341486723212116 ,  7, 1.2470663031707674 
131, 235,16, 3, 8, 20, 6, 8,1885, 301, 2.484046885588718, 2.956505175618063,0.3115748489191483, 145 , -1.0065742148396963, 178, -1.167838194079648 ,  200, -1.3467045513569997 
137, 213,18, 4, 9, 15, 6, 8,502, 726, 2.5450476499586823, 2.57271132984532,0.3843709627082298, 56 , -0.27106293864963965, 118, -0.7705404210865352 ,  200, -1.1979102986893908 
132, 189,13, 4, 7, 18, 6, 8,1599, 1694, 2.2551657649069554, 3.277300562647711,0.3438601115634392, 92 , -0.5853521298529337, 47, -0.11673430796684219 ,  21, 0.4278558345757501 
128, 220,17, 5, 9, 22, 4, 11,1141, 1305, 2.611416527846408, 3.141651298788916,0.2913120696237038, 73 , -0.3718046069971909, 26, 0.337934247185431 ,  11, 0.9569012968475977 
127, 190,15, 5, 7, 23, 6, 8,1617, 135, 2.5070304366141087, 2.7864764890946256,0.31142011228107913, 200 , -2.0337885189107805, 200, -2.1955440742060457 ,  200, -2.37917279179182 
142, 213,11, 5, 9, 15, 5, 8,862, 1623, 2.617040345290256, 2.9495164416111814,0.3610312292268226, 50 , -0.030086074054826585, 19, 0.6200646399585186 ,  10, 1.1159673293096213 
127, 212,11, 3, 7, 17, 5, 9,1597, 629, 2.4093315096884496, 3.081846859244238,0.3665324130942772, 10 , 0.7462767201999331, 14, 0.4595447710735672 ,  23, 0.13399712832466884 
152, 237,15, 4, 7, 21, 5, 9,1873, 1023, 2.613928446391178, 3.381048109320532,0.2684927439233016, 7 , 1.2113588762814986, 6, 1.3840573584449547 ,  6, 1.385077977660716 
144, 210,18, 5, 10, 21, 5, 11,1749, 1309, 2.108758846142841, 2.7979249320305692,0.2616941878488015, 27 , 0.3005101633775794, 11, 0.9033325638609706 ,  8, 1.2081621093430883 
144, 200,16, 5, 9, 13, 5, 9,1441, 440, 2.193070450642658, 3.4313913247860777,0.3401188859631966, 18 , 0.5292059873595385, 35, 0.0692240055607293 ,  71, -0.394039972188428 
114, 240,15, 3, 9, 17, 5, 9,1908, 1534, 2.2934826108008153, 3.39972671487702,0.2679576432248305, 90 , -0.8449661534712154, 46, -0.33243610601173673 ,  20, 0.27040077005324337 
112, 189,11, 6, 8, 19, 5, 9,2278, 1961, 2.676550099471164, 2.6872082612789976,0.39419065508150564, 51 , 0.11382591531162203, 30, 0.4349881504916804 ,  22, 0.6251155271164509 
158, 203,14, 3, 7, 22, 6, 9,1935, 88, 1.9317372383862261, 2.7415982744969236,0.2783610412766884, 200 , -1.6326398078215796, 200, -1.8202586335555824 ,  200, -2.035672632671174 
127, 231,14, 3, 9, 19, 6, 8,2196, 558, 1.925369882801128, 2.891511496094595,0.26095128859483707, 51 , -0.2643472916573224, 88, -0.6304703541138833 ,  148, -0.9995995577500366 
135, 217,13, 4, 9, 14, 4, 9,688, 1208, 2.2838084789305455, 3.124496366766821,0.31632377597593764, 8 , 1.13093934839484, 6, 1.3921646907720464 ,  6, 1.4267819466092135 
161, 199,15, 5, 10, 14, 5, 10,1394, 38, 2.274562755444599, 3.1039696595944273,0.29284727218651274, 200 , -1.7977977642160172, 200, -2.023668140141545 ,  200, -2.257248558957723 
153, 204,11, 4, 8, 21, 4, 8,1852, 1389, 2.2579369934588196, 2.577443625716101,0.32847488018774496, 6 , 1.3130853639916702, 6, 1.303002439271049 ,  8, 1.1551326486828286 
156, 219,14, 6, 7, 20, 5, 10,516, 1179, 2.2262594791441686, 2.79979630926026,0.30764483603739246, 11 , 1.1581595563195943, 9, 1.26115726267236 ,  17, 0.7873912506620859 
154, 205,14, 4, 9, 14, 3, 10,428, 598, 2.566849062064243, 2.951885636834036,0.2909851843407105, 54 , -0.4122053898443827, 98, -0.8765598912434649 ,  149, -1.2609859818384013 
147, 229,17, 4, 8, 23, 6, 8,973, 1915, 1.8846474455981974, 2.718460764674078,0.2518710921434413, 200 , -2.2715981125420415, 200, -1.7516314764863303 ,  157, -1.0824325570634603 
120, 203,18, 3, 8, 17, 3, 8,481, 451, 2.6430038901358373, 2.8701006434239256,0.3166981005957077, 34 , -0.5333212563628699, 47, -0.825140705614472 ,  61, -1.0882872456815071 
118, 200,12, 3, 8, 14, 5, 8,474, 554, 1.8682420196324117, 2.5409926510728704,0.3242133328607033, 200 , -1.4861869371709195, 200, -1.7793575330106137 ,  200, -2.059276146221916 
129, 227,11, 4, 9, 22, 6, 10,1113, 678, 1.8588758649616963, 3.437063243178259,0.25730556639933094, 7 , 1.36649335503838, 11, 0.8537728222480235 ,  33, -0.005898599789843753 
119, 190,13, 5, 8, 19, 6, 11,1576, 1467, 2.3654096218138463, 3.06234696128739,0.2859451929023217, 56 , -0.08274899929701392, 21, 0.5877821158096275 ,  10, 1.091304950244875 
109, 202,11, 5, 10, 18, 5, 10,670, 1000, 2.4265970083266026, 3.3884752652920587,0.2629255978306483, 9 , 1.2158660334270357, 8, 1.3773892040718516 ,  9, 1.1927730524539597 
135, 208,14, 5, 7, 22, 4, 8,1791, 244, 2.7125814052611115, 2.980126526144873,0.3302886078050087, 200 , -1.420133248905908, 200, -1.5490702072956544 ,  200, -1.7015949331717681 
148, 201,17, 5, 10, 17, 6, 9,882, 612, 2.7301678749113805, 2.573456395355593,0.28925864192747575, 166 , -1.0283699944542914, 200, -1.4677475590799351 ,  200, -1.8943280833804 
134, 197,14, 4, 9, 20, 3, 9,2073, 1210, 2.6285416575461156, 2.90029987314118,0.3973341235806892, 7 , 1.18330646620659, 7, 1.129921328725093 ,  8, 1.0335265991966698 
141, 225,15, 4, 9, 17, 5, 9,1877, 790, 2.242293232896877, 2.8000905699409353,0.2925303141502391, 10 , 0.8198053890064584, 17, 0.3999299084946174 ,  33, -0.06448021442363423 
143, 231,16, 5, 8, 18, 5, 8,1205, 572, 2.453025409796787, 2.8856668136395323,0.2893248408017408, 65 , -0.33944770596862794, 128, -0.8155938803415164 ,  200, -1.2349683301747227 
135, 212,14, 4, 8, 17, 6, 9,1704, 1379, 2.1088986115842587, 3.189953263787161,0.31995204928421483, 21 , 0.42552687276104256, 11, 0.9062109672549421 ,  7, 1.2413564847014926 
125, 205,15, 5, 8, 18, 6, 10,1031, 1408, 2.294008934715343, 2.890900295165907,0.3422110492279481, 19 , 0.5981943135736157, 9, 1.1045457363272035 ,  7, 1.3412856917862537 
144, 210,17, 4, 8, 16, 5, 8,1629, 1195, 2.4806988926916844, 3.244791861561666,0.3243308136155556, 7 , 1.145739753556585, 6, 1.3525452049131825 ,  5, 1.436265139535527 
141, 219,15, 4, 9, 18, 5, 9,1898, 548, 2.2547638805895573, 3.0815498492993223,0.3262276897122811, 14 , 0.5284643505720441, 22, 0.20723479988386162 ,  37, -0.1404299857061864 
139, 230,14, 4, 9, 17, 4, 10,1471, 515, 2.4824928136854894, 2.85634082922114,0.3049449747344206, 37 , -0.1604252281067638, 59, -0.5029820268492744 ,  89, -0.8288055822746898 
137, 214,16, 4, 8, 19, 5, 9,1687, 868, 2.2803749682694203, 3.0840972922123777,0.3215629348447274, 5 , 1.4315798582663495, 6, 1.2643321241190444 ,  9, 0.9313622038487057 
148, 214,12, 4, 9, 16, 4, 9,1666, 989, 2.281186455705715, 2.989152904538046,0.29539550150835026, 5 , 1.4597106448422852, 6, 1.2994438322733175 ,  9, 0.9374116794142349 
135, 207,14, 5, 9, 19, 4, 8,1735, 1076, 2.44398812375362, 2.9789945892371046,0.30768950822853547, 6 , 1.3978911859874357, 7, 1.328288507866819 ,  9, 1.0789267866097543 
130, 212,15, 4, 8, 16, 4, 10,1510, 1309, 2.4498623105078465, 3.130603637484442,0.3505581105043839, 9 , 1.0222966074448, 6, 1.269514841775087 ,  5, 1.4017116717085547 
131, 222,13, 4, 8, 18, 5, 10,1545, 1474, 2.222119102099491, 2.8810157887019026,0.3427679205229234, 12 , 0.7617303835379254, 8, 1.116855616130371 ,  6, 1.3298064438493482 
131, 222,14, 4, 8, 17, 4, 8,1212, 769, 2.35519258103664, 2.955065842656027,0.3182503128340195, 8 , 0.9868351605245258, 16, 0.4925335583566312 ,  34, -0.050231628359212625 
127, 216,13, 5, 9, 20, 4, 10,1170, 561, 2.52415649018581, 2.7696787509448635,0.3016675578346203, 106 , -0.6231678303766205, 186, -1.02548674445183 ,  200, -1.4070877151748165 
136, 205,16, 3, 8, 19, 5, 9,1574, 756, 2.1405835317760236, 2.8376773334421026,0.3084792287936161, 7 , 0.9937961075969124, 12, 0.5578411165468434 ,  24, 0.04901603770192989 
136, 221,16, 5, 8, 16, 5, 10,1122, 1397, 2.118364842453552, 3.078956987646948,0.3284589076330613, 48 , -0.056852322860358406, 18, 0.6151548464610885 ,  9, 1.1349945493452602 
124, 213,15, 4, 9, 16, 4, 9,1812, 1454, 2.50559244475658, 2.7838818933196174,0.3321307221343468, 7 , 1.1400438535898865, 6, 1.3029198694768838 ,  6, 1.3469647815649228 
149, 231,14, 3, 8, 19, 5, 9,1740, 988, 2.2361018749266393, 3.0191496572769987,0.32360814380549896, 4 , 1.4860174784201519, 5, 1.426265647092815 ,  5, 1.2425397488070449 
124, 218,13, 3, 9, 16, 5, 10,926, 1202, 2.102557023832155, 3.206686433342825,0.3439532423307846, 7 , 1.0799279147493566, 5, 1.3623266505447236 ,  5, 1.47796067814402 
138, 227,13, 5, 8, 20, 4, 10,1855, 1248, 2.4953920932799107, 3.0647894106186735,0.28940859473400815, 12 , 0.9380831882591175, 8, 1.2180992560648536 ,  7, 1.3050622747894722 
135, 204,13, 4, 8, 16, 6, 9,1093, 514, 2.386666575291706, 2.8970431945599424,0.3323886835863541, 75 , -0.500747045397174, 130, -0.8868189252216647 ,  200, -1.2403174220845976 
134, 211,17, 4, 9, 18, 5, 9,1121, 780, 2.3181181641608006, 2.9349210522450315,0.3070203440179776, 7 , 1.1896692938313898, 12, 0.6847824513210327 ,  28, 0.04328198491038458 
126, 222,16, 4, 9, 17, 5, 10,1436, 1218, 2.243926638582302, 2.9155317656077253,0.3308745721270989, 6 , 1.2463816372403198, 5, 1.4041462144430255 ,  5, 1.4134881310095673 
133, 205,14, 3, 8, 19, 4, 8,1752, 932, 2.37473569236095, 2.8715465403474676,0.3293001467277955, 5 , 1.3175215774525755, 6, 1.1038930677816923 ,  8, 0.7869817143636206 
132, 223,16, 5, 8, 16, 4, 9,1372, 1000, 2.389092454531742, 2.829542215851675,0.36111699733042224, 6 , 1.3640095942041375, 8, 1.1640028412770504 ,  13, 0.7694585524328897 
144, 221,17, 5, 9, 20, 5, 9,1516, 1362, 2.204967612245632, 2.8115529864407884,0.3034097654660891, 18 , 0.5886631568013898, 9, 1.0611930147766229 ,  7, 1.2883808592766977 
124, 224,13, 3, 9, 20, 5, 10,1259, 718, 2.3945689292937047, 2.817257545826565,0.3482268372466515, 8 , 0.8942577464978214, 13, 0.4756926024752917 ,  24, 0.016011094165803173 
149, 223,12, 4, 8, 17, 4, 8,1506, 1290, 2.191604072073055, 3.2227183244503843,0.3574655586769532, 9 , 1.0042264313182978, 7, 1.2667865714259805 ,  6, 1.4210818965438847 
134, 204,15, 4, 8, 17, 6, 9,1883, 991, 2.396051386216236, 2.933470558313261,0.3329318219711731, 6 , 1.2992580256620117, 8, 1.112652723589613 ,  11, 0.7980744506319628 
135, 210,13, 4, 8, 18, 5, 9,1460, 1289, 2.1084436046272046, 3.2071984968460905,0.3259533712556313, 12 , 0.8133627803258582, 7, 1.184255182136101 ,  6, 1.3972345569983657 
151, 209,12, 5, 9, 19, 4, 9,1848, 1308, 2.3372193964510686, 2.959701117066275,0.3287296051075409, 10 , 1.0326608577668683, 8, 1.2282770962174816 ,  7, 1.2926469374618599 
126, 221,15, 4, 9, 19, 5, 8,1050, 947, 2.34225837312038, 2.8608516416825163,0.34050249102615815, 5 , 1.4328987718810862, 7, 1.1565439073757857 ,  13, 0.6367806237876397 
128, 226,15, 4, 8, 19, 4, 10,1438, 552, 2.2107508572130925, 3.233130808857809,0.325959683387513, 9 , 0.914751247603365, 16, 0.4760525197571937 ,  31, -0.004602404960656935 
135, 215,16, 4, 8, 20, 4, 10,909, 677, 2.4515782984286076, 2.8649747408307897,0.32245368528270235, 14 , 0.5469875407694359, 31, -0.012492345004027065 ,  62, -0.5184523393809767 
133, 216,16, 4, 9, 18, 5, 8,1249, 973, 2.195337602713657, 2.8130894786990988,0.30661664697432023, 5 , 1.4296700147302244, 7, 1.1417997374892268 ,  14, 0.5717816422644646 
148, 225,14, 5, 8, 16, 5, 8,1775, 1222, 2.120844991722656, 2.805251147536169,0.31066607180141914, 7 , 1.368977079486371, 6, 1.384596344112372 ,  8, 1.2245520454211947 
146, 211,15, 4, 8, 16, 5, 8,1638, 885, 2.473851838925434, 2.80620475479735,0.33731636646294105, 8 , 1.0332582166872455, 12, 0.6971267712910806 ,  22, 0.2792974851878171 
141, 219,14, 4, 9, 16, 5, 9,1526, 680, 2.2235593291311986, 3.1304849944390165,0.3094656580975007, 7 , 1.092414042737259, 12, 0.6625338752765833 ,  25, 0.1340140083586662 
137, 226,14, 4, 9, 18, 5, 8,1841, 867, 2.1697011309057004, 2.951970275429617,0.348139696746106, 6 , 1.304868610226738, 7, 1.1111567965321711 ,  10, 0.7901649249668121 
135, 217,15, 4, 9, 20, 4, 10,1217, 1145, 2.396017053940845, 2.7701389584071743,0.3576355883767556, 5 , 1.4120879707129705, 5, 1.4039381391500052 ,  6, 1.2196553399671475 
144, 207,14, 5, 9, 19, 5, 9,965, 767, 2.502088079073978, 3.0565733275688993,0.3502489054491471, 8 , 1.218890211354653, 14, 0.7529405034640113 ,  34, 0.1260304963149167 
138, 224,16, 4, 8, 18, 5, 10,1508, 618, 2.291502186873508, 2.8864653668679106,0.3223760420372437, 15 , 0.5055609812226831, 27, 0.06761938090723764 ,  50, -0.3700817126036057 
149, 222,17, 5, 8, 16, 5, 9,1022, 1446, 2.1789248081236607, 2.8037108703829157,0.31021970751785743, 29 , 0.284311798595686, 11, 0.9480533483120263 ,  7, 1.2866097942450954 
127, 217,12, 5, 8, 19, 4, 9,1209, 1293, 2.219689080336643, 2.8490645326055395,0.3012823993256043, 9 , 1.2013729884531157, 7, 1.384715131272076 ,  7, 1.318245220027599 
147, 204,16, 3, 9, 19, 5, 9,1693, 1295, 2.116069035449577, 2.803713895318638,0.34576067122721177, 5 , 1.2549500224483858, 5, 1.38845292309683 ,  5, 1.4167411631080666 
142, 226,17, 4, 9, 18, 5, 10,1041, 742, 2.0971630940526254, 2.822725336936842,0.357838108568425, 7 , 1.1257788584488473, 12, 0.6284450577356412 ,  27, 0.029547759480682917 
129, 216,13, 4, 9, 17, 5, 9,1021, 1316, 2.117438534119678, 2.8821789733446943,0.3525584081103753, 7 , 1.17325354307638, 6, 1.4003820366812951 ,  5, 1.4448449531479706 
149, 214,14, 4, 9, 16, 4, 9,1066, 921, 2.2732273431807286, 2.783526685027014,0.3346656823446702, 6 , 1.3067713901990055, 9, 0.900928872071544 ,  20, 0.31252837605362727 
140, 206,17, 4, 8, 16, 5, 8,1137, 1129, 2.228372910836292, 2.98136055090798,0.30353623720907674, 6 , 1.41554608229672, 5, 1.4693687020710744 ,  6, 1.304476431062941 
124, 216,13, 3, 8, 19, 4, 8,1821, 1119, 2.181638518193317, 3.004966985372435,0.33699272665285573, 4 , 1.4980748809714821, 4, 1.48832369319644 ,  5, 1.3901982599989102 
142, 218,15, 4, 9, 18, 4, 8,1781, 788, 2.294563839057041, 2.865616474238764,0.29562025944792736, 8 , 0.9408903789153941, 14, 0.5374524512169581 ,  27, 0.07442889393588638 
132, 209,14, 4, 9, 17, 4, 9,1537, 848, 2.3595724197417027, 3.1680744252480375,0.3008510520597647, 5 , 1.4539647734861434, 6, 1.2437891625565822 ,  10, 0.8372336409992738 
148, 230,16, 5, 8, 17, 5, 10,1409, 814, 2.2036226632385976, 3.126919712809454,0.3311887973835419, 6 , 1.436925008474125, 7, 1.237157652272783 ,  13, 0.7879299078626143 
130, 216,12, 3, 8, 20, 5, 10,1500, 1381, 2.1932373138457066, 3.167860981015097,0.3516388172199677, 10 , 0.7556553236978157, 7, 1.101822041350999 ,  5, 1.3391356727092492 
150, 212,15, 4, 9, 19, 4, 9,1560, 797, 2.49184230885799, 2.9581884405888426,0.32766289505266655, 6 , 1.1961219839412867, 9, 0.8801042993650329 ,  16, 0.44845793663917977 
138, 211,12, 4, 8, 17, 4, 9,989, 550, 2.0969265939980275, 2.92305537679566,0.3229301104237984, 49 , -0.25614348888148974, 88, -0.6877814481128941 ,  140, -1.0685877198953286 
147, 210,15, 4, 9, 17, 4, 9,1324, 1356, 2.472896883109165, 2.797101452884804,0.30499141830110055, 8 , 1.115429469233098, 6, 1.3479165532911208 ,  6, 1.388936779974434 
146, 209,12, 4, 8, 19, 5, 9,1532, 939, 2.4361940415888554, 2.940370958236586,0.34786608013414844, 6 , 1.3495973263015082, 8, 1.1350716125127898 ,  12, 0.7714655670705237 
139, 207,14, 4, 9, 16, 5, 10,1705, 769, 2.497828462937427, 2.9771228543795454,0.3433203929951142, 8 , 1.00465559894797, 12, 0.6970157015871588 ,  20, 0.321702873160476 
125, 208,16, 4, 8, 17, 4, 9,1811, 1165, 2.340036490777088, 2.8054545036829817,0.34768681469463814, 5 , 1.393659795360129, 6, 1.3356453930190741 ,  7, 1.1717171202047791 
117, 205,15, 4, 8, 19, 4, 8,1769, 1607, 2.274914065220905, 2.7744202855355846,0.3094743216326188, 13 , 0.6950763408887926, 8, 1.0812314631444144 ,  6, 1.3079601217223256 
125, 204,12, 4, 8, 17, 4, 8,1522, 1067, 2.218908706524921, 2.816495317903887,0.31505200768911346, 6 , 1.4276769121288415, 7, 1.1992408949234155 ,  12, 0.7598444350841651 
130, 219,15, 3, 9, 20, 3, 9,2111, 1161, 2.0964111181288487, 3.2161831966914045,0.3240475924601506, 5 , 1.2817866871392207, 4, 1.4056821105788209 ,  4, 1.4648275788690615 
115, 221,11, 4, 8, 19, 4, 8,1453, 1246, 2.299665728428913, 3.175016265300642,0.3488318497230958, 7 , 1.2777155374511546, 6, 1.4295113794517738 ,  5, 1.4795992973353203 
127, 225,14, 4, 8, 19, 4, 8,1813, 1180, 1.984200620868755, 2.958402033833395,0.34649087133907785, 5 , 1.386999913837554, 5, 1.4553274284717754 ,  5, 1.42153024552753 
127, 202,15, 3, 8, 21, 4, 9,1362, 640, 2.194951781848026, 2.759408532579969,0.30545857808643095, 13 , 0.37595784878735583, 23, -0.052907968131316103 ,  38, -0.4613710603799887 
131, 224,12, 4, 8, 18, 4, 8,1362, 1539, 2.1639885546952016, 2.998516883639227,0.33489383551382523, 21 , 0.3819388817988674, 11, 0.8784454189960451 ,  7, 1.236483295236616 
127, 217,11, 4, 8, 21, 4, 9,1961, 1036, 2.2890557440310246, 2.9210889003552305,0.3536305898716401, 6 , 1.3193108164333218, 7, 1.1994510318300724 ,  9, 0.9855023522968466 
120, 226,14, 4, 9, 20, 3, 9,1944, 1122, 2.0806662382870442, 2.8226650021351682,0.3196064801802586, 5 , 1.4086201222096997, 5, 1.374488480833184 ,  6, 1.2098319112993654 
126, 221,13, 3, 9, 18, 4, 9,1575, 1192, 2.2886138947993047, 2.8687246552981245,0.31177400517367826, 4 , 1.4684090861536447, 4, 1.4854251536461232 ,  5, 1.3734285115751508 
124, 215,13, 3, 8, 17, 5, 7,2104, 638, 2.146897652962757, 2.773658983347546,0.31507881636821733, 29 , 0.01762769716712701, 41, -0.2280965689474155 ,  61, -0.4972712981847263 
134, 228,11, 3, 8, 21, 4, 9,1914, 727, 2.008910635331226, 2.8263744823016035,0.34064515772366033, 7 , 0.9753826438878185, 9, 0.6944553754882337 ,  14, 0.3419282928151161 
111, 208,15, 3, 8, 20, 3, 8,1840, 627, 2.1318156512766606, 3.01480157294644,0.3438146212985467, 6 , 0.9627490225544144, 8, 0.7109825595502921 ,  12, 0.40595668213135766 
124, 219,13, 4, 8, 21, 4, 8,1872, 1454, 2.379751333811832, 2.9579828790701734,0.365820183782811, 9 , 1.0005963755297445, 7, 1.1955940686704003 ,  6, 1.310089037887833 
122, 203,12, 3, 8, 19, 5, 9,1518, 747, 2.421106019833637, 3.117676716236006,0.37183889093899236, 6 , 1.2350876810286162, 7, 0.9977191425300597 ,  11, 0.6662070087977793 
134, 222,15, 3, 8, 21, 4, 9,1648, 1427, 2.2188004048853642, 2.760457239051889,0.3525018447925995, 5 , 1.1711516022878712, 5, 1.3424398871013543 ,  4, 1.4238945119967 
116, 210,16, 4, 8, 17, 4, 8,1827, 1291, 2.0315362008600957, 2.7608113646819996,0.30340006425135835, 5 , 1.3983548862417066, 5, 1.447881403142 ,  6, 1.3515759186775722 
123, 221,14, 4, 8, 19, 5, 9,1781, 1143, 2.275709757426334, 3.2131146005667555,0.3366942012598465, 6 , 1.307146694351865, 5, 1.4185789794364905 ,  5, 1.4412153071997662 
126, 225,11, 3, 9, 18, 3, 8,1779, 1561, 2.414503553727222, 3.095062892822157,0.3219620877792786, 9 , 0.6869535778617705, 6, 1.029664675254156 ,  5, 1.2738281937355762 
138, 225,15, 3, 9, 21, 3, 8,1923, 1384, 2.25526604972179, 2.970282580641638,0.305553264535005, 6 , 1.011912846836043, 5, 1.2548452114413597 ,  4, 1.3954125737279577 
120, 219,14, 4, 8, 21, 4, 8,1932, 1384, 2.030514681556774, 2.817222647307049,0.37070149573587885, 7 , 1.1682237141899114, 6, 1.3059102516481604 ,  5, 1.3674355748694544 
122, 218,12, 3, 8, 17, 5, 9,1760, 670, 2.103567639210773, 3.148479413179289,0.33570086526774867, 7 , 1.0910338932583117, 9, 0.782000072097967 ,  16, 0.3821913824930833 
113, 217,12, 3, 9, 18, 5, 8,2110, 1579, 2.048164488592697, 3.059115480569731,0.3018671873872827, 17 , 0.41631846112511306, 10, 0.851197390341321 ,  7, 1.175314957784713 
138, 221,12, 3, 8, 17, 5, 9,1814, 694, 2.246731260636402, 3.216743003515135,0.31516884471380224, 6 , 1.1621204194285064, 8, 0.86906545643833 ,  14, 0.4816492027834933 
111, 219,14, 3, 8, 19, 4, 9,1515, 772, 2.178025135615421, 2.8844258300341474,0.330381798922057, 6 , 1.1222741460358825, 8, 0.772775172205674 ,  14, 0.33611634505341526 
135, 205,13, 3, 8, 18, 4, 8,2026, 765, 2.351532557824207, 2.985873084453474,0.3611358711411904, 7 , 0.9850484449761507, 8, 0.7979794768939079 ,  11, 0.5685895733269933 
111, 208,15, 3, 8, 19, 4, 8,2234, 1501, 2.024622605958534, 3.2132689765967237,0.32085598054432374, 11 , 0.6206645212712762, 7, 0.9574972292172569 ,  6, 1.2116837371537472 
119, 213,11, 3, 8, 22, 5, 8,1510, 717, 2.3025631698160893, 2.853270549265276,0.35406061950230105, 9 , 0.7910943442052616, 14, 0.4400188936816162 ,  25, 0.04853669184180864 
130, 214,13, 4, 8, 20, 4, 8,1929, 743, 2.277458319285465, 3.186250936178099,0.31126220169567576, 7 , 1.1375588018590013, 10, 0.8431916953874636 ,  17, 0.4599247620319119 
125, 218,13, 3, 8, 21, 4, 7,2149, 1306, 2.375382015326572, 2.8266329652942526,0.36941562685274587, 5 , 1.3636467164550443, 5, 1.344697708628301 ,  5, 1.281986546285817 
137, 229,13, 3, 9, 18, 4, 8,1841, 1383, 1.950936172002507, 2.8245990610994207,0.3190431067635964, 5 , 1.2150201972367192, 5, 1.3892209482117572 ,  4, 1.4627307657708226 
131, 226,11, 3, 8, 21, 4, 8,1413, 1528, 2.2701649757414586, 3.2179128638781416,0.32611414509915815, 18 , 0.21843215779548744, 10, 0.6863163690425531 ,  7, 1.092866371873829 
123, 221,16, 4, 9, 17, 4, 9,1569, 1178, 2.0208761634617574, 2.7783270961917745,0.3029298509387027, 5 , 1.4303323498859075, 5, 1.4505887501450838 ,  6, 1.276038817064325 
111, 219,15, 3, 8, 21, 5, 8,2026, 1071, 2.222926804640842, 3.2183148972071516,0.35198647621178136, 5 , 1.4240374550716175, 5, 1.4461263332511696 ,  5, 1.412683650800341 
110, 204,12, 4, 8, 19, 4, 9,1740, 1573, 2.2360958846598393, 3.079163145212065,0.3527216473510216, 19 , 0.4705012965435022, 11, 0.8559930519738889 ,  8, 1.1593000854962208 
118, 210,15, 4, 8, 21, 4, 8,2264, 785, 2.3546784313708073, 2.8099836333967554,0.31071356589996324, 18 , 0.3833847019592541, 27, 0.11118170997133717 ,  39, -0.15643972269428258 
111, 203,13, 4, 9, 21, 4, 8,1418, 833, 1.9467180257975585, 2.976467441705595,0.32961808237337575, 6 , 1.3550007096904342, 8, 0.9969470418551218 ,  17, 0.44403495957363076 
129, 210,13, 4, 9, 21, 3, 9,1774, 1522, 2.215550372222019, 2.857431944397818,0.34587524625563126, 13 , 0.6865875830948012, 9, 1.0037660880981596 ,  7, 1.229369001063866 
119, 207,12, 3, 8, 21, 4, 9,1691, 1305, 2.0277024077564008, 2.841182004598509,0.3070421755229782, 5 , 1.3867659202309184, 4, 1.4785653150363836 ,  5, 1.4539139414375881 
112, 220,11, 3, 9, 19, 4, 9,1976, 715, 2.064730295756412, 3.0546182803191053,0.347289834349389, 6 , 1.1544351139931364, 7, 0.9393643548190268 ,  10, 0.6418987246828586 
129, 206,11, 4, 8, 21, 5, 9,1371, 1109, 2.2889999838858373, 3.073329281000029,0.35829420033001413, 6 , 1.4323094113346622, 5, 1.4673648612025154 ,  6, 1.3736654516583555 
122, 212,13, 3, 9, 19, 3, 8,1414, 1609, 2.1605749668865926, 3.146204125074278,0.34892523977064593, 16 , 0.20242402035942644, 10, 0.6102895408870569 ,  6, 1.002989639236772 
134, 211,14, 4, 8, 19, 5, 8,2022, 1438, 2.028939114728523, 2.922326248077284,0.31361372004353505, 10 , 0.9127774455954007, 7, 1.1976536280512378 ,  6, 1.3594017090471593 
113, 211,13, 4, 9, 22, 3, 9,1589, 796, 2.1237426193743474, 3.065691690830122,0.33746386113666993, 5 , 1.362722474089724, 7, 1.1131175530713306 ,  12, 0.6957383688049795 
132, 208,15, 4, 9, 21, 4, 8,2098, 1428, 2.1489997299700505, 2.884382974294554,0.356856415598626, 9 , 0.9810938730343044, 7, 1.1694275173225812 ,  6, 1.2848292036873985 
116, 207,15, 4, 8, 17, 3, 9,1909, 992, 2.323874095299793, 3.0230570248640882,0.31453895586633196, 5 , 1.4177305051607807, 6, 1.2854344108110265 ,  8, 1.0250350681526204 
118, 230,12, 4, 9, 21, 5, 7,1792, 1116, 2.1914714368372685, 2.9334561488903867,0.3184374997308205, 5 , 1.461992222093954, 5, 1.4168305415931954 ,  7, 1.2344904625975726 
124, 219,12, 3, 8, 22, 4, 8,1981, 1474, 2.3823819550066716, 2.7963181398190367,0.36954661700033653, 5 , 1.2603450700471386, 5, 1.3413165918645213 ,  5, 1.3663770887889128 
136, 224,14, 3, 8, 19, 5, 9,1920, 1052, 2.0853420438557393, 3.1375882736719953,0.31914466190242274, 5 , 1.454961579327853, 4, 1.4869328126358388 ,  5, 1.4257317237564178 
116, 209,13, 4, 8, 19, 5, 9,1576, 1355, 2.0764669718533284, 3.248232375768553,0.3718754226257751, 13 , 0.7171830389223424, 8, 1.066403835451621 ,  6, 1.3143882270480867 
137, 215,16, 4, 9, 21, 4, 8,1514, 844, 2.320128360608173, 3.232795637039076,0.3186470875432442, 5 , 1.50125854177508, 5, 1.4103649258023607 ,  7, 1.148285737970581 
130, 220,13, 3, 9, 18, 4, 9,1800, 1200, 2.3817240687399632, 3.032525133279692,0.3007812749510359, 5 , 1.3887437271411531, 4, 1.466287597222618 ,  4, 1.4398709366488798 
114, 229,15, 3, 8, 19, 4, 7,2051, 1011, 2.1909265013724095, 2.8003435879327165,0.3731578985145042, 5 , 1.2940758409031268, 5, 1.1797840648695386 ,  7, 1.0021373705969905 
125, 216,12, 4, 9, 18, 4, 8,2032, 1425, 2.3845061751394994, 3.1141254118956434,0.3496484929611634, 9 , 0.9826557656732485, 7, 1.198424770447271 ,  6, 1.3242289633807092 
121, 229,15, 4, 9, 18, 4, 8,1377, 1429, 2.1966410668879277, 2.8851155898846494,0.31082369181417935, 12 , 0.7271863149822753, 7, 1.1520513291437338 ,  6, 1.3728011647896836 
112, 211,12, 4, 8, 20, 4, 9,1481, 715, 2.012505533018661, 3.0560899189986097,0.30833833011888967, 9 , 0.9701944066783348, 18, 0.46537205479282884 ,  39, -0.08952054390614426 
131, 208,13, 3, 8, 17, 4, 7,1656, 1566, 2.052452253022743, 2.7851045335955726,0.32789411935114365, 7 , 1.039152777539966, 5, 1.295303108049453 ,  5, 1.4360033783751622 
137, 225,12, 3, 8, 18, 4, 8,1714, 1304, 2.10770663044746, 2.809536363867651,0.33901081177496417, 4 , 1.4300789739778772, 4, 1.484874917034413 ,  4, 1.4424429066404019 
124, 227,14, 3, 9, 19, 3, 9,1335, 1032, 1.9322345762826032, 2.910746108678709,0.34374589416288837, 4 , 1.5392018373069967, 4, 1.5028356832001197 ,  4, 1.307342402474783 
119, 218,16, 3, 8, 20, 4, 8,1934, 1412, 2.2517971488028294, 3.06511439004315,0.30939392800533283, 8 , 0.9154512646729804, 6, 1.204193553891278 ,  5, 1.376453355379443 
132, 203,11, 4, 8, 18, 3, 8,1902, 925, 2.4197022410422093, 2.8369923643149244,0.3070899613117527, 10 , 0.9150398888058917, 16, 0.5644522175421951 ,  28, 0.169601055360757 
118, 208,12, 3, 8, 18, 4, 8,2067, 627, 1.9789269099324471, 3.135034780887495,0.3177860191007803, 8 , 0.8851374154308722, 11, 0.6061529852169406 ,  17, 0.2657956536622677 
112, 219,15, 3, 9, 21, 4, 9,1671, 1018, 2.214383194068027, 3.249511968282591,0.36306927445435033, 4 , 1.4553707127687898, 4, 1.50520681722002 ,  4, 1.4874029272496525 
110, 210,14, 3, 9, 17, 3, 9,1447, 1458, 2.203523287394596, 2.9419492594279157,0.35728754493498316, 6 , 1.058145289739359, 5, 1.2931477761221315 ,  4, 1.4385367503422526 
114, 204,11, 3, 9, 17, 4, 8,1466, 1083, 2.19513980469997, 2.9711703173197614,0.34279754105114446, 4 , 1.5456164853162988, 4, 1.4719859156988528 ,  5, 1.2716165810756652 
115, 216,15, 4, 9, 19, 4, 8,1885, 788, 2.3103307875185735, 2.828357007292639,0.358644121318097, 9 , 0.888113376442287, 12, 0.6314196019577243 ,  19, 0.3193119087554895 
125, 223,11, 3, 8, 20, 4, 8,2118, 1112, 1.9859027879625089, 3.229042064336668,0.3490551927974175, 4 , 1.4516271246437296, 4, 1.4959661741668893 ,  4, 1.4882616829406639 
127, 220,12, 3, 8, 21, 3, 8,1339, 902, 2.034902872362686, 2.985236208824049,0.3640014136125992, 4 , 1.5180655970351558, 4, 1.3552383030025719 ,  6, 1.047346736694808 
120, 222,14, 3, 9, 18, 4, 8,1812, 1216, 2.3493247421770818, 2.8982715121783125,0.3235701167871903, 4 , 1.4412259371832608, 4, 1.459109432593973 ,  5, 1.3811768926942725 
110, 230,15, 4, 8, 22, 4, 9,1375, 1267, 2.3644875081568486, 2.853882584658991,0.35883692297243586, 6 , 1.305322125789191, 5, 1.4136171816786356 ,  5, 1.3973691188485613 
136, 223,13, 3, 8, 20, 4, 7,2163, 1563, 2.2880469652205235, 3.041243862298857,0.3598297381689499, 8 , 0.8954656321006897, 6, 1.1221577764992432 ,  5, 1.2767959815212742 
122, 222,11, 3, 8, 18, 4, 8,1520, 1152, 2.330725261786533, 3.1722847930468427,0.36683143916630256, 4 , 1.4813796522328548, 4, 1.5246489848337073 ,  4, 1.4937173596921072 
111, 221,16, 3, 9, 20, 5, 8,2282, 961, 2.1979597004442937, 2.850260700968634,0.34285274091267093, 6 , 1.1872021319409929, 7, 1.025696608439664 ,  9, 0.805166916805136 
115, 230,15, 3, 9, 20, 3, 9,2074, 847, 2.2868605347662694, 3.213363300947081,0.33915219995283585, 4 , 1.4496648845417235, 4, 1.3669852942198921 ,  5, 1.2191039428867414 
129, 209,14, 3, 8, 17, 4, 8,2074, 1241, 2.1248391660242802, 2.967731084612738,0.32988696712159615, 4 , 1.4244815754542715, 4, 1.463933179735874 ,  4, 1.4330262828836995 
136, 225,14, 4, 9, 17, 4, 8,1858, 832, 2.428889700987888, 3.102612953571211,0.3473579311659287, 6 , 1.2790892826461124, 7, 1.0880246220607848 ,  10, 0.8076932764948789 
136, 211,11, 4, 9, 19, 4, 8,1444, 660, 2.207500884154392, 2.91439836838616,0.3377020904710244, 15 , 0.5619815756798974, 28, 0.13225801934734668 ,  52, -0.30062730609174776 
119, 202,13, 4, 9, 21, 4, 7,1923, 760, 2.015177035549236, 3.0067845098055708,0.3635968157937478, 7 , 1.1661270520948903, 9, 0.9367461944838 ,  14, 0.6020478491105867 
117, 203,15, 3, 9, 17, 4, 9,1760, 668, 1.9597039835839993, 3.0810721031702863,0.32423119637274256, 5 , 1.1861053348664012, 7, 0.8670926115665438 ,  13, 0.44078106764163266 
110, 207,13, 4, 9, 20, 4, 9,2306, 1103, 2.15264897964294, 3.2178515306986677,0.36813472452663887, 6 , 1.3302066359458997, 6, 1.3447936406084844 ,  6, 1.321743191763571 
110, 217,15, 3, 9, 19, 4, 7,1332, 1258, 2.024611512044025, 3.0137715748823988,0.3579810747792672, 5 , 1.284963352117692, 5, 1.4460103423656512 ,  4, 1.502189822645363 
117, 218,15, 3, 8, 18, 4, 9,1746, 1323, 2.06209377370174, 2.7910392842568266,0.3278537856330822, 5 , 1.3756884849439301, 4, 1.465155159817839 ,  4, 1.4536146494048654 
110, 204,13, 3, 8, 18, 5, 8,1603, 1099, 2.045274259367538, 3.141188245204817,0.35018964204096303, 5 , 1.5037567628882336, 4, 1.5300766425468777 ,  5, 1.4620920348224418 
132, 222,13, 3, 8, 22, 4, 8,2094, 1612, 2.2713488431959874, 3.202419202712904,0.30516290254050005, 22 , 0.048008766742952666, 12, 0.5129841064490753 ,  8, 0.9240762135429184 
110, 206,13, 4, 9, 20, 4, 8,1458, 1362, 2.0637918653279073, 3.164477091220747,0.31283175776803007, 15 , 0.628715449374231, 8, 1.0751983970141998 ,  6, 1.3506168501183446 
111, 214,13, 3, 9, 18, 4, 9,2313, 1589, 2.289798030474735, 2.9378373436011183,0.3530254969289254, 7 , 0.9659066734115895, 6, 1.165428550841977 ,  5, 1.2871562651973565 
110, 202,12, 4, 8, 17, 4, 8,2082, 1240, 2.3460779281645543, 3.0836976877726423,0.3152707440694521, 6 , 1.4039026183499776, 6, 1.4292636815059372 ,  6, 1.36665392534474 
127, 202,15, 3, 9, 17, 4, 9,1666, 1594, 2.1934357675104863, 2.807380508569609,0.3396226549436997, 9 , 0.7662051250066131, 6, 1.0991071236007162 ,  5, 1.3219634476591013 
110, 206,16, 4, 8, 17, 4, 8,2300, 1113, 2.0419141369252927, 3.215419363168608,0.3239440770735692, 5 , 1.4030786336474874, 5, 1.4400476502950135 ,  5, 1.4111114209842068 
129, 210,14, 3, 8, 22, 4, 9,1412, 1051, 2.174027645805431, 3.2341138533629286,0.31525761242115, 4 , 1.4197792454973222, 4, 1.5113274562847643 ,  4, 1.4861763501887397 
120, 228,15, 4, 8, 21, 3, 9,1891, 691, 2.2435022088080174, 3.0183136872328626,0.3211405003359269, 9 , 0.9240658857663501, 13, 0.6056731477512053 ,  22, 0.23049159697770003 
114, 226,13, 3, 8, 19, 4, 7,1402, 1460, 1.955436711975885, 3.0205945185698377,0.3675045976331185, 8 , 0.8978381927541029, 6, 1.214339527505171 ,  5, 1.4142041442250337 
111, 207,15, 3, 8, 19, 5, 9,1368, 1576, 2.143499160030437, 2.7795491590477335,0.37057103755974274, 10 , 0.8042062117775152, 6, 1.1471800539836774 ,  5, 1.360618675727435 
115, 207,12, 4, 8, 21, 4, 8,1609, 1258, 2.075887882927013, 3.0759293846167433,0.3221027271738003, 7 , 1.252324487120058, 6, 1.4205433675993704 ,  5, 1.4676723359010773 
124, 216,11, 3, 8, 19, 3, 7,1563, 629, 2.066611060717655, 3.1436268500365125,0.35733952614569175, 6 , 1.0684568536971653, 8, 0.7677452879799039 ,  13, 0.40640526496669893 
118, 223,12, 3, 9, 19, 4, 9,1436, 674, 2.3563867302923924, 3.1159333995856153,0.3132268717428397, 6 , 1.0643016021022647, 9, 0.6908796002057349 ,  16, 0.25091186943682897 
113, 224,14, 4, 9, 21, 4, 8,1607, 1527, 2.1800335588246114, 3.04181293764485,0.3336184943010758, 23 , 0.2432852858107732, 12, 0.7163382356461746 ,  7, 1.1101851050319729 
121, 206,15, 4, 8, 18, 4, 9,1734, 1322, 2.2128947170763738, 3.0278526059664594,0.37313722762369617, 7 , 1.1424132376214449, 6, 1.3103909114787435 ,  5, 1.3987702538084372 
133, 214,12, 3, 9, 18, 3, 7,1350, 1615, 2.100739577630115, 2.797282274750601,0.33343297931456073, 8 , 0.8067765687987343, 6, 1.1557796573122705 ,  5, 1.3764188079801631 
135, 220,14, 4, 9, 20, 4, 8,1625, 820, 2.201837906458927, 3.0312672666586744,0.3139358544638108, 5 , 1.358583368678999, 7, 1.087595138318897 ,  13, 0.6410080050470004 
127, 215,14, 4, 8, 18, 4, 9,1683, 957, 2.1561426015883214, 2.8651973865307676,0.3126667225649308, 6 , 1.3782805813624857, 7, 1.1340396615301915 ,  12, 0.7019250757029135 
136, 222,16, 3, 8, 20, 5, 8,1758, 1590, 2.384499082186771, 2.9001039377726423,0.3567169675519417, 12 , 0.5858842883100213, 8, 0.9380624423091752 ,  6, 1.1936569317037968 
131, 230,13, 4, 8, 18, 4, 8,1462, 774, 2.1700514050513036, 3.0120457223929273,0.31492797005080686, 7 , 1.162724163264073, 12, 0.7415755710672096 ,  24, 0.20677582989249849 
131, 228,14, 3, 8, 17, 4, 7,2020, 1152, 2.408467123129917, 3.066981177715193,0.3168172588487814, 5 , 1.4569047592696618, 5, 1.4480875133991105 ,  5, 1.3591285246216676 
130, 208,11, 3, 8, 19, 3, 8,2039, 1035, 2.3002449067621953, 2.939913969425093,0.3136685522189091, 5 , 1.4062880906328146, 5, 1.2713154340947759 ,  6, 1.0449413623001103 
122, 223,15, 4, 8, 21, 3, 9,1350, 1596, 2.1761734577208287, 2.799772884634863,0.3524904141118478, 20 , 0.35398491945152777, 11, 0.8098566846704015 ,  7, 1.163944794775786 
129, 220,13, 4, 9, 18, 4, 8,1763, 1196, 1.940615638935519, 3.046172957805525,0.342650377183194, 6 , 1.316564146323383, 5, 1.4435802177309873 ,  5, 1.4703906855500812 
133, 217,11, 3, 8, 19, 4, 9,1564, 676, 2.2660430165320165, 2.9330772272623884,0.3361890071918915, 8 , 0.8307353012427504, 12, 0.4900144680868698 ,  20, 0.1117427028472737 
121, 213,14, 4, 8, 18, 4, 8,1988, 1047, 2.4280835183649785, 2.950699832228552,0.32711389604114993, 6 , 1.3612864950846846, 7, 1.212433867191223 ,  9, 0.9631575506725385 
115, 221,15, 3, 8, 21, 5, 8,1470, 1414, 1.9627291484117038, 2.789990033892523,0.331908776043887, 7 , 1.094754105121196, 5, 1.3460489675610532 ,  5, 1.4493263716149638 
111, 214,12, 3, 8, 21, 4, 8,1485, 1610, 2.191045680859638, 2.915591400054823,0.3569321120073746, 10 , 0.729797431881898, 7, 1.0753664614411882 ,  5, 1.3204043528893088 
122, 227,16, 3, 8, 21, 4, 8,1758, 1593, 2.0815747173815495, 2.942287262467276,0.3289503486742924, 14 , 0.3806288524882286, 8, 0.7968748991979874 ,  6, 1.1438756280096853 
129, 222,13, 4, 9, 18, 4, 8,1893, 922, 2.0371821986823804, 3.118034999755751,0.34397097620272143, 5 , 1.4737144831307178, 5, 1.3947267523381055 ,  7, 1.197706133180346 
119, 229,11, 4, 9, 21, 4, 8,1348, 1284, 2.335577258685184, 3.1860467604674207,0.30089327617638817, 11 , 0.8835113974068401, 7, 1.2416332813817343 ,  6, 1.4177454671070429 
128, 206,13, 4, 9, 19, 5, 9,2045, 1525, 2.1156370284348256, 3.1373865715540754,0.31179423126482475, 29 , 0.13232389146087747, 15, 0.6051002152111762 ,  9, 1.0099449218661962 
118, 218,12, 4, 8, 18, 5, 8,1725, 1440, 2.284572670081211, 3.1054847053564893,0.35715900006794443, 10 , 0.9005325650976997, 7, 1.1751159723049869 ,  6, 1.350830591041496 
138, 204,12, 3, 9, 21, 5, 9,1672, 1130, 2.287233093598438, 3.102077078012358,0.3416667396118592, 5 , 1.409285681785207, 4, 1.4739254467442982 ,  4, 1.4510262805185556 
128, 204,13, 3, 9, 19, 4, 8,1567, 1180, 2.1816046627550847, 3.084639947799574,0.34637698474430545, 4 , 1.417185116117921, 4, 1.5018255275554975 ,  4, 1.49943347151503 
110, 225,15, 3, 8, 18, 5, 8,1504, 859, 1.9785511510759122, 3.1699785105265486,0.3591786498119782, 4 , 1.5365615776938013, 5, 1.4225193737836803 ,  6, 1.1474656640395526 
110, 209,13, 3, 8, 19, 5, 7,1582, 1014, 2.143850454905582, 3.065412860301863,0.3025217257355999, 5 , 1.526993618055828, 5, 1.4144917261537844 ,  7, 1.1192715925505616 
113, 196,10, 4, 10, 19, 4, 8,1204, 840, 2.103718304851604, 3.039455931571852,0.3425171943297337, 6 , 1.325106082008881, 10, 0.9425203055537589 ,  20, 0.39054503698754756 
104, 190,10, 3, 9, 19, 4, 7,1172, 1295, 2.1449238451510197, 2.843751396922003,0.33263855147265897, 5 , 1.5087106840447453, 5, 1.5202134579135533 ,  5, 1.379637325642759 
121, 194,11, 3, 9, 16, 4, 7,1752, 1067, 2.2846838923483617, 3.1638008169211256,0.32352607267999156, 4 , 1.5344062412263926, 5, 1.488327120784387 ,  5, 1.3467896070840368 
109, 213,13, 3, 10, 17, 4, 8,1880, 938, 1.972543291592551, 3.028795551446806,0.33290081339978683, 4 , 1.5048920697923767, 5, 1.402752760196138 ,  6, 1.1807734384415929 
111, 198,10, 3, 10, 18, 4, 7,1679, 1003, 2.425041863539768, 3.0854227355994093,0.3075859109786998, 5 , 1.4844400956758563, 5, 1.3406990988019192 ,  7, 1.065540591606629 
127, 193,10, 3, 9, 15, 4, 8,1251, 1319, 2.013549381712032, 2.8096115104235517,0.3563858443787049, 5 , 1.4919553392379856, 4, 1.5301770092549951 ,  5, 1.439613389432143 
102, 205,12, 4, 10, 15, 4, 7,1109, 900, 2.3740820678263432, 2.79155656316651,0.3689383143475007, 7 , 1.114279411110398, 12, 0.7083459317806421 ,  24, 0.21094078720164955 
121, 202,10, 4, 10, 18, 4, 8,1667, 1579, 2.366251775839878, 2.998095404294859,0.3553723582913827, 14 , 0.6680765270018303, 9, 1.0149299265741254 ,  7, 1.2568797029735437 
124, 218,13, 3, 10, 18, 4, 8,1546, 946, 2.124585637667728, 3.153949599651228,0.3077657483434032, 4 , 1.5426924875393337, 4, 1.4865936202106527 ,  5, 1.2812656089743804 
119, 212,13, 3, 10, 19, 5, 7,1385, 1016, 2.0457202436714894, 2.840878937331568,0.3779084885408829, 5 , 1.4923576380450645, 5, 1.373680691625513 ,  7, 1.0852149731697178 
115, 211,13, 3, 9, 15, 4, 7,1965, 1027, 2.2463226707964665, 2.768677931217085,0.35650129112505424, 5 , 1.2610201030625474, 6, 1.098047266897604 ,  8, 0.8553006499887097 
118, 191,10, 3, 10, 16, 5, 8,1831, 977, 2.411572793343616, 3.1985263637579786,0.3447835603644799, 5 , 1.4667333402166056, 5, 1.3651955897253194 ,  6, 1.1770841727594281 
106, 201,11, 3, 10, 18, 5, 8,1359, 1440, 1.9782990569561247, 2.8455217368282186,0.3262151280333947, 7 , 1.1207189673352662, 5, 1.3694063557598897 ,  5, 1.4678976881042898 
101, 205,9, 4, 10, 19, 4, 8,1582, 1501, 1.99698099664743, 2.9433278552569258,0.376893732874627, 10 , 0.9437307193671741, 7, 1.222648661695547 ,  6, 1.3974701440593265 
127, 203,11, 3, 9, 18, 4, 7,1568, 976, 2.076624059894634, 3.06304980435742,0.3489997872998666, 4 , 1.5446364554296537, 5, 1.4405812191909195 ,  6, 1.2106897289110081 
104, 201,11, 3, 9, 16, 4, 7,1522, 764, 1.9683117753207213, 2.798804361311327,0.3648778611710023, 8 , 0.9051654254429188, 13, 0.5311237023307861 ,  23, 0.10464667864720013 
119, 218,10, 3, 10, 17, 5, 7,1508, 972, 2.193011203625751, 3.0571448914088117,0.31914030331277354, 5 , 1.5051394063409733, 6, 1.3421150927234575 ,  8, 0.9990233407859973 
113, 217,11, 3, 9, 17, 4, 8,1441, 1178, 2.0653805675297505, 3.0944987944640028,0.33963153976106153, 5 , 1.4665126507163158, 4, 1.5351871430023143 ,  4, 1.498714081952537 
128, 201,13, 3, 9, 15, 4, 7,1703, 1109, 1.9884022752135522, 3.1682002655543196,0.35633249524139865, 4 , 1.4965104065254013, 4, 1.5389307438611652 ,  4, 1.4999842765830955 
109, 208,9, 3, 10, 18, 5, 7,1568, 1209, 2.4089388342886693, 3.1195187083758222,0.34399292561315997, 5 , 1.469679515877739, 5, 1.5052132294384222 ,  5, 1.454251850019132 
123, 191,9, 3, 9, 15, 4, 7,1395, 707, 2.3331095071821935, 2.724943625678848,0.3436071747829865, 19 , 0.24856395471621306, 30, -0.08994429623677598 ,  47, -0.42760243323765423 
112, 198,12, 3, 9, 15, 4, 7,1658, 1499, 2.199744799950672, 3.077233623651396,0.37061337175869447, 7 , 1.0252382080250102, 6, 1.2548493002879937 ,  5, 1.4080839277145556 
121, 205,9, 3, 9, 16, 5, 8,1667, 694, 2.36724171958263, 3.0030166915930616,0.3524498635818909, 11 , 0.7056961226474044, 16, 0.4038267812504751 ,  27, 0.0643332888972439 
114, 216,9, 3, 9, 14, 5, 8,1926, 1164, 2.2019138427763707, 2.7377843986578094,0.3520252475430916, 5 , 1.3582766638942239, 6, 1.2230409018931852 ,  8, 0.9872939975286371 
118, 212,10, 3, 9, 17, 4, 8,1266, 1003, 2.277579942563129, 3.0366558245695936,0.31247122529053195, 5 , 1.5248822386949008, 5, 1.3633733082283739 ,  7, 1.0087089320101392 
116, 216,13, 3, 8, 15, 4, 7,1468, 845, 2.3601255508452184, 2.8955582193411695,0.34329600277447214, 6 , 1.1280253810299088, 9, 0.8063400634329244 ,  15, 0.39865380466302147 
123, 203,9, 4, 9, 15, 4, 7,1726, 652, 2.267160603621555, 2.774776913163792,0.30647573530764394, 54 , -0.2661550865095973, 81, -0.5653149371056574 ,  121, -0.8662383224719077 
107, 196,12, 4, 10, 19, 4, 8,1772, 788, 2.101361447790218, 2.998027604011427,0.36758645865225303, 6 , 1.205408754063422, 9, 0.9672829567010689 ,  14, 0.6190219998594009 
127, 210,11, 4, 10, 18, 5, 8,1717, 1430, 2.251218447306705, 3.0015929452456342,0.3431618386795472, 10 , 0.9358327096108794, 7, 1.2111956190788187 ,  6, 1.3703476713311917 
106, 216,11, 4, 9, 17, 4, 8,1154, 1557, 2.4326245578318364, 2.747435599503647,0.362977717249627, 8 , 1.0823024092389213, 6, 1.3298758879882837 ,  6, 1.42642128563245 
121, 213,12, 3, 9, 16, 3, 8,1486, 1294, 2.1721149774580724, 3.0429581216849195,0.3423940764656018, 5 , 1.352771850707971, 4, 1.4771607014183203 ,  4, 1.5166253550948954 
106, 209,9, 3, 9, 17, 5, 7,1187, 949, 2.34692625127132, 3.120306920198332,0.308472184362794, 5 , 1.4524573245632435, 7, 1.177992289577006 ,  12, 0.6871417889721343 
112, 193,9, 4, 10, 17, 4, 7,1514, 1236, 2.2219366522818333, 2.9705339185274946,0.3529152581384133, 5 , 1.4762841498708956, 5, 1.4912186232593285 ,  6, 1.392265229694494 
128, 211,13, 4, 9, 16, 4, 8,1772, 837, 2.015147330084396, 3.188750307945143,0.3581347742965172, 5 , 1.4729482364139117, 6, 1.3433020410303105 ,  7, 1.0836040145391095 
101, 197,10, 3, 9, 16, 4, 8,1795, 759, 2.427556464293552, 3.1819726935900556,0.35731426420711976, 6 , 1.1065599763796699, 8, 0.8940947104355739 ,  11, 0.6231176916867645 
112, 196,12, 3, 9, 15, 4, 8,1807, 719, 2.0551041083722836, 2.775794442681204,0.3475056270053337, 10 , 0.7038375268050779, 15, 0.3945489042765783 ,  24, 0.04145071641894261 
121, 206,12, 3, 9, 19, 5, 8,1297, 852, 2.237526276925159, 3.198067467597853,0.3233939180066536, 5 , 1.5062400579550923, 6, 1.3066346956336434 ,  8, 0.9135384504616335 
120, 217,10, 3, 9, 16, 5, 7,1649, 744, 2.232381621220661, 2.802080597666632,0.3607939476063202, 12 , 0.6510662713218671, 19, 0.3235276277410818 ,  33, -0.04292371358998401 
105, 201,9, 3, 9, 17, 5, 8,1231, 696, 2.2954419942885167, 3.14005232968701,0.3308420682241867, 9 , 0.8349184142770819, 17, 0.3869058495272036 ,  33, -0.08782072271420956 
116, 217,10, 3, 10, 17, 5, 7,1439, 1287, 2.319417605021549, 3.167785357622038,0.3258188718845795, 6 , 1.2437582784663683, 5, 1.4229171778220944 ,  5, 1.4912839882086728 
107, 202,10, 3, 10, 17, 4, 8,1007, 1010, 2.068928437152458, 2.942523669389616,0.3095338529823075, 5 , 1.4825230537125917, 6, 1.2149848698914303 ,  10, 0.6973384240735163 
122, 195,11, 4, 9, 19, 4, 8,1363, 1470, 2.047606447556568, 3.1064351610220777,0.3163087947210025, 23 , 0.3541213409546165, 11, 0.8838250631223902 ,  7, 1.2548484847548724 
122, 195,13, 3, 10, 16, 3, 8,1040, 1545, 2.1187401952534444, 2.8785094133890974,0.31020592096352084, 10 , 0.6141001377780893, 6, 1.0731109518072346 ,  5, 1.3480046700841424 
101, 207,13, 4, 10, 17, 5, 8,1082, 1574, 2.1765124591379887, 3.0184937230624067,0.3629282215526055, 31 , 0.07283047725727868, 14, 0.6441880394458188 ,  8, 1.1206897751054474 
103, 202,11, 3, 10, 17, 5, 8,1647, 1023, 2.264081308463169, 3.0646971575297224,0.32134765627884376, 5 , 1.509979431519535, 5, 1.4110248200143094 ,  7, 1.1694715534755382 
103, 212,11, 3, 10, 16, 5, 8,1052, 1440, 1.9724966435074336, 3.043795656350981,0.31261439434343086, 15 , 0.5531417460916392, 8, 1.0794246687927616 ,  6, 1.3633936506098279 
99, 193,9, 4, 10, 16, 5, 8,1068, 1083, 2.2454635592489964, 2.8229407257713186,0.3169594271024416, 6 , 1.4103344014031065, 9, 1.0572880280896866 ,  19, 0.44409912928637296 
113, 202,13, 3, 10, 15, 4, 8,1430, 1406, 1.9713569505452637, 3.1066750697172987,0.35230797025465477, 9 , 0.8555991170209122, 6, 1.1920092915981069 ,  5, 1.4038896295862486 
127, 201,13, 3, 10, 15, 5, 8,1759, 865, 2.0022897625654466, 3.1961188427485334,0.3299994321455907, 5 , 1.5097943691450317, 5, 1.3901149700282749 ,  7, 1.1181568467586664 
108, 197,10, 3, 9, 17, 4, 7,1926, 1348, 2.3810622187643773, 3.094901006606947,0.3456445271065186, 5 , 1.390793870808221, 5, 1.4580085108300036 ,  5, 1.4662959684382928 
124, 203,10, 4, 9, 18, 4, 7,1300, 770, 2.2863678129702336, 2.979367535499464,0.3110476428558777, 12 , 0.7622446906151108, 25, 0.2518820856777123 ,  51, -0.26152712665432126 
119, 210,12, 4, 10, 15, 4, 7,1637, 1513, 2.4293007048159367, 3.201290499357115,0.34094356912278634, 17 , 0.4909297602928051, 10, 0.912113030686678 ,  7, 1.2187210615451747 
103, 204,13, 3, 9, 16, 5, 7,1760, 1510, 2.4176034720927007, 2.9906537643946516,0.33357371035122385, 9 , 0.9762779343638102, 7, 1.232388660283095 ,  6, 1.375599180920814 
120, 217,11, 3, 10, 17, 4, 8,1465, 1190, 2.226640859463764, 3.064216773895155,0.30625208077577015, 5 , 1.4257378735464972, 4, 1.5049818713312868 ,  5, 1.466892617018085 
107, 198,9, 3, 10, 15, 5, 7,1697, 1414, 1.9812036881535775, 3.137499701169859,0.34248237702154627, 8 , 1.099245115510505, 6, 1.331196198824168 ,  5, 1.4651122906333967 
108, 199,12, 3, 9, 16, 4, 7,1571, 1319, 2.4227686913996465, 3.0968396178759443,0.3751863906075905, 5 , 1.3740768984146745, 5, 1.4607803976875087 ,  4, 1.485943459908962 
119, 215,10, 4, 10, 17, 4, 8,1566, 1150, 2.102211335518909, 3.160967957166563,0.33927260878586274, 6 , 1.421540251640078, 5, 1.5032818357394473 ,  5, 1.476448824780399 
121, 202,11, 4, 9, 18, 3, 7,1275, 791, 2.0160061808615453, 3.134748976615797,0.32144831511282435, 6 , 1.2758233020916119, 11, 0.8445268822643096 ,  23, 0.2608908633102973 
106, 192,10, 4, 10, 19, 3, 7,1719, 1460, 2.373847672560764, 3.0544755271948683,0.3629741856744241, 8 , 1.073661067838962, 7, 1.2729563892407847 ,  6, 1.3898130723691047 
111, 216,13, 3, 9, 16, 4, 8,1483, 611, 2.2438145371466405, 2.75751592585219,0.3156875090589475, 21 , 0.11630463498120372, 34, -0.23919437760370008 ,  53, -0.5857980505164158 
121, 208,9, 4, 8, 18, 4, 7,1464, 825, 2.2054118009596593, 2.777022074846159,0.3550152623941849, 14 , 0.6956355362392745, 25, 0.2842678815711308 ,  48, -0.15331379737676468 
105, 206,12, 3, 8, 19, 4, 7,1606, 607, 2.0767273547440297, 3.113636653808485,0.34791801664137345, 8 , 0.8363819064277606, 13, 0.4975941326471995 ,  21, 0.11524695928976744 
105, 208,11, 4, 9, 16, 5, 8,1193, 1349, 2.049395875850273, 3.0140043012179243,0.3152592753907393, 8 , 1.118622496805562, 6, 1.3858921636827795 ,  6, 1.4661900632600837 
109, 217,13, 3, 8, 19, 4, 7,1280, 1028, 2.087797039964748, 3.10483042517079,0.33303675892853246, 4 , 1.5633287747071896, 4, 1.5064453891942806 ,  5, 1.2966373256788384 
115, 201,13, 4, 9, 17, 4, 8,1296, 1086, 2.4272120388537175, 2.9502673856295454,0.34580794069075094, 5 , 1.5053992703485433, 5, 1.4169280349074564 ,  7, 1.1661351383238079 
117, 207,9, 4, 9, 15, 4, 8,1269, 1448, 2.121437767365528, 2.8053394965208875,0.3677535200407456, 7 , 1.3013059353035863, 6, 1.4464434478121477 ,  6, 1.4610397466678045 
104, 213,13, 3, 8, 15, 5, 7,1619, 1023, 2.414978155711246, 3.1892425529040205,0.3375985415568302, 5 , 1.5079639510177698, 5, 1.4309720804529211 ,  7, 1.2399063098714442 
115, 202,11, 3, 9, 16, 4, 7,1199, 660, 2.201579401114536, 3.1717314533270704,0.3188303472390126, 9 , 0.8144647606838116, 16, 0.3559626653924353 ,  30, -0.1157269891536415 
109, 216,12, 4, 9, 16, 4, 8,1555, 772, 2.080499106863094, 2.9858804754294264,0.33234636056327327, 7 , 1.0952947101158887, 12, 0.7009526773610705 ,  24, 0.2092050111796809 
125, 210,11, 3, 9, 17, 5, 7,1104, 1355, 1.9564006978958375, 2.850658457664381,0.3397733213295887, 6 , 1.327343376633119, 5, 1.4750098767055533 ,  5, 1.4604372928524383 
123, 217,11, 3, 10, 16, 5, 7,1780, 740, 2.1179113181620366, 2.808685015825163,0.37204676213764654, 10 , 0.8150562020086103, 14, 0.52231364949963 ,  24, 0.16560093271549836 
126, 210,11, 3, 10, 14, 4, 7,1484, 1303, 2.301223585227085, 3.17679886141194,0.36057194563650596, 6 , 1.2815888532791024, 5, 1.4317865843970923 ,  4, 1.499309079172891 
108, 196,11, 3, 10, 14, 5, 8,1331, 1383, 2.0411661209851033, 2.786901768235098,0.3104528473606061, 6 , 1.3617988889611308, 5, 1.473098762522979 ,  6, 1.4158763452607528 
111, 196,9, 3, 9, 19, 5, 7,1945, 1446, 2.074492210367275, 3.0827931574858534,0.3775439629247139, 7 , 1.172948187420199, 6, 1.3257168250084082 ,  5, 1.428156565290888 
121, 206,12, 3, 9, 18, 5, 8,1838, 1156, 2.137533375838352, 3.1794344893969404,0.31939900684260836, 5 , 1.4195047696355894, 5, 1.491257667344273 ,  5, 1.4799304727887745 
120, 198,12, 3, 9, 17, 4, 7,1253, 1175, 2.392948904851032, 3.1297436467684614,0.34780747833752146, 5 , 1.4842809090563007, 4, 1.5348737470622846 ,  5, 1.4812676700804688 
118, 191,10, 3, 9, 16, 5, 8,1615, 709, 2.1977432759791142, 2.896945845273863,0.3692514622499894, 10 , 0.7646745776834535, 16, 0.44520622250693903 ,  26, 0.07838593075551091 
117, 212,13, 3, 9, 16, 3, 7,1166, 1414, 1.994825219580484, 3.0254794470347273,0.35827239397072297, 6 , 1.045734976220585, 5, 1.3191692850557082 ,  4, 1.4696690383650997 
118, 217,11, 3, 9, 16, 4, 8,1098, 963, 2.1224532964020497, 3.128842245725523,0.3432975137522172, 4 , 1.5647207220898514, 5, 1.4413156775214448 ,  6, 1.1357286061301857 
117, 190,11, 3, 9, 19, 4, 8,1601, 1580, 2.174406686642719, 2.755657009718548,0.3320983232846211, 6 , 1.103023147578717, 5, 1.3290871903126713 ,  5, 1.4431124801153035 
105, 218,11, 3, 10, 16, 4, 8,1870, 633, 2.341329226115299, 3.1444110683478224,0.3325801553120564, 9 , 0.7856511306596061, 12, 0.5222230119490883 ,  18, 0.22105491482045997 
101, 191,10, 4, 9, 18, 4, 7,1313, 1070, 2.2459833713560826, 2.818468775538336,0.3540628993799637, 6 , 1.416992891952322, 8, 1.1685465205435015 ,  13, 0.7359674297891438 
105, 215,10, 3, 10, 18, 4, 7,1192, 786, 2.2440591546087987, 2.7271623638771283,0.3454591015269707, 10 , 0.675286785082627, 18, 0.24037457865620382 ,  33, -0.19642927074742236 
106, 218,12, 3, 10, 16, 4, 8,1400, 676, 2.2490201982050664, 2.7643784395731794,0.3566383654167603, 11 , 0.5791239312604265, 18, 0.21267219219657782 ,  31, -0.16619034180880385 
118, 205,10, 3, 9, 18, 4, 7,1919, 1503, 2.4224925728827245, 2.737578259719144,0.3255803385665368, 5 , 1.3692685465528758, 5, 1.4284112694935014 ,  5, 1.4033170120416913 
112, 195,11, 4, 10, 17, 4, 7,1314, 1250, 2.443344035962177, 2.968749638584982,0.35188454779886713, 5 , 1.4481101041662958, 5, 1.490023639970536 ,  6, 1.4083109106267715 
112, 203,10, 3, 9, 16, 3, 7,1435, 1017, 1.9949029924660449, 3.122836571124922,0.3457303846170853, 4 , 1.5826848013462527, 4, 1.5046496558463056 ,  5, 1.2958856041070999 
101, 195,13, 3, 10, 19, 4, 7,1076, 1330, 1.9500425624042277, 3.008756171850096,0.3752483943393181, 6 , 1.2133981862229655, 5, 1.42325882104112 ,  4, 1.5056468861685681 
117, 191,10, 3, 10, 17, 4, 7,1261, 772, 2.121144691327167, 3.1250785998381483,0.36371699216866005, 5 , 1.3134720265457867, 7, 1.0051597483755375 ,  12, 0.576232945712374 
119, 201,13, 3, 9, 16, 4, 8,1031, 1485, 2.102548772314144, 2.754407562253605,0.3102490369146418, 7 , 1.0843772921994328, 5, 1.3625200059168607 ,  5, 1.445040218625751 
113, 195,9, 3, 9, 19, 4, 8,1124, 660, 2.410302350142551, 2.9422967545069563,0.3385420175185154, 14 , 0.4544096099605294, 23, 0.05866882627063105 ,  38, -0.323879904096673 
120, 211,12, 3, 9, 18, 5, 8,1871, 1049, 2.1249353530197865, 2.983264069942366,0.34439882877373207, 5 , 1.4775824043739418, 5, 1.4154860256019093 ,  6, 1.2490965978124609 
106, 216,11, 4, 9, 16, 4, 8,1530, 748, 2.1833938004761464, 3.071206968215834,0.3375171834518861, 8 , 1.0703602382839337, 13, 0.6927650371542527 ,  24, 0.22980198946974706 
127, 201,10, 4, 9, 16, 4, 7,1794, 1540, 2.1182429882078893, 2.752780508188139,0.37406132015490046, 7 , 1.1831003162720948, 6, 1.3291406558097074 ,  6, 1.39427715032713 
102, 207,11, 4, 9, 15, 4, 8,1659, 971, 2.107330346324993, 2.978566061643492,0.3631093824198197, 5 , 1.4336388147879489, 6, 1.2717616361835986 ,  9, 0.9711143846595384 
102, 213,13, 3, 9, 19, 5, 8,1683, 653, 2.280539372780872, 2.80319593468083,0.3542197683741998, 15 , 0.4613262173901292, 23, 0.14999942683919495 ,  37, -0.18659497487257587 
111, 210,12, 3, 9, 18, 5, 8,1573, 590, 2.3338667543917424, 2.826698314336668,0.3183634495278548, 28 , 0.009270131609740282, 45, -0.3238233135465965 ,  71, -0.6546296448109724 
112, 201,12, 3, 10, 17, 4, 8,1364, 1052, 2.0450297760158307, 2.852146100191008,0.369651580779786, 4 , 1.5375414554591957, 4, 1.426785722742039 ,  6, 1.1708289359638988 
104, 205,12, 4, 9, 15, 4, 8,1401, 1103, 2.3523579331427342, 2.767505820778738,0.3117267882367324, 6 , 1.4156937550687876, 7, 1.1578331191247997 ,  13, 0.6869664907442672 
127, 192,13, 3, 9, 18, 5, 8,1217, 1353, 1.9790767336576707, 2.96571170905007,0.3415466615846108, 7 , 1.1119988922661002, 5, 1.370592226247465 ,  5, 1.478022148777805 
106, 210,10, 3, 10, 19, 4, 8,1789, 1099, 2.37222663483913, 2.996392559198271,0.3802191803147744, 4 , 1.4618057907766853, 4, 1.4126986100490069 ,  5, 1.3042898236208695 
120, 194,10, 3, 9, 15, 4, 7,1198, 951, 2.3813467415362126, 2.861512642291914,0.3740142026832055, 5 , 1.314962458532631, 7, 1.035581053081905 ,  11, 0.6379419219427238 
120, 197,11, 3, 9, 19, 4, 7,1769, 1321, 2.22079716048534, 3.158875536111723,0.3195752402683447, 6 , 1.2655045181268467, 5, 1.42222588840514 ,  4, 1.4914440742467734 
107, 204,9, 4, 10, 17, 4, 7,1412, 1072, 1.9518983865469224, 2.9660603217162,0.349396459191079, 5 , 1.5440645052039246, 6, 1.4277648069781177 ,  8, 1.1197711193203876 
113, 190,12, 4, 9, 19, 5, 7,1841, 1330, 2.2387811335116155, 2.7433411441124784,0.3647107371976327, 6 , 1.369313272125289, 6, 1.3652827668157175 ,  6, 1.2710260792873496 
115, 208,13, 4, 10, 15, 4, 7,1473, 855, 2.0319249796062238, 2.8928516171254026,0.35281417015099037, 6 , 1.292282578518477, 8, 0.967091990909997 ,  16, 0.48773229420379094 
107, 194,12, 4, 9, 19, 5, 8,1754, 1582, 2.1247886808901555, 3.2029899171866285,0.3514629447748612, 29 , 0.15420826166556018, 16, 0.5893765143810339 ,  9, 0.9927539055622994 
125, 195,11, 4, 10, 17, 4, 7,1035, 727, 1.972045237043453, 2.9273305497444975,0.3445488938977669, 13 , 0.6742864891789587, 28, 0.11590057527273868 ,  59, -0.41264316847125093 
115, 197,9, 3, 9, 17, 5, 8,1472, 1549, 2.1510296555548436, 2.8265222273148405,0.3614654475738953, 7 , 1.1468207797160819, 5, 1.3543869555824628 ,  5, 1.461088394913792 
128, 205,11, 3, 10, 15, 5, 7,1558, 1118, 2.054136188545776, 2.8922278843201505,0.33898305091166003, 5 , 1.5170338480160053, 5, 1.4471700163170103 ,  6, 1.2175197456541071 
101, 211,11, 3, 9, 17, 5, 8,1903, 824, 1.9904848279743916, 2.8259650356448995,0.3446104327132653, 7 , 1.028852186655908, 11, 0.7318146053365843 ,  18, 0.3405740516932921 
105, 213,13, 3, 10, 15, 4, 7,1161, 806, 2.0243823172837025, 2.9631154350317823,0.345217398731942, 6 , 1.2457305246287518, 9, 0.8389353048412277 ,  17, 0.30418970450020455 
117, 196,11, 4, 10, 18, 4, 7,1581, 683, 2.2040891738920934, 2.935926254776846,0.340320044933791, 14 , 0.6252174706965711, 24, 0.23966000184429426 ,  42, -0.1679955381301084 
121, 215,9, 4, 10, 16, 4, 8,1962, 1459, 2.390416720727039, 2.772400662241112,0.3595089504411172, 7 , 1.284702497943086, 6, 1.333531217623598 ,  6, 1.3072605408595857 
103, 218,9, 4, 9, 17, 5, 7,1268, 1463, 1.9489495054199821, 3.033795189050566,0.33413768726491433, 12 , 0.8342609512596509, 8, 1.2290109998406735 ,  6, 1.4329255008776165 
121, 215,13, 4, 10, 15, 4, 7,1400, 1351, 2.413943001845432, 2.771999403772484,0.3730062106540154, 6 , 1.3598770160066866, 5, 1.4278432710362285 ,  5, 1.3833000937002666 
104, 215,11, 4, 10, 16, 3, 8,1225, 1403, 2.1404693516283757, 2.8287310636915075,0.35184069368147364, 7 , 1.2475283236810613, 5, 1.4255391660092227 ,  5, 1.4630170251537902 
111, 199,9, 4, 10, 16, 4, 7,1122, 775, 2.404876896956516, 2.914392586735617,0.355478980570073, 13 , 0.6934603353610034, 25, 0.23629154377547887 ,  49, -0.2228801235553382 
121, 212,10, 4, 10, 18, 3, 8,1620, 589, 1.9527785697333044, 3.2018723002947675,0.3627690413882684, 9 , 0.9734903468771633, 14, 0.6054967089140642 ,  26, 0.17167505720176726 
100, 198,9, 3, 8, 19, 4, 7,1262, 1318, 2.1156404855042226, 3.093894910005461,0.3501740762879799, 5 , 1.4010573153317123, 5, 1.5135386013356216 ,  5, 1.5274006347455922 
98, 206,12, 3, 8, 21, 3, 7,650, 605, 1.6219394913255698, 3.0969869009531843,0.3049111576666783, 23 , -0.051407399150546776, 39, -0.5115179127212607 ,  60, -0.903985218686046 
82, 185,10, 4, 7, 20, 3, 6,1029, 545, 2.296946609237743, 3.5051193348444807,0.41741777154707416, 14 , 0.7127405001055144, 24, 0.3405161732382779 ,  42, -0.04350290469963203 
91, 188,13, 4, 8, 19, 4, 9,1661, 1806, 2.4646838547974355, 2.7449535838641035,0.2860602674921702, 33 , 0.08375684361784132, 15, 0.6743763402020525 ,  8, 1.1156090682529538 
106, 206,10, 3, 9, 20, 6, 9,365, 1172, 2.2896989824562795, 2.9991540125883924,0.40078969392084585, 5 , 1.481258794787644, 5, 1.4805920010153741 ,  7, 1.2690429642530947 
124, 201,6, 3, 9, 20, 4, 8,499, 2260, 2.2033676745682484, 3.5213149897135603,0.28276261556052673, 200 , -2.666559259511328, 200, -2.406093356574117 ,  200, -2.09548022553274 
93, 221,14, 3, 10, 17, 4, 8,884, 585, 1.6911757456451184, 2.816983651307951,0.35539283248686304, 23 , 0.0413968938380502, 44, -0.4301919907779481 ,  73, -0.8432095228535215 
117, 179,7, 4, 9, 22, 5, 8,2147, 1441, 1.6772294210582501, 3.42965216555966,0.29886958020829657, 41 , 0.06275654006365142, 21, 0.5355947366269209 ,  11, 0.9826019276849296 
85, 169,10, 4, 9, 16, 4, 6,973, 855, 1.9786193611412772, 2.6430626771725527,0.31335596981548774, 48 , -0.17584527899497454, 98, -0.6838155465109342 ,  173, -1.1209795416510524 
100, 211,14, 3, 9, 18, 4, 9,1621, 1529, 2.26953878424461, 3.3570467344797956,0.33211317154669273, 21 , 0.08130618043286195, 12, 0.5175803992938285 ,  8, 0.9394338321640106 
100, 197,6, 4, 7, 24, 4, 5,300, 1849, 2.1659757139473683, 3.192378591684233,0.41496719810270777, 155 , -0.8042253818131252, 68, -0.21674150755990898 ,  24, 0.48521163931207983 
79, 180,11, 3, 9, 19, 4, 7,1364, 1730, 2.1594299914627797, 3.292580198434721,0.3062661314299058, 50 , -0.4659296943078012, 27, 0.004935791052977164 ,  13, 0.565784326133914 
95, 185,10, 4, 9, 23, 5, 6,1405, 695, 2.2256386520653493, 2.951868485597502,0.32971401604914174, 21 , 0.36841462841708944, 40, -0.07174605181536281 ,  75, -0.5010599452087062 
92, 186,8, 3, 9, 22, 4, 7,297, 1936, 1.7552483918457753, 2.881064485696684,0.3339470067908715, 95 , -1.0146602303239542, 48, -0.4395176822119164 ,  19, 0.3218724400094743 
126, 173,6, 4, 7, 21, 4, 7,1600, 367, 2.3585152866631276, 3.2608333341158735,0.351993847816224, 132 , -0.6684051501558317, 177, -0.8776584408812617 ,  200, -1.1051907509192473 
81, 173,13, 4, 7, 20, 5, 7,832, 695, 1.636786974811507, 2.6479657999552595,0.2868310617198895, 197 , -1.2246426026386454, 200, -1.6373253407695052 ,  200, -2.026569732788778 
85, 212,7, 3, 10, 21, 5, 6,1687, 2271, 2.3547883870392567, 2.5954524855442154,0.3490415001203965, 46 , -0.2520615290718168, 24, 0.19782007621476366 ,  13, 0.6696167484777591 
94, 203,5, 4, 9, 17, 5, 8,1170, 542, 1.9743657650738484, 3.116016399053465,0.34956271591686716, 78 , -0.3778963067775958, 136, -0.7622848522433118 ,  200, -1.1171147393587801 
123, 225,7, 3, 8, 22, 3, 7,2155, 1356, 1.646939555028034, 3.519598375944029,0.34590700361036764, 10 , 0.7821127233714229, 7, 1.0509971099895072 ,  6, 1.284568103323024 
90, 218,10, 4, 9, 18, 3, 6,2016, 471, 1.7381755875736005, 3.0579852274931776,0.31551563087009893, 36 , -0.02725927769196402, 57, -0.3589872208978822 ,  90, -0.7016128181762069 
89, 214,6, 3, 7, 20, 4, 6,1845, 796, 2.4372434260636098, 3.5493818036593305,0.4099979231049965, 6 , 1.2946531289810301, 7, 1.1831219907459454 ,  8, 1.027163734295924 
125, 178,13, 4, 9, 16, 3, 6,1802, 2005, 2.429509365776134, 3.586126159814726,0.4187426933934639, 103 , -0.8078618934414566, 74, -0.5460710344158761 ,  50, -0.2466008717846534 
75, 221,13, 4, 8, 21, 3, 9,1470, 501, 1.8904023709088094, 2.6416084579504835,0.3656825551679085, 47 , -0.263980927371394, 73, -0.591765643130213 ,  108, -0.908005414804148 
107, 190,13, 3, 7, 19, 4, 9,1450, 528, 2.0947588326721913, 3.419642936376463,0.3701463768174599, 6 , 1.063625687930823, 9, 0.7524760766235834 ,  14, 0.3786058996854578 
117, 205,4, 3, 10, 23, 3, 7,455, 1742, 2.5794922354012257, 2.8888217321909773,0.40466167721056445, 15 , 0.5343358300028923, 9, 0.9882815885794742 ,  6, 1.293461119315841 
94, 222,12, 4, 9, 19, 4, 5,1264, 2259, 1.6589191237777001, 2.7461865804470884,0.42262839171194544, 158 , -1.180048523979792, 103, -0.8289457380048356 ,  56, -0.36324426887240496 
92, 177,5, 4, 9, 19, 3, 9,405, 805, 1.9460806491165883, 3.0018745473898756,0.3447817498733948, 51 , -0.06619292955105216, 122, -0.6504645994743529 ,  200, -1.1289666852694225 
71, 220,11, 3, 10, 17, 3, 9,1773, 334, 2.0430653037815816, 3.5167368165530073,0.2789646623572062, 19 , 0.08404259546182989, 27, -0.20099781621853527 ,  38, -0.4914177567569669 
115, 201,14, 3, 9, 21, 5, 9,486, 1225, 1.9280782880573994, 3.4837595335520612,0.39588450583719714, 16 , 0.39233442282870573, 8, 0.952163070979905 ,  6, 1.3081331983404023 
76, 212,12, 3, 7, 19, 4, 6,309, 383, 2.1059586348324544, 2.8328392914809095,0.3159921789457749, 194 , -1.6141129349860674, 200, -1.8178857774273833 ,  200, -2.0162650476423747 
85, 206,12, 4, 9, 23, 5, 6,755, 1356, 2.4703415872841603, 3.1845200172938215,0.3722314903428505, 10 , 0.9785501626284141, 7, 1.3098429132571885 ,  6, 1.460892121393119 
85, 187,10, 4, 9, 22, 5, 6,1348, 1726, 1.6668059395938641, 2.647305365589987,0.4023369619538735, 13 , 0.7481667441482703, 8, 1.157095567041998 ,  6, 1.3930843676433267 
111, 221,6, 4, 8, 15, 5, 9,402, 1784, 2.436135494926525, 2.656124908415209,0.40804001781248556, 16 , 0.7327592654731236, 9, 1.1774442077727627 ,  7, 1.3763825364245676 
127, 180,13, 4, 8, 18, 3, 8,1991, 1323, 2.2343239428787953, 3.3879990688837873,0.37124615403913963, 10 , 0.9779790297271215, 7, 1.1796455845606344 ,  6, 1.3253164975304552 
109, 185,8, 4, 10, 19, 4, 6,1206, 1617, 2.1904138567238576, 2.632441896883379,0.4026980319907616, 7 , 1.2444525657075654, 6, 1.4003758117825205 ,  6, 1.4322459781440826 
126, 180,7, 3, 9, 15, 5, 8,1652, 1188, 1.9794925691872367, 3.032990913776289,0.28883763457738865, 5 , 1.5302171601830448, 5, 1.5012017297147144 ,  6, 1.304684953422941 
93, 177,6, 4, 8, 15, 4, 7,1957, 874, 2.5177387239723927, 2.9972578398264753,0.39280820879244316, 21 , 0.5356922439248181, 27, 0.34705251779225416 ,  38, 0.13272189910306623 
92, 192,10, 4, 7, 20, 4, 5,1545, 1345, 1.6462340632766015, 3.0699046067274915,0.33390722516083227, 7 , 1.332587806009141, 6, 1.4914612561179506 ,  6, 1.5127228626105407 
85, 169,12, 3, 8, 17, 4, 6,1071, 1085, 2.317286455848766, 2.761644106296431,0.3686047861268471, 5 , 1.3755471581500942, 7, 1.0876205120796054 ,  12, 0.6489025358586077 
128, 196,12, 4, 7, 18, 3, 6,647, 409, 1.8660125376969106, 3.0910174659766065,0.3255455190231751, 166 , -1.140911807886759, 200, -1.4293086538950939 ,  200, -1.7077183938663583 
103, 214,6, 4, 7, 18, 4, 9,474, 1351, 2.1696563603668935, 2.974579643396269,0.3865154603412102, 7 , 1.3617752365909088, 7, 1.469355135298864 ,  7, 1.3689817743540058 
125, 208,9, 3, 10, 19, 5, 8,1366, 2227, 1.8215198161392934, 2.7054887376107084,0.30105046647691236, 179 , -1.4514080575126562, 118, -1.0765175858741094 ,  62, -0.5676795810788953 
75, 222,12, 3, 9, 16, 5, 6,1857, 1686, 2.162085974433971, 2.83107114949597,0.35202202889227374, 12 , 0.7598294487618126, 9, 1.0597290220181685 ,  7, 1.2672103917240887 
116, 205,12, 3, 10, 20, 5, 8,1123, 2066, 1.6765760051399, 2.950039219049345,0.31593565586113437, 200 , -1.76829197950961, 171, -1.425036088923292 ,  102, -0.9693887683773871 
109, 184,10, 3, 10, 18, 5, 7,865, 2050, 2.4210935475617177, 3.311368238119017,0.3430951857855271, 200 , -1.6347897013527983, 169, -1.2906841527266075 ,  100, -0.8560890332440027 
126, 222,8, 4, 10, 14, 5, 9,1741, 1478, 2.5903303267746693, 3.245648752836119,0.2874014144679259, 22 , 0.3997709307738383, 11, 0.9364029424606988 ,  7, 1.264075088984772 
93, 215,10, 3, 10, 15, 3, 9,1863, 673, 1.6712011823743111, 3.165263008264433,0.28559942933821186, 6 , 1.0720201725502636, 9, 0.6504257321491506 ,  17, 0.15648240179248377 
117, 207,5, 3, 7, 19, 3, 7,2205, 785, 2.2790422680168874, 2.8485183230913984,0.40055965873503196, 17 , 0.43440755681515936, 20, 0.32775910815776826 ,  24, 0.1928791019134192 
119, 209,13, 3, 10, 21, 5, 7,1898, 990, 2.087364340046001, 3.2713409177340376,0.33892300072216497, 5 , 1.478611689525391, 4, 1.4944506712941559 ,  5, 1.4330709420657977 
126, 215,12, 4, 9, 22, 3, 7,2104, 2033, 2.2443742396622426, 2.8009081594027387,0.2782757962038468, 110 , -0.899816077078544, 61, -0.42040588663623424 ,  29, 0.12860764979876174 
101, 169,9, 4, 8, 22, 3, 8,1881, 2196, 2.0299197675972707, 3.491484474328886,0.32282633575701225, 200 , -1.8662770657693386, 200, -1.5961385072015917 ,  200, -1.2900021014007321 
87, 218,9, 3, 9, 24, 3, 6,371, 1220, 1.6538131812899834, 2.7023450917877065,0.34567612799906244, 5 , 1.4422649044182552, 6, 1.1573421359907856 ,  11, 0.5681206555377227 
87, 187,14, 4, 9, 20, 4, 7,871, 965, 2.1077794077187306, 3.408429514554869,0.2847786934962223, 6 , 1.4738084711713046, 6, 1.4616573443750378 ,  8, 1.1864793373127487 
79, 176,12, 3, 10, 22, 4, 7,1853, 581, 1.8934860172062642, 2.924507450250517,0.29434974285864335, 18 , 0.21937415130842502, 30, -0.14282599098227478 ,  48, -0.5093767226564277 
105, 219,10, 3, 9, 16, 4, 8,1216, 966, 2.4264618398934132, 3.2791608087099897,0.28276474791669354, 5 , 1.5341046785333843, 5, 1.411636134397334 ,  7, 1.0856290751594675 
129, 193,14, 3, 8, 21, 4, 6,855, 1086, 1.7804883661061055, 3.410433065084349,0.33145617785953985, 6 , 1.2889466328914752, 5, 1.463397617397435 ,  5, 1.48634321006153 
118, 189,8, 3, 9, 20, 5, 6,641, 944, 2.0888854207783467, 3.3935397378481733,0.3076758960177849, 6 , 1.5091477342822477, 7, 1.315428959634509 ,  11, 0.8251694385684472 
123, 187,12, 3, 10, 20, 5, 9,987, 1921, 2.312808835723949, 3.1486075035609113,0.4237160900523613, 81 , -0.8300359980828698, 50, -0.4614882329707427 ,  27, -0.000583148918669584 
80, 180,7, 4, 8, 15, 3, 8,1749, 2252, 2.2861067893296014, 3.384634029058348,0.2788803141480039, 200 , -2.0701574567723418, 200, -1.7163365613939026 ,  200, -1.3130865850027926 
115, 185,5, 3, 7, 23, 4, 6,588, 2062, 2.1919906976013905, 3.058854650644194,0.29585692080759507, 200 , -1.5625420418834284, 141, -1.1393518683985842 ,  73, -0.5702756461262354 
111, 169,10, 4, 8, 18, 3, 6,869, 2270, 2.581209981659008, 3.0389265827216017,0.376445643036599, 200 , -1.4336673609817852, 174, -1.0749118029729745 ,  100, -0.6292144631295737 
94, 188,10, 3, 8, 20, 4, 8,788, 1592, 1.991558575847698, 2.863801894647609,0.3606117674996804, 9 , 0.8525232515966563, 6, 1.2385101715385567 ,  5, 1.4342292711774123 
105, 186,8, 3, 8, 19, 3, 8,941, 1507, 2.1717411520272023, 3.1894540897883283,0.3339318031361054, 12 , 0.6240513618191229, 8, 1.0543996440806553 ,  6, 1.3392813439042839 
113, 195,9, 3, 9, 20, 3, 8,1749, 1550, 2.2745411934643514, 2.855075867784749,0.35559347513222206, 6 , 1.1870111555671574, 5, 1.3453933194680707 ,  5, 1.4312489940843758 
100, 208,8, 4, 9, 17, 5, 8,1317, 1249, 2.3107324483185536, 3.0861472449578153,0.3209756378000329, 6 , 1.438729006499815, 6, 1.504454135775267 ,  6, 1.429587910712115 
93, 199,10, 3, 9, 18, 4, 8,1135, 1386, 1.8925893957107789, 3.032986666945349,0.3384412044575166, 6 , 1.1734657814686305, 5, 1.4080216478546934 ,  5, 1.5008633824785835 
109, 199,8, 3, 9, 19, 4, 8,1240, 1758, 2.088610792377544, 2.995612110880743,0.3295830113729189, 27 , -0.013192030010927511, 14, 0.4999168350674847 ,  8, 0.9934374994054432 
101, 204,11, 4, 8, 20, 4, 6,1581, 1568, 1.9619265737324483, 3.0400463602818357,0.3844259748151253, 14 , 0.7023124517615857, 9, 1.0561682375041257 ,  7, 1.312205404059863 
86, 193,8, 3, 9, 17, 3, 7,963, 1520, 1.9943639280586964, 3.236679207471739,0.36400652322077254, 11 , 0.7249733721522885, 7, 1.1193353141384272 ,  5, 1.3747248016052096 
103, 211,8, 3, 9, 20, 4, 8,1165, 1469, 2.140680366972042, 2.968403022674452,0.3189825190147112, 7 , 1.0542310271354687, 6, 1.336684286393629 ,  5, 1.4681621770004047 
94, 205,11, 3, 9, 17, 3, 8,1296, 1210, 2.0351757051735646, 2.902414072243105,0.3190884735351156, 4 , 1.5299209104925258, 4, 1.5206099244154534 ,  5, 1.359588090379406 
94, 198,11, 3, 8, 19, 3, 8,786, 1545, 2.258654588678432, 3.053214769748579,0.3520564148118447, 10 , 0.6908363212549045, 7, 1.1088208350688094 ,  5, 1.3689453916136478 
108, 198,12, 3, 8, 20, 4, 7,1675, 1435, 2.312819653966976, 2.8722445237763035,0.3390512550165604, 5 , 1.3449157958522917, 5, 1.449138974723626 ,  5, 1.4714325625675364 
96, 212,12, 3, 8, 17, 4, 8,813, 1156, 2.1397661211281545, 2.983733769444357,0.31287524461836624, 5 , 1.5087631376918385, 5, 1.4624036489397159 ,  6, 1.1811432215230036 
97, 209,8, 4, 8, 18, 4, 7,829, 1217, 2.080540755608631, 3.2847029081858503,0.3216770326634596, 7 , 1.3323211693414303, 6, 1.4814813363079913 ,  7, 1.4484065083878777 
95, 200,11, 3, 9, 19, 3, 7,1469, 1256, 2.0935315283327824, 2.927936125484835,0.33354531469845283, 4 , 1.5069908037064563, 4, 1.5378538905117072 ,  4, 1.459520575851403 
114, 191,8, 4, 8, 19, 4, 8,924, 1764, 2.3185661377697713, 3.094192724613081,0.32375922146343694, 120 , -0.7248104518842186, 54, -0.14846934264580505 ,  20, 0.5409592049124065 
92, 206,8, 3, 9, 20, 4, 6,1259, 1378, 2.138797277429653, 3.0689091197527754,0.32525150421165927, 6 , 1.3252292346066643, 5, 1.4780715893919072 ,  5, 1.5153876155965156 
95, 206,10, 3, 8, 21, 4, 8,1290, 1136, 2.126879149892879, 3.193501841215025,0.3599096322348069, 4 , 1.5206051826989115, 4, 1.560271843714846 ,  5, 1.4994865121713519 
109, 205,10, 3, 8, 20, 4, 8,1385, 877, 2.0769251378565556, 3.085402097491156,0.3362033056011151, 5 , 1.4528558681141333, 6, 1.210231593681386 ,  9, 0.8062568953575389 
112, 196,7, 3, 9, 20, 4, 7,1390, 1528, 1.9868916662722356, 3.1016251853979933,0.32225996720695005, 11 , 0.7525585636385158, 7, 1.136472315383214 ,  6, 1.3791676851601864 
109, 205,10, 3, 8, 17, 3, 7,1158, 1147, 1.8735423794328698, 3.1951365880049574,0.3370425151576947, 5 , 1.5046384523627312, 4, 1.5495109077013913 ,  5, 1.4675722607772057 
107, 196,8, 3, 9, 20, 4, 7,1081, 854, 2.124456876733852, 3.2668598405398237,0.33269707727336395, 5 , 1.4585461954760728, 6, 1.1767034535703211 ,  10, 0.7178947161578697 
105, 200,11, 3, 8, 18, 3, 8,804, 926, 2.2420557381897694, 2.8982671722151148,0.3620106780817459, 5 , 1.3196788096868841, 7, 0.9616869577288413 ,  12, 0.4846201207084237 
104, 209,10, 3, 8, 20, 4, 8,950, 1534, 2.073368901231838, 2.859902448890339,0.31691823228352767, 9 , 0.8845230434219247, 6, 1.260573554076298 ,  5, 1.4312038664748268 
111, 186,11, 3, 9, 19, 3, 6,913, 1441, 1.8789301811098582, 3.200975548414122,0.3296908741732787, 11 , 0.6274942033315486, 7, 1.0816098728924488 ,  5, 1.3568634011149843 
90, 191,8, 4, 9, 21, 4, 8,913, 1454, 2.173734837987972, 3.257710676578413,0.31746735534721127, 29 , 0.2692456842913242, 13, 0.8753191966479005 ,  8, 1.2730255756895437 
95, 204,8, 4, 8, 18, 4, 7,1300, 1729, 1.897248489627195, 3.258802752879988,0.3219068711539458, 110 , -0.6871626932419573, 55, -0.17731559759081467 ,  22, 0.46244815635641956 
92, 197,8, 3, 9, 17, 4, 8,1708, 1779, 2.149293178537441, 3.0930715016402113,0.37255427184605105, 16 , 0.40803060356452264, 10, 0.7633654023175551 ,  7, 1.0833496601884027 
103, 192,11, 3, 8, 19, 5, 7,879, 888, 2.1440247537880666, 3.185925077585112,0.36220359596514207, 5 , 1.4800993458797451, 7, 1.2059844706004044 ,  11, 0.7323759770162074 
103, 205,11, 3, 8, 21, 3, 6,1040, 1103, 2.0988345833807713, 3.2797675243891584,0.3791492829015205, 4 , 1.5380249382864506, 4, 1.5759128761413455 ,  4, 1.5145650793287573 
106, 188,8, 3, 8, 17, 4, 8,927, 1645, 2.241824323156429, 3.1107305995501386,0.3761981019666145, 15 , 0.48260811992711616, 9, 0.9404084218107801 ,  6, 1.2724192926884663 
97, 185,11, 4, 9, 20, 3, 8,1686, 1655, 2.2205308618336446, 3.003123354104887,0.355611660509343, 20 , 0.4533474017469668, 12, 0.8331163013485816 ,  8, 1.1462576181214794 
108, 211,8, 4, 8, 17, 3, 8,1482, 831, 2.004007438042713, 3.051060762194525,0.36101084890865787, 7 , 1.2179489465416766, 11, 0.8610626869868008 ,  22, 0.3758059694103824 
108, 208,10, 3, 8, 21, 4, 8,1097, 1513, 2.3204819800644643, 3.0739209465063917,0.3497419858267258, 10 , 0.7681439716719073, 7, 1.1447573907020352 ,  5, 1.3817752364155285 
94, 209,10, 3, 9, 17, 3, 8,766, 831, 2.018693933108402, 3.1745500675715315,0.36425845864319306, 5 , 1.3949272429867956, 6, 1.0655721014572637 ,  11, 0.5907623997736666 
106, 212,8, 4, 8, 21, 4, 8,1596, 1711, 1.8846154788821468, 2.9281053877748358,0.37239303085112074, 30 , 0.21969086061068843, 16, 0.6694959876725749 ,  9, 1.0703463319730966 
100, 196,10, 3, 9, 17, 4, 7,1543, 1545, 1.9318544956236607, 2.913298834053408,0.33151299822234614, 7 , 1.0306707536767998, 6, 1.30601632976803 ,  5, 1.4597379392337249 
113, 186,11, 3, 9, 21, 4, 8,1442, 1527, 1.8759764077454335, 3.306258808759581,0.3153971792114626, 26 , -0.06027624679201077, 14, 0.43057768361468335 ,  8, 0.9328754925128019 
91, 203,10, 3, 8, 19, 4, 8,1243, 961, 1.9243200289397961, 2.8852819725252496,0.37855255398058396, 5 , 1.45077997109036, 6, 1.1987729964274874 ,  9, 0.784772623140607 
109, 205,8, 3, 9, 18, 3, 8,824, 1232, 2.2857116999417073, 2.893631301758419,0.3718766519715736, 4 , 1.5411749262045455, 5, 1.5063310333591342 ,  5, 1.3201490393434934 
95, 190,10, 3, 9, 19, 3, 8,938, 1742, 2.314669633129192, 3.295083951143156,0.3317516969432782, 41 , -0.474546781493901, 24, -0.03147978312707196 ,  13, 0.5054035957034146 
93, 206,9, 3, 8, 20, 5, 8,1143, 1694, 1.9405141936927564, 3.148088972953688,0.3318773494949292, 47 , -0.323524268897208, 22, 0.23065248612066333 ,  10, 0.8282102374095061 
98, 187,8, 3, 9, 20, 4, 6,1706, 1349, 1.943783650019718, 3.090035419849287,0.3491146886637162, 5 , 1.3985740649749299, 5, 1.503421140011738 ,  5, 1.5338950318000069 
90, 191,9, 3, 8, 18, 4, 8,1242, 1091, 2.237640971162868, 2.8959427810586797,0.3691282952120255, 5 , 1.513680118013768, 5, 1.3560903021158657 ,  7, 1.0516769614613588 
102, 205,9, 3, 8, 20, 4, 7,1481, 1219, 2.36374636910255, 3.1802447251356947,0.3535589391281555, 5 , 1.4895481749045898, 4, 1.532987253413386 ,  5, 1.5011765750965889 
110, 205,10, 3, 8, 21, 4, 8,1637, 1320, 2.3052982332497365, 3.095629822400938,0.32745359222495063, 5 , 1.3314442766863905, 5, 1.4563660572453563 ,  5, 1.4953414471954118 
96, 201,10, 3, 8, 18, 3, 7,1458, 1778, 2.2549724223404652, 3.301158320096861,0.3648324603130768, 24 , 0.015244269674568448, 15, 0.39071905548275715 ,  9, 0.7919671424979979 
111, 191,11, 3, 9, 16, 4, 7,773, 1786, 2.277327412584377, 3.263459723380934,0.36916345003151396, 62 , -0.6419562332394307, 34, -0.17235676181851375 ,  16, 0.4074237370879831 
95, 199,7, 3, 9, 16, 4, 7,810, 910, 2.1436314823418385, 3.0610891095675337,0.38504114392303923, 6 , 1.318812777888515, 8, 0.9644235353657279 ,  15, 0.48414497064479545 
94, 206,11, 4, 9, 18, 4, 6,1667, 1119, 2.1703934910088307, 3.1984644941367018,0.33269498962068067, 5 , 1.5136390762747272, 5, 1.5203454065735573 ,  6, 1.4219922930976185 
93, 190,7, 3, 9, 17, 4, 7,838, 1721, 1.8686824271767861, 2.9552333540595876,0.38765773269438253, 16 , 0.44204143642756405, 9, 0.9491827732105064 ,  6, 1.297961268078507 
97, 203,9, 3, 8, 17, 4, 7,1625, 1144, 1.9912004562407262, 3.3086548260725843,0.3416270496239613, 5 , 1.5231370812948426, 4, 1.5643059873036513 ,  5, 1.5279521389180943 
110, 208,11, 3, 9, 18, 3, 7,1224, 1014, 2.1565560343056447, 3.022648986367117,0.3140621250411223, 4 , 1.5410702648235326, 5, 1.3933038515836065 ,  6, 1.0595841344234829 
109, 199,10, 3, 9, 20, 4, 6,1486, 1096, 1.914759373137308, 2.9888245425499784,0.34843214693569646, 4 , 1.5714942690327116, 5, 1.5054126499449934 ,  5, 1.2985283016613896 
87, 205,11, 3, 8, 18, 4, 7,1412, 1005, 2.2956253232746846, 3.1456392220534193,0.366830098061795, 4 , 1.5468604423878214, 5, 1.4502701082851812 ,  6, 1.2416982815786692 
102, 211,11, 3, 8, 20, 4, 6,1497, 1545, 2.1902667226582295, 3.0940722040213453,0.36241275015377505, 9 , 0.8824245106571288, 6, 1.1814407654106103 ,  5, 1.383399437192791 
98, 194,8, 4, 9, 19, 4, 8,838, 1786, 2.342573458173824, 2.8782914764560568,0.32050368300729504, 65 , -0.31918122683480715, 25, 0.3547729057576542 ,  11, 0.9805950102629168 
98, 194,8, 3, 8, 18, 5, 6,1480, 1311, 1.9965315999775655, 3.092727106002699,0.356267469554181, 5 , 1.4550356762237435, 5, 1.5352092904674512 ,  5, 1.5214231557233373 
88, 206,9, 3, 9, 21, 3, 7,768, 869, 2.00235258958633, 3.137152176288496,0.35957235339188076, 5 , 1.397520133984306, 7, 1.0614739539310136 ,  11, 0.5731847104011827 
89, 188,8, 3, 8, 21, 4, 8,922, 1634, 2.118047797897411, 2.8867846056200372,0.34518000426792605, 11 , 0.7795434741684273, 7, 1.1835611788006828 ,  6, 1.4059408108620814 
117, 192,12, 4, 9, 20, 3, 6,1316, 1493, 1.9776540043144948, 3.3519570640601026,0.369424965410466, 30 , 0.11751442315668731, 16, 0.5908614189594836 ,  9, 1.0317448602523966 
91, 192,12, 3, 7, 22, 3, 7,1234, 1466, 2.212188998082233, 3.3401135913409106,0.3900733077814529, 9 , 0.8421420125802914, 6, 1.1417786594314854 ,  5, 1.361928610061542 
97, 193,9, 4, 8, 20, 3, 7,1437, 809, 1.9566067697792775, 3.484995376256834,0.35290792006158334, 5 , 1.5324152081601101, 6, 1.3502984952134298 ,  10, 0.9825994576563863 
117, 218,11, 3, 7, 21, 3, 7,643, 883, 1.9939686449557072, 3.3757841102160326,0.35067217982464527, 5 , 1.541255738450345, 5, 1.3907293537133265 ,  7, 1.022049467728774 
99, 207,9, 3, 9, 19, 3, 7,1186, 1127, 2.1441973241358525, 3.149613585261237,0.39483824762606123, 4 , 1.561896612582293, 4, 1.5702394420131527 ,  4, 1.486198057118075 
113, 219,9, 3, 8, 22, 4, 6,1104, 645, 2.048794785359455, 3.13167491176499,0.3928438508799026, 8 , 0.9480353268931729, 12, 0.5630209319628569 ,  21, 0.14070506370266964 
102, 206,9, 3, 8, 19, 3, 7,1497, 833, 1.8944429362505204, 3.2059095315016615,0.396275679199929, 4 , 1.51724343810015, 5, 1.3597356104892184 ,  6, 1.081884463410683 
111, 199,10, 3, 8, 21, 4, 7,805, 818, 2.287742355683399, 3.391857277540099,0.4033516103317687, 4 , 1.543757822099201, 5, 1.3652057338359298 ,  7, 1.0434055547247485 
93, 200,13, 3, 9, 23, 3, 7,1338, 1331, 1.9761563035040624, 3.0516660566754448,0.3789331750860164, 5 , 1.2535720728958901, 4, 1.4273127647487722 ,  4, 1.517302461541584 
109, 213,9, 3, 8, 23, 3, 6,948, 1479, 2.2309584709196812, 3.1000854260600916,0.39098081979059673, 7 , 1.0275675685008325, 5, 1.2972419645656244 ,  5, 1.4586363845352153 
97, 210,12, 3, 8, 22, 3, 7,1082, 626, 1.972993256369186, 3.15359301486386,0.4073072874834487, 6 , 1.1272657801318997, 8, 0.7872812784829525 ,  13, 0.39093017665731133 
95, 205,11, 4, 8, 19, 3, 6,595, 732, 1.938598671773029, 3.3703047744311205,0.3941634843041847, 7 , 1.2204480922814298, 12, 0.752016446367987 ,  27, 0.1856751812041597 
92, 194,10, 4, 9, 20, 4, 6,803, 1423, 2.0064226927548177, 3.330139171270262,0.3603817826052854, 21 , 0.4290886947064594, 10, 0.9846790235559847 ,  7, 1.3317025598252799 
98, 198,13, 3, 8, 22, 3, 7,1308, 736, 2.1543011160879857, 3.363820653346907,0.3811582485129783, 4 , 1.5056603935302577, 5, 1.3318791946908362 ,  6, 1.0481488288147567 
100, 215,11, 3, 8, 20, 3, 7,734, 1480, 2.214454213002277, 3.1602698228634702,0.3947710851123283, 8 , 0.8297964144566721, 6, 1.1853724904828695 ,  5, 1.4066967813739981 
115, 197,11, 3, 8, 19, 3, 6,648, 685, 1.8657970315157897, 3.3164067677534925,0.41283107790255047, 6 , 1.199410951293155, 8, 0.8167168411303217 ,  14, 0.367442548527803 
109, 213,10, 3, 9, 22, 3, 6,551, 658, 2.1958895715265996, 3.0383317386112916,0.3551504010250519, 12 , 0.45602025822594405, 21, 0.01651086323649407 ,  35, -0.3803101359450827 
99, 213,11, 3, 7, 19, 3, 7,876, 1244, 2.096949169257236, 3.297550301936995,0.3524397158911179, 6 , 1.3026920157205426, 5, 1.4702819349851042 ,  5, 1.5210162950835686 
115, 193,12, 4, 8, 23, 4, 7,1144, 981, 1.9506132694273717, 3.1167501992858755,0.38354937079452966, 5 , 1.5578505883989466, 5, 1.473202234094268 ,  7, 1.2041938422650382 
101, 208,11, 4, 7, 19, 4, 7,1383, 1095, 2.014839419940067, 3.1644683591402876,0.36758352610373, 5 , 1.54315584421112, 5, 1.5354844945034734 ,  6, 1.400103651189291 
100, 194,11, 3, 9, 21, 3, 7,776, 819, 2.1102559360056645, 3.471121441511046,0.3810850465586135, 4 , 1.5815441884508985, 5, 1.4427711369433818 ,  6, 1.1530884861439012 
93, 197,9, 3, 8, 20, 4, 6,1150, 719, 2.1815855892687566, 3.3294794968642103,0.35192825215959056, 6 , 1.1682258850136549, 10, 0.7982079246328244 ,  17, 0.34517132544181656 
109, 208,10, 3, 9, 21, 3, 7,1299, 842, 1.8819921443551308, 3.2678721360243665,0.38106028082870935, 4 , 1.5811719061565253, 4, 1.4521177624191202 ,  5, 1.1834820627394587 
97, 195,11, 4, 8, 21, 4, 6,570, 1315, 1.974622482278896, 3.5172155312575213,0.3543829483827303, 23 , 0.36676646135592866, 11, 0.970040037445466 ,  7, 1.3284656112881572 
94, 193,9, 4, 8, 22, 3, 7,1179, 857, 2.2748612257033116, 3.1995800695694796,0.38042804840111233, 6 , 1.3949825495299515, 8, 1.1253108195344759 ,  14, 0.6964660897559858 
108, 206,11, 3, 8, 21, 3, 7,844, 1137, 2.061131978252483, 3.038219801088404,0.37643989863895866, 4 , 1.54712539325216, 4, 1.5396213083227082 ,  5, 1.3874889695957215 
107, 214,10, 3, 8, 22, 4, 7,1458, 1114, 1.9121365340739018, 3.2472893110789167,0.37956558856272193, 4 , 1.5048350941106956, 4, 1.5654271183707635 ,  4, 1.542796029219193 
116, 191,11, 3, 8, 23, 4, 7,1180, 609, 2.0706251951246983, 3.206915911225211,0.36652030515574907, 7 , 0.9769280078839153, 11, 0.5837175504682669 ,  20, 0.15021818339650544 
91, 197,12, 3, 8, 18, 3, 6,848, 1493, 2.1134602817087895, 3.1206725648917066,0.38006981703543163, 8 , 0.936823632160647, 6, 1.259656984110184 ,  5, 1.447330152230058 
108, 196,10, 3, 8, 22, 4, 6,605, 1322, 1.9322208257704503, 3.2491369656599867,0.38479023221039277, 7 , 1.131587834537184, 5, 1.390558434125294 ,  5, 1.5036019426751053 
96, 218,9, 4, 8, 19, 3, 5,928, 1440, 2.1945513280421025, 3.1559565476454607,0.395424444406266, 9 , 1.0729700383222205, 7, 1.3469784860497358 ,  6, 1.4846160285429957 
91, 212,11, 4, 8, 22, 3, 7,1188, 904, 2.218175360777927, 3.3600465766466967,0.37426584753298264, 5 , 1.5657047258961871, 5, 1.4751993717490655 ,  7, 1.2351867814311983 
104, 194,11, 3, 8, 20, 3, 6,1402, 615, 2.0975045951395757, 3.1442226357139456,0.38089169952177504, 7 , 0.9603713316713024, 10, 0.650989169155598 ,  15, 0.29882981986290114 
107, 203,10, 4, 9, 23, 4, 7,1373, 1030, 2.1975059302836186, 3.327842455295454,0.3824521193196724, 5 , 1.5060511781121626, 5, 1.531792845888595 ,  5, 1.4592606186594652 
94, 193,12, 4, 9, 22, 3, 7,1032, 1021, 2.232900747874332, 3.2905497662104475,0.3772727133622119, 5 , 1.5359142221483955, 5, 1.5400878822740336 ,  6, 1.4112192413577211 
90, 194,11, 3, 9, 22, 4, 6,1292, 764, 2.29177106342609, 3.3420776239909045,0.36917961257600285, 5 , 1.4319984276311126, 6, 1.213922994088007 ,  8, 0.875757450361876 
112, 203,12, 3, 9, 22, 4, 7,1014, 1052, 2.3455165418177373, 3.1816720477618086,0.39905027243399116, 4 , 1.5524413354968938, 4, 1.5543846109280146 ,  4, 1.452278852875932 
97, 219,9, 3, 7, 20, 3, 6,961, 632, 1.862468197786761, 3.137352835325133,0.3865687021901557, 10 , 0.6721326781755562, 18, 0.25924310570733355 ,  30, -0.14160226710291726 
111, 200,13, 3, 9, 19, 3, 7,1238, 806, 2.1066722365408665, 3.2879494539774763,0.3868630880405852, 4 , 1.5642464656298165, 4, 1.4385138190065645 ,  5, 1.1913176965652266 
100, 203,13, 3, 8, 20, 3, 7,1039, 1528, 2.28451711855228, 3.402677725938689,0.3721282163550804, 16 , 0.25758615226548714, 10, 0.6886250071368057 ,  6, 1.0794739098518118 
113, 217,11, 3, 8, 20, 3, 7,1038, 755, 2.1866437586336858, 3.16025758901013,0.36068522649907564, 5 , 1.3129394552866482, 7, 0.9863141176177271 ,  11, 0.555625199900403 
90, 208,9, 3, 9, 23, 4, 7,964, 999, 1.906758377173496, 3.2700972072161547,0.3446627123197268, 5 , 1.570407452346041, 5, 1.5137361197572894 ,  6, 1.2704448274423037 
97, 191,9, 4, 9, 22, 4, 6,572, 1444, 2.0684471668987996, 3.3002862743414747,0.39278385880493616, 20 , 0.4791239040744821, 10, 1.0167830220583185 ,  7, 1.3457790853154146 
116, 200,12, 3, 7, 21, 3, 6,996, 1382, 2.1838435920267827, 3.386185806182753,0.3884530657818267, 8 , 0.912512668393161, 6, 1.2168795799599887 ,  5, 1.4186013969299798 
96, 191,13, 3, 7, 22, 4, 6,560, 1130, 2.0234850885658986, 3.040770634946953,0.34791242423557733, 5 , 1.5314745866327153, 5, 1.447967634189184 ,  7, 1.1304769987841279 
96, 193,9, 4, 9, 22, 3, 7,776, 749, 2.0272492112904317, 3.0572005044050328,0.35752647611402966, 14 , 0.704470004836543, 31, 0.13076313813356444 ,  66, -0.39917369000282016 
101, 219,13, 3, 7, 22, 3, 6,1044, 946, 2.3161692412882573, 3.0327096534274327,0.37647004890346025, 4 , 1.5139039930711111, 5, 1.3322032646771507 ,  6, 1.0120908520519172 
98, 198,12, 3, 8, 19, 3, 6,1261, 971, 1.9136413054853207, 3.357327382949721,0.41407944950365516, 4 , 1.60794367646165, 4, 1.5951998159850895 ,  4, 1.4936107335280218 
102, 213,11, 4, 8, 21, 3, 6,1244, 839, 2.0855420770436055, 3.345394741681944,0.40455767008566357, 5 , 1.5471970446873877, 5, 1.4136574761019205 ,  7, 1.1397699398863093 
115, 218,9, 3, 9, 20, 3, 7,1334, 1191, 2.121283182719303, 3.373326044467818,0.38571459743284675, 5 , 1.3615981284337833, 4, 1.4877447585796046 ,  4, 1.5485894446666482 
101, 196,9, 3, 9, 19, 3, 6,1419, 704, 1.9471816586642987, 3.51281661906613,0.3479078488340328, 5 , 1.440818823985516, 6, 1.1968585637919067 ,  8, 0.8223879001117829 
101, 217,10, 3, 8, 22, 3, 7,1376, 835, 1.9557659047036893, 3.0792446545637953,0.3877491110851714, 4 , 1.4695543898834726, 5, 1.267316625527345 ,  7, 0.9360518426473217 
92, 210,13, 3, 9, 20, 3, 7,1131, 1260, 2.242740312436176, 3.1242222003020155,0.41413805130028225, 4 , 1.3824656139027032, 4, 1.497335857228533 ,  4, 1.537715354312429 
100, 201,11, 3, 8, 20, 4, 6,1059, 1219, 1.854161126384092, 3.3277594260252825,0.34690189248972636, 6 , 1.2904123538502184, 5, 1.4699983105736072 ,  5, 1.5281211799106111 
98, 194,13, 3, 8, 22, 3, 7,822, 1271, 2.2377040179758794, 3.191991027382742,0.4047524744560669, 5 , 1.3275170055832803, 4, 1.4786479272193287 ,  4, 1.5375442455556707 
101, 210,12, 4, 9, 19, 3, 6,953, 779, 2.0841064246683842, 3.3802761844672076,0.403180789380307, 5 , 1.5285873438996018, 6, 1.325288380434003 ,  9, 0.9494915395825017 
105, 198,12, 3, 9, 22, 4, 7,1064, 794, 2.066906342127872, 3.4183419755972735,0.37691953796052435, 4 , 1.5843396031313426, 5, 1.4464949982147168 ,  6, 1.1621555169100675 
90, 196,9, 3, 9, 21, 3, 5,928, 1457, 2.2152256461172826, 3.2503878734387266,0.383392206757302, 7 , 1.016825333631059, 6, 1.2977110921034787 ,  5, 1.4658764443347962 
107, 219,12, 3, 7, 19, 4, 6,602, 1217, 2.2193637879877812, 3.369765262988936,0.4146774614145705, 5 , 1.3520522601725222, 5, 1.5013192528466297 ,  5, 1.5455567755197899 
96, 206,12, 3, 8, 22, 3, 7,1440, 1205, 1.9060448611467606, 3.086840793428551,0.39339406582617253, 4 , 1.4684695089631503, 4, 1.5445811056146694 ,  4, 1.5456828255477046 
93, 193,10, 3, 8, 19, 3, 7,598, 747, 1.985906148174358, 3.1333241275824415,0.38923352154993507, 7 , 0.9833411742692115, 12, 0.5413901441016739 ,  21, 0.08388359025252487 
97, 218,10, 3, 9, 22, 4, 6,1167, 859, 2.108260640719486, 3.2630083523072115,0.34743194895886875, 5 , 1.5277771762816013, 5, 1.332229079688082 ,  8, 0.9626796868312267 
92, 213,12, 3, 8, 23, 3, 7,989, 866, 2.214779058316303, 3.477818172363173,0.40609385165476297, 4 , 1.6087391881377213, 4, 1.5600643424495797 ,  4, 1.405020450591191 
101, 218,11, 3, 8, 19, 3, 7,1286, 1407, 2.1135031672507054, 3.3916299156226026,0.40089734885000683, 8 , 0.8867971813997547, 6, 1.1691594259870863 ,  5, 1.3764388356254862 
104, 203,10, 4, 8, 22, 3, 6,1249, 1092, 1.9716519655972249, 3.486815940526854,0.40676683130764457, 6 , 1.4221700952221967, 5, 1.5302255490562386 ,  5, 1.5523144614570197 
89, 213,9, 3, 9, 22, 3, 7,1509, 924, 2.179061421969486, 3.3453990332163683,0.39447056147360304, 4 , 1.5747544195789471, 4, 1.526243724082558 ,  5, 1.3968117484007543 
106, 199,9, 3, 9, 20, 3, 6,1378, 799, 2.2027924450426823, 3.128996338633429,0.37204965221786, 5 , 1.33466330387141, 6, 1.0891373245387235 ,  9, 0.7452511471179701 
92, 209,12, 3, 8, 23, 3, 6,781, 1019, 1.8697802553265819, 3.5092946402109972,0.397814788847203, 4 , 1.5099115129269236, 4, 1.574169707436276 ,  4, 1.53582664215454 
95, 211,10, 3, 9, 20, 3, 6,985, 1336, 2.0476298572808034, 3.114696230677496,0.3769342923452804, 5 , 1.3127083394774812, 4, 1.4722235807280655 ,  4, 1.534368904561806 
117, 219,10, 3, 9, 18, 3, 7,1037, 1280, 2.0453565063267476, 3.24098887660874,0.4076530689289519, 5 , 1.2732233807173892, 4, 1.4452731306248907 ,  4, 1.535912370094462 
92, 206,9, 4, 9, 20, 3, 6,901, 1556, 1.9327792914896735, 3.2551597020901553,0.35751776564025384, 40 , -0.02489334335959949, 18, 0.568158251677013 ,  9, 1.0859525335852394 
94, 205,10, 3, 8, 20, 4, 7,804, 650, 2.1734395416765935, 3.508873682407271,0.3773973399689148, 6 , 1.2234650785711794, 9, 0.84876940950953 ,  15, 0.3885303053382385 
95, 206,9, 4, 9, 20, 3, 6,604, 1377, 2.0796742381840474, 3.2886037341631758,0.35454070250594116, 15 , 0.6901780883510853, 8, 1.1621507306223986 ,  6, 1.4072475481039983 
102, 202,12, 3, 9, 20, 4, 6,893, 1489, 2.116168150523258, 3.3076641670740954,0.4103007042696426, 14 , 0.47475857438253116, 8, 0.9226760693410404 ,  6, 1.2588462105598868 
93, 195,13, 3, 8, 23, 3, 7,871, 1257, 2.045016297915531, 3.4672634116686694,0.4148003334095428, 6 , 1.0710930362766697, 5, 1.3259100146345701 ,  4, 1.4813469105041905 
95, 192,13, 3, 8, 20, 3, 7,650, 966, 1.9247628467469937, 3.12144983181132,0.3525088341822574, 4 , 1.5234427350577873, 5, 1.329854050867793 ,  7, 0.9111206391453587 
104, 197,9, 4, 9, 20, 4, 6,1121, 1525, 2.0191536786347157, 3.452223461059462,0.41649532410406565, 33 , 0.12510498393470337, 17, 0.6003220705157164 ,  9, 1.039687461859483 
108, 207,10, 4, 8, 21, 3, 6,1530, 1560, 2.121732035496784, 3.3226052931822645,0.3586359774609754, 28 , 0.22783839011437598, 15, 0.657416671793649 ,  9, 1.049567234097542 
91, 201,10, 3, 8, 23, 4, 7,1305, 1162, 2.1071328612356908, 3.4125489107645857,0.35392233709895116, 5 , 1.4065783050348697, 5, 1.5189744542686339 ,  4, 1.5523718523293217 
97, 208,13, 3, 8, 22, 4, 7,1308, 1292, 2.134638676264835, 3.5050547532118665,0.4131240600635955, 7 , 0.9701636120528192, 6, 1.2299361006802254 ,  5, 1.4131766993230472 
97, 195,12, 3, 8, 19, 3, 6,655, 951, 2.1046483012228734, 3.0812950543440687,0.39617849382662274, 4 , 1.5103722356247642, 5, 1.2877836181355191 ,  7, 0.8999959250598699 
101, 209,13, 3, 9, 19, 3, 7,1089, 702, 2.2458359392672307, 3.142235640374552,0.3761836560358951, 5 , 1.2706545788993653, 6, 0.9651945068593454 ,  10, 0.5716597136137073 
93, 209,11, 3, 8, 19, 3, 7,853, 695, 2.0190022977381474, 3.0626055485881674,0.4051231915047119, 7 , 1.0083310822964422, 10, 0.6217162830039356 ,  17, 0.2047218147143327 
112, 205,11, 4, 9, 23, 4, 6,1434, 1454, 2.230583706715656, 3.14861372479571,0.3765330674042652, 12 , 0.7925256167071073, 8, 1.123720606242258 ,  6, 1.3473732165425805 
110, 196,11, 4, 8, 19, 4, 7,890, 895, 2.309715637782169, 3.3793232850111834,0.3902842456390807, 5 , 1.5703710079223112, 6, 1.4422351302265102 ,  8, 1.1435022837926017 
112, 205,10, 3, 8, 23, 3, 7,994, 964, 2.2565847130804784, 3.155786599902045,0.34509110356771444, 4 , 1.5526269014472676, 5, 1.4180784894112854 ,  6, 1.108645320390812 
111, 211,12, 3, 9, 21, 3, 7,585, 671, 2.219324866154743, 3.3117694369830004,0.35199380870067576, 6 , 1.1598430738044805, 8, 0.7340348820011875 ,  15, 0.24630040758598737 
106, 195,11, 3, 9, 21, 3, 6,1059, 1426, 2.159502336600376, 3.1738541237391344,0.3420270919482882, 8 , 0.9117379402406286, 6, 1.238078273120055 ,  5, 1.4313105706862252 
99, 201,12, 3, 8, 23, 4, 7,1534, 1490, 2.0244791599303014, 3.3098935894049517,0.3501665459861706, 13 , 0.49405924099970067, 8, 0.8908300385596539 ,  6, 1.2137422137353535 
90, 195,13, 4, 7, 22, 3, 6,780, 800, 2.2026268037348515, 3.4737899414576403,0.36107212620877727, 5 , 1.486717688462278, 7, 1.2143626486773758 ,  13, 0.7212882660990999 
89, 205,12, 3, 8, 23, 3, 7,896, 663, 2.231093117812229, 3.0763717479385244,0.3984464222481201, 6 , 0.9903342659100299, 10, 0.6278198212168322 ,  16, 0.23635436187379807 
105, 215,9, 4, 9, 19, 3, 7,553, 1168, 2.111916759827686, 3.2296599111832487,0.37065371441745265, 6 , 1.3974897734304175, 6, 1.4995811515586968 ,  6, 1.4349275566920645 
110, 214,12, 3, 9, 23, 3, 7,1112, 1568, 2.1626513691931493, 3.092001728651654,0.3826048890044639, 12 , 0.4915655362192267, 7, 0.8929927352272512 ,  5, 1.2163643162051059 
109, 207,10, 3, 8, 21, 3, 6,1083, 1320, 2.23039490900333, 3.411461632636916,0.3689516851594399, 7 , 1.0883230118101739, 5, 1.3335604097107314 ,  5, 1.4788689315946488 
103, 218,12, 3, 7, 21, 4, 6,599, 1113, 2.343496450999332, 3.137086007682215,0.4072290072133491, 4 , 1.567561734218339, 5, 1.5359983921871219 ,  5, 1.3698695978356097 
90, 191,13, 3, 8, 20, 3, 7,1182, 956, 2.3439926000624425, 3.4854525140799395,0.3812220672061394, 4 , 1.5887952157349432, 4, 1.5811197208279764 ,  4, 1.4901691772065226 
113, 199,13, 3, 9, 19, 3, 7,841, 726, 2.06904416702087, 3.2361071965969908,0.38098487946295234, 4 , 1.3872632074443751, 6, 1.0824873402254698 ,  9, 0.6523068365236522 
100, 211,10, 3, 8, 22, 4, 6,643, 1447, 1.9049776139050252, 3.262334432391058,0.3694122159769485, 13 , 0.5392535750784616, 8, 1.0454902730420237 ,  6, 1.3516944345834516 
115, 194,13, 3, 8, 20, 3, 6,1452, 1519, 2.041516611197544, 3.2725553325690138,0.38320704045795895, 10 , 0.6579305399479619, 7, 0.988560893116383 ,  5, 1.257315269791178 
104, 191,9, 3, 9, 22, 4, 7,1298, 1247, 1.9745712967901952, 3.14292085537089,0.3877499425699661, 5 , 1.421754109460403, 4, 1.5244479021406139 ,  4, 1.5454211207615236 
103, 210,13, 4, 8, 19, 3, 6,564, 1421, 2.216880539277149, 3.1999586335696093,0.37058385628365975, 16 , 0.5626343223204899, 9, 1.0725177271114523 ,  6, 1.366782418324203 
93, 219,12, 3, 8, 19, 3, 6,1344, 1244, 1.9879001917629964, 3.442863326457869,0.41524729671978444, 5 , 1.2565609074869035, 4, 1.4212233494681838 ,  4, 1.5287830319268896 
111, 196,9, 3, 8, 23, 4, 7,1493, 1487, 1.9434289651304015, 3.0985996685303556,0.3710608379831264, 8 , 0.9259423167323393, 6, 1.2150046851069498 ,  5, 1.410201198277416 
95, 215,11, 4, 7, 19, 3, 6,813, 1204, 2.091522270658565, 3.0956246293462626,0.34735732152217125, 6 , 1.4810827266958473, 5, 1.5140323131962727 ,  6, 1.364956775178293 
101, 216,12, 3, 8, 20, 3, 6,1169, 1052, 2.3446169289141423, 3.333362471250426,0.36842509153389436, 4 , 1.5594025444632964, 4, 1.5731169468175992 ,  4, 1.4978607358973615 
108, 212,10, 3, 7, 19, 3, 7,893, 605, 1.8596700726389415, 3.101773325292002,0.3886562341740081, 11 , 0.5829164476854273, 19, 0.1716426308207492 ,  32, -0.21841671403720983 
108, 201,11, 3, 8, 21, 3, 6,622, 696, 1.9420718269735104, 3.1825616172827593,0.4140767941167305, 6 , 1.0808907278686364, 10, 0.6771260911275307 ,  17, 0.23738402362642716 
113, 210,10, 3, 9, 21, 4, 7,733, 1229, 1.8830625506430394, 3.05609422357155,0.3823655644347618, 5 , 1.4195557500031515, 5, 1.521261281922916 ,  5, 1.4874445712568176 
116, 219,12, 4, 9, 20, 3, 7,1183, 811, 1.9257581027537114, 3.0574949867404806,0.4123372161676834, 5 , 1.4518883149826485, 6, 1.2111863223837058 ,  11, 0.7998565173784967 
112, 201,13, 3, 8, 23, 3, 7,1373, 1083, 2.004321703532291, 3.206731464651953,0.4084289694120834, 4 , 1.5036551474274573, 4, 1.555144118518262 ,  4, 1.537491232198976 
99, 211,11, 3, 7, 19, 3, 5,807, 966, 2.1255002113371617, 3.0834659672654974,0.37317980992698174, 5 , 1.4882117885055466, 6, 1.2425753370827295 ,  9, 0.8311008268857663 
112, 209,12, 4, 9, 21, 4, 7,1533, 1022, 2.144790658572269, 3.11004175612105,0.4146200800230453, 5 , 1.475953813390226, 5, 1.463297048516171 ,  6, 1.360582041445375 
113, 215,10, 3, 8, 20, 3, 7,553, 1147, 1.8970677720695264, 3.095975246218573,0.3540034795095871, 5 , 1.4838788329593149, 5, 1.4979398715575425 ,  5, 1.31760837687535 
107, 203,10, 3, 8, 22, 4, 6,1482, 1427, 2.1265155168562657, 3.061113290426861,0.3417555027091602, 6 , 1.199901711818727, 5, 1.3973158418718203 ,  5, 1.4968334397030545 
106, 202,11, 3, 8, 20, 3, 6,1026, 1102, 2.2270906063109166, 3.2290569654978625,0.4063517192294548, 4 , 1.565904331424786, 4, 1.5781870020480488 ,  4, 1.5008044936731382 
93, 216,10, 4, 8, 19, 4, 7,662, 1510, 2.308562436917377, 3.2216376624382845,0.3804050171663711, 23 , 0.37573103294790844, 11, 0.929928644809028 ,  7, 1.2954278329742057 
90, 218,11, 4, 7, 20, 4, 7,1058, 996, 2.0286734642773396, 3.1149548105276934,0.3490275962194155, 5 , 1.5439901959089275, 6, 1.3601406526062978 ,  10, 0.9368786608696403 
114, 219,9, 3, 8, 23, 3, 6,1447, 1047, 2.2991680594473607, 3.3597315362967364,0.3700037168254803, 4 , 1.5499474352693854, 4, 1.559368080894032 ,  4, 1.4939354623564531 
95, 198,11, 4, 7, 19, 4, 7,1310, 1120, 1.9059449153333432, 3.173980425981413,0.34851586426698666, 5 , 1.5364436909525458, 5, 1.544030653979747 ,  6, 1.4006229948837554 
103, 202,13, 3, 7, 19, 3, 6,1419, 1417, 1.8736866003214843, 3.1989458761490694,0.3815217548897216, 7 , 1.0583578800918527, 5, 1.3051033424278622 ,  4, 1.4630246853022002 
101, 209,11, 3, 8, 21, 3, 7,1197, 955, 2.164821231582714, 3.3829681239403593,0.37077882382177807, 4 , 1.5913821315829946, 4, 1.5664685451255416 ,  4, 1.4341081287245785 
103, 200,11, 3, 8, 20, 3, 6,1270, 1237, 2.1054899039059407, 3.2909886203087675,0.36478896270596484, 5 , 1.3838140735727948, 4, 1.5058967383645425 ,  4, 1.5516940999940614 
99, 212,12, 3, 8, 20, 3, 7,1146, 1273, 2.186469042518688, 3.313315134433638,0.3946165384640644, 5 , 1.2598768153552666, 4, 1.4300200309299727 ,  4, 1.5274150424925097 
108, 212,12, 3, 8, 22, 3, 6,1062, 906, 2.1508141847639806, 3.225049313095938,0.3779820626517484, 4 , 1.5800222184120372, 4, 1.4617915839198028 ,  5, 1.2068299529316595 
104, 206,11, 3, 8, 20, 3, 7,1256, 1116, 2.0657186972289807, 3.343825515297781,0.37026887777351836, 4 , 1.4825396984848747, 4, 1.5583380776092246 ,  4, 1.552565659925705 
108, 212,11, 3, 8, 20, 3, 6,1234, 1321, 2.0474527048259503, 3.1848587318636286,0.36457726852127403, 5 , 1.2660161659258151, 5, 1.440769076501968 ,  4, 1.5278364812203122 
106, 207,11, 3, 8, 21, 3, 7,954, 1005, 2.0894235389619595, 3.3897803983963835,0.38279709610247115, 4 , 1.561628893303533, 4, 1.5784372452903823 ,  4, 1.4869377417812473 
106, 207,12, 3, 9, 21, 3, 7,971, 1210, 2.182259538987232, 3.3743077031649458,0.3661291239699075, 6 , 1.1990152277931283, 5, 1.4062851879990554 ,  4, 1.5143358578448822 
106, 209,12, 3, 8, 22, 3, 6,996, 958, 1.980351237425161, 3.3337791822232115,0.36181763125673927, 4 , 1.5865918014320837, 4, 1.54680615428411 ,  5, 1.3661744575428652 
98, 204,10, 3, 8, 22, 3, 6,1116, 1196, 2.149170884707523, 3.312720727113615,0.36819446346812934, 5 , 1.4380029147311617, 4, 1.5366909886273268 ,  4, 1.550189448449257 
100, 208,10, 3, 8, 21, 4, 6,1004, 866, 2.047910237529827, 3.154800515327211,0.3680732717653463, 5 , 1.4493139411325213, 6, 1.1680167457713364 ,  10, 0.7230089972180791 
108, 202,10, 3, 8, 22, 3, 7,1037, 1022, 2.2109224142819173, 3.3333669863022672,0.38957578930162884, 4 , 1.5718018813463548, 4, 1.572565076195815 ,  4, 1.4708367858827465 
107, 204,10, 3, 8, 22, 3, 6,830, 935, 2.0145961435824162, 3.1836768965549576,0.3862806508233497, 4 , 1.5605100918861392, 5, 1.3937231135206503 ,  7, 1.0571107583986208 
101, 199,11, 3, 8, 21, 3, 6,810, 1259, 2.2144483866482503, 3.3097003660477506,0.3740728279491613, 5 , 1.2969177504933707, 5, 1.4661826401365523 ,  4, 1.5313289885274113 
99, 198,10, 3, 9, 21, 3, 7,975, 960, 2.0293130183904893, 3.3079583756007063,0.3885488854637096, 4 , 1.6001905507766612, 4, 1.5482486963761821 ,  5, 1.3676920293949764 
108, 208,10, 3, 8, 20, 3, 7,1018, 1332, 2.068213278272701, 3.3520248345412123,0.3866528877904365, 7 , 1.0569897375021788, 5, 1.3166745600239314 ,  5, 1.4728536962648582 
101, 205,11, 3, 8, 21, 3, 7,1208, 945, 2.1068856211691624, 3.1560497532445746,0.38373544233941537, 4 , 1.5770369087510556, 4, 1.4732557161630884 ,  5, 1.2442501680744495 
109, 199,10, 3, 8, 20, 3, 7,1236, 948, 2.054945783534599, 3.235164623645674,0.3750101627697895, 4 , 1.589158987390638, 4, 1.5000580792943614 ,  5, 1.2848621011143027 
108, 199,10, 3, 9, 21, 4, 6,856, 1109, 2.0774481686144597, 3.22994650521649,0.36474209082403275, 5 , 1.528756261328098, 5, 1.554871285144079 ,  5, 1.4485433643637118 
103, 199,12, 3, 8, 20, 3, 7,792, 867, 2.158555144289089, 3.3805112800873625,0.37880526389085745, 4 , 1.5814407435852107, 5, 1.4501514498470898 ,  6, 1.1685476287294423 
97, 205,10, 3, 8, 20, 3, 7,814, 1215, 2.013639585891319, 3.165833115515839,0.38271897900008656, 5 , 1.4609562147919595, 4, 1.5436645535780251 ,  5, 1.5118998615510861 
108, 212,10, 3, 8, 22, 3, 7,916, 1219, 2.1148225160628087, 3.175492361126076,0.36573971974753827, 5 , 1.4003639869752131, 4, 1.5135187643425734 ,  4, 1.5173529138850512 
103, 211,12, 3, 8, 21, 3, 6,1056, 1274, 2.0625235976963765, 3.368659611729514,0.37141606750988454, 6 , 1.1475322928748415, 5, 1.3764333280689127 ,  4, 1.5036329053614241 
109, 211,11, 3, 8, 22, 3, 7,984, 1013, 2.1515425088196523, 3.40174087503327,0.36139619293713066, 4 , 1.5325262142056502, 4, 1.5661761356088886 ,  4, 1.48814257146152 
99, 201,11, 3, 8, 20, 3, 6,790, 1351, 2.0675915720253712, 3.2207908890522825,0.39448513257407647, 6 , 1.1931400514875365, 5, 1.4113860813799761 ,  4, 1.5165653328555058 
103, 205,11, 3, 8, 21, 3, 7,949, 1066, 2.0393562781005627, 3.330960597781073,0.3819186413576553, 4 , 1.5287924264653532, 4, 1.572542743952129 ,  4, 1.510518080214102 
106, 199,10, 3, 8, 22, 3, 6,1236, 1271, 1.9848161310269958, 3.2965988627947675,0.3827013524165104, 5 , 1.305222913308505, 5, 1.4628892175011359 ,  4, 1.5430612984486027 
104, 209,11, 3, 8, 21, 3, 6,1264, 1268, 2.1096541973143346, 3.2416140771783697,0.3722344441255281, 5 , 1.3453922816566979, 4, 1.4827071327387122 ,  4, 1.544314454585843 
106, 200,11, 3, 8, 22, 3, 6,1097, 1193, 2.071475976923061, 3.2190485409773695,0.37835913430058454, 4 , 1.4556865501104304, 4, 1.5462934704818392 ,  4, 1.5438713930136634 
97, 205,11, 3, 9, 20, 3, 6,1193, 1006, 1.9959352555065877, 3.176229866159688,0.377431929289336, 4 , 1.5965859688861357, 4, 1.5441326420744341 ,  5, 1.3667260103086023 
104, 205,11, 3, 8, 20, 3, 7,1137, 964, 2.09683425895269, 3.161980983273666,0.38273985999726756, 4 , 1.5855126367131152, 4, 1.4906748452764145 ,  5, 1.2657847312135782 
109, 206,11, 3, 8, 20, 4, 6,1134, 915, 2.0569342391877896, 3.293806414989363,0.391723168074126, 4 , 1.5968344424804053, 5, 1.497973826304248 ,  6, 1.2707153695843325 
101, 212,12, 3, 8, 20, 3, 6,1109, 1193, 2.0827249380141026, 3.245352838126551,0.36841442360633114, 5 , 1.4323679727256091, 4, 1.5358573933675432 ,  4, 1.5472081738256842 
102, 204,11, 3, 8, 20, 3, 6,1067, 1299, 2.0367623063116795, 3.3932606092966906,0.3605835171681555, 7 , 1.0946534358645625, 5, 1.3475078748714275 ,  5, 1.4882901456909015 
99, 201,10, 3, 8, 22, 3, 6,898, 1093, 2.204093599536968, 3.193491902140509,0.36045341410531717, 4 , 1.566097843125529, 4, 1.5406589067867495 ,  5, 1.3803399140547434 
106, 202,10, 3, 8, 21, 4, 7,856, 904, 2.148376354792667, 3.2812090925253736,0.36321647352629394, 5 , 1.5566987447803287, 5, 1.3885595790095668 ,  7, 1.0358518522345372 
110, 201,12, 3, 8, 21, 4, 7,1032, 1163, 2.2011883201390035, 3.2239987886823522,0.3852127695372055, 5 , 1.4584541747643402, 4, 1.5443366017329874 ,  4, 1.5342158074552217 
97, 206,12, 3, 8, 21, 3, 7,1110, 1347, 2.1864876242666966, 3.370201747802626,0.36150312143468355, 7 , 0.9350498809412313, 6, 1.2346486959604963 ,  5, 1.4272220103525675 
99, 205,10, 3, 8, 20, 3, 7,859, 961, 2.001458264732314, 3.2760151139773237,0.38083706962966424, 4 , 1.5916163680350728, 5, 1.4944572581613385 ,  6, 1.2433758637522638 
107, 209,12, 3, 8, 20, 3, 6,1223, 970, 2.2047457190542943, 3.1551104722857284,0.3671764181842754, 4 , 1.5768875958036184, 4, 1.4806759294020673 ,  5, 1.2598258530984157 
96, 207,11, 3, 8, 21, 4, 6,896, 1286, 2.1446052732258565, 3.174313595456611,0.3652107808654854, 6 , 1.3312539768089724, 5, 1.4879436478027614 ,  5, 1.5260277161783469 
105, 201,10, 3, 8, 21, 3, 6,819, 1220, 2.161365846016956, 3.398021157769095,0.3847601244142006, 5 , 1.3303446766169398, 5, 1.484218995269008 ,  4, 1.5435361775506529 
104, 211,12, 3, 8, 20, 3, 7,990, 1067, 2.001388966882182, 3.196307472822796,0.36872717197143534, 4 , 1.5533623763571083, 4, 1.5626324154030098 ,  5, 1.4433711808080931 
104, 211,10, 3, 8, 21, 4, 7,879, 1089, 2.1836709322720296, 3.3387011847771513,0.36236882506960133, 5 , 1.5094335773872518, 4, 1.5575450053269844 ,  5, 1.4918716131232326 
108, 203,11, 3, 8, 21, 4, 7,1066, 884, 2.220343017795635, 3.261731769827734,0.3642403769222746, 4 , 1.5580074917275977, 5, 1.4047798337132213 ,  6, 1.0941770134596351 
96, 211,10, 3, 8, 22, 3, 6,1282, 928, 1.9886041933983094, 3.348502855686079,0.3606073067905108, 4 , 1.602585034037998, 4, 1.5246640877573943 ,  5, 1.3199946397209896 
100, 199,12, 3, 8, 22, 4, 6,1173, 971, 2.038586439409805, 3.22305415192021,0.3724867539396236, 4 , 1.5939456777905794, 4, 1.5162546753081383 ,  5, 1.3039464597500399 
97, 200,11, 3, 8, 22, 3, 6,849, 1318, 2.0598089190512425, 3.213188633260857,0.3727065676739165, 6 , 1.2286615688363869, 5, 1.4315704604549029 ,  4, 1.5176803069293432 
110, 210,10, 3, 8, 21, 3, 7,1167, 986, 2.06494295767839, 3.209272000876795,0.36692856698387355, 4 , 1.5871585513064879, 4, 1.5238273677483434 ,  5, 1.3280502446529905 
108, 202,10, 3, 8, 22, 3, 6,1192, 998, 2.017731236138893, 3.1836874316759216,0.3773964749565074, 4 , 1.5937451962319673, 4, 1.5218845069140021 ,  5, 1.322208635608072 
106, 212,12, 3, 8, 20, 3, 6,1066, 872, 2.120907464840961, 3.194932945010792,0.39029232132338976, 4 , 1.5516584141653929, 5, 1.3891878917095033 ,  6, 1.0975269353261603 
99, 203,12, 3, 8, 22, 3, 6,1081, 1019, 2.0852461250811345, 3.3259106538571226,0.38689941409134365, 4 , 1.5808215851954681, 4, 1.5833943881867192 ,  4, 1.4853303441863779 
108, 211,10, 3, 8, 21, 3, 7,1123, 1063, 1.9926952699511773, 3.384651299504172,0.3922499271025608, 4 , 1.5212289701871238, 4, 1.5776934033586891 ,  4, 1.5480098173435601 
101, 206,11, 3, 8, 21, 3, 7,1054, 1097, 2.1926613690644032, 3.3504029027499067,0.3965364904990146, 4 , 1.511051355846274, 4, 1.5700190784483556 ,  4, 1.5483543334586334 
104, 202,12, 3, 8, 21, 3, 7,957, 1308, 2.1572895290642506, 3.262565825072657,0.3946425380101154, 6 , 1.1823922214820715, 5, 1.3935135078502345 ,  4, 1.510091991764774 
99, 205,11, 3, 9, 20, 3, 6,1021, 1274, 2.140514099815441, 3.2740662581600057,0.37156672607266406, 5 , 1.2750871980678908, 5, 1.4494092369544813 ,  4, 1.53298538356605 
99, 211,10, 3, 8, 20, 3, 6,863, 994, 2.1524069251805074, 3.211653493282925,0.3945523509671638, 4 , 1.5940868587709667, 4, 1.496108604822717 ,  5, 1.263025515203444 
108, 204,10, 3, 8, 22, 3, 7,888, 1097, 2.0246584208994634, 3.3913233689345232,0.37246056328618027, 5 , 1.4553018240469018, 4, 1.5436534715038357 ,  4, 1.5259581876936352 
107, 208,12, 3, 8, 20, 3, 6,1227, 988, 2.009695140489889, 3.3112753740824568,0.3929076718082378, 4 , 1.5947706516624283, 4, 1.5828128169501294 ,  4, 1.474233609581268 
96, 208,10, 3, 8, 21, 3, 7,945, 1099, 2.00458654932077, 3.1988489254690515,0.37860382440590357, 4 , 1.5568840129377701, 4, 1.5654496343138884 ,  5, 1.4503018397711238 
103, 207,10, 3, 8, 21, 3, 6,1106, 1108, 2.1298470588713414, 3.3098796121157514,0.38655607457363106, 4 , 1.5417943004104666, 4, 1.5802152669135363 ,  4, 1.5301432423114825 
106, 202,11, 3, 8, 21, 3, 6,1069, 981, 2.080018462458206, 3.2546773105241167,0.3812945740213344, 4 , 1.5985171520172397, 4, 1.5386484196624026 ,  5, 1.3531854226205748 
106, 208,11, 3, 8, 21, 3, 7,1106, 1209, 2.049219710597349, 3.3199440873540746,0.3743917965246091, 5 , 1.324719423823992, 4, 1.4763387963955061 ,  4, 1.5427063554439646 
104, 206,10, 3, 8, 21, 3, 7,940, 1228, 2.152692178109241, 3.254214186159502,0.3794826043685625, 5 , 1.379892198054624, 4, 1.5063557388467956 ,  4, 1.5398151987960091 
105, 208,11, 3, 8, 20, 3, 6,932, 1041, 2.0520783754378087, 3.3238230905808317,0.37353539987557627, 4 , 1.5676722351476506, 4, 1.5717303533200362 ,  5, 1.4559499323618417 
103, 209,11, 3, 8, 21, 3, 6,1095, 999, 2.049858547592116, 3.2205951092146146,0.370797735560658, 4 , 1.594292488772397, 4, 1.5363725472210639 ,  5, 1.3466227721146768 
105, 203,11, 3, 8, 21, 3, 6,1134, 1104, 2.1047259660750157, 3.285045187858473,0.37016973924215013, 4 , 1.5334798179669247, 4, 1.573848661468621 ,  4, 1.5181131518648314 
103, 202,11, 3, 8, 21, 3, 7,983, 1108, 2.079975364574743, 3.265183713225256,0.37454887981616947, 4 , 1.5127449230528678, 4, 1.5643898518311563 ,  4, 1.5089845281627614 
99, 205,11, 3, 8, 21, 3, 6,1025, 1128, 2.0674432924329764, 3.242057891500722,0.379932572870488, 4 , 1.5306674199003247, 4, 1.5735712178564625 ,  4, 1.5149087981723848 
102, 208,11, 3, 8, 21, 3, 7,1052, 997, 2.1592687757998235, 3.2585722617186414,0.37287085269668196, 4 , 1.5864871978581887, 4, 1.5486004639431905 ,  5, 1.387086965137164 
102, 202,11, 3, 8, 21, 3, 6,929, 1072, 2.1005674617677457, 3.2414295393355,0.37420791098007056, 4 , 1.5680036536156343, 4, 1.564624268845342 ,  5, 1.4383988202579159 
105, 205,11, 3, 8, 21, 3, 7,1108, 1209, 2.1461442353516347, 3.323248099473845,0.38647625873887037, 5 , 1.356786070958096, 4, 1.4920509310177765 ,  4, 1.5489603501267102 
103, 202,10, 3, 8, 21, 3, 6,1084, 1007, 2.0405163721493906, 3.2376740592844593,0.3719486282122979, 4 , 1.5962053015588409, 4, 1.532971359583227 ,  5, 1.3381676960952398 
103, 208,11, 3, 8, 21, 3, 6,1038, 1055, 2.0697015093951947, 3.3059418312586653,0.3785027878274868, 4 , 1.5651325560826217, 4, 1.5794224317404673 ,  4, 1.4864979518885586 
103, 203,11, 3, 8, 21, 3, 6,958, 1192, 2.1523857431798703, 3.299929466036688,0.37115250205711514, 5 , 1.4196362643010358, 4, 1.5284240844588826 ,  4, 1.543206376611681 
103, 204,11, 3, 8, 21, 3, 6,1159, 1159, 2.106107497432781, 3.233333060456048,0.3814787881364773, 4 , 1.5049615943755437, 4, 1.5658134110433153 ,  4, 1.540251062395986 
101, 205,11, 3, 8, 21, 3, 6,960, 1011, 2.0614399573146827, 3.2555638513840544,0.3822557771494338, 4 , 1.5942480559041303, 4, 1.5514525057475428 ,  5, 1.3799021719708118 
102, 209,11, 3, 8, 21, 3, 7,1155, 1096, 2.07100403107102, 3.2644352688766824,0.3804272157987306, 4 , 1.5279483915188787, 4, 1.5722961578085444 ,  4, 1.5252717625331524 
102, 202,10, 3, 8, 20, 3, 6,956, 1133, 2.0365069703744254, 3.2878137565530645,0.3698827695075615, 4 , 1.5181549979613531, 4, 1.56720947483114 ,  5, 1.505946802224933 
104, 202,11, 3, 8, 20, 3, 6,991, 1215, 2.1405484097390897, 3.2921281791604864,0.3777180014094065, 5 , 1.406305506232751, 4, 1.5224780417434791 ,  4, 1.5502691880219757 
101, 208,11, 3, 8, 21, 3, 6,1069, 996, 2.0968091318696267, 3.335697758880984,0.38756869006061057, 4 , 1.5956165900844275, 4, 1.5760125327224122 ,  4, 1.4471297231372278 
100, 207,11, 3, 8, 21, 3, 6,997, 1096, 2.1461035328298337, 3.2923661209024297,0.38434766213500005, 4 , 1.5455648838552902, 4, 1.578139074903603 ,  4, 1.5125946662756882 
104, 202,11, 3, 8, 21, 3, 6,926, 1023, 2.042748212659312, 3.2464819568522083,0.38521128091120227, 4 , 1.590924838897157, 4, 1.555014693583595 ,  5, 1.3898290620366012 
106, 202,11, 3, 8, 21, 3, 7,969, 1190, 2.1306407766729123, 3.2488079107679235,0.37532021383845304, 5 , 1.4153390597584723, 4, 1.5250859195718522 ,  4, 1.5376325939592217 
101, 204,11, 3, 8, 21, 3, 7,1008, 1007, 2.148290553906513, 3.251366287408005,0.3722852426496992, 4 , 1.5849360051039776, 4, 1.547243123254773 ,  5, 1.3821379247159429 
105, 208,11, 3, 8, 21, 3, 6,977, 1158, 2.159211726704193, 3.333343740490805,0.3877839373340557, 4 , 1.45327858706618, 4, 1.5480787314997084 ,  4, 1.554344474407654 
100, 206,10, 3, 8, 20, 3, 6,1068, 1124, 2.1287662105947263, 3.2996110431231367,0.3851280184378574, 4 , 1.5404707660106538, 4, 1.5802099542261863 ,  4, 1.5284344227175262 
105, 204,11, 3, 8, 20, 3, 6,1098, 1004, 2.1116114052325017, 3.270031511721741,0.37686226888650154, 4 , 1.596235726315056, 4, 1.5549645590261523 ,  5, 1.3954696592468034 
105, 204,11, 3, 8, 21, 3, 7,966, 1099, 2.1251964958697087, 3.2832069657124388,0.3875006312420318, 4 , 1.519630685114096, 4, 1.5691917684249612 ,  4, 1.5202646598187868 
102, 205,11, 3, 8, 21, 3, 6,1034, 1159, 2.0707368718772656, 3.317254062680136,0.3883217515339802, 4 , 1.462637501548386, 4, 1.55350209186868 ,  4, 1.5565710708448517 
100, 202,11, 3, 8, 21, 3, 6,957, 1028, 2.0394218471679366, 3.2343578952677356,0.3733375333165476, 4 , 1.5882997153202991, 4, 1.5461765325169121 ,  5, 1.3689049887913698 
101, 203,11, 3, 8, 21, 3, 7,1076, 994, 2.1512027101903684, 3.272295653758179,0.3717918482059339, 4 , 1.5881031908635963, 4, 1.5497374525412784 ,  5, 1.3893437889651272 
103, 208,11, 3, 8, 21, 3, 7,961, 1032, 2.0940530466228253, 3.289164323297869,0.382063536523814, 4 , 1.5681607861988798, 4, 1.5711194428633475 ,  4, 1.4573405196038751 
100, 203,11, 3, 8, 20, 3, 7,1054, 1133, 2.1098244356303937, 3.2717571816719877,0.38704387116336325, 4 , 1.5070803885349027, 4, 1.5678743346244275 ,  4, 1.5385081521422854 
103, 207,10, 3, 8, 21, 3, 7,1113, 1170, 2.0894712673812634, 3.3033772222079145,0.3821649385532091, 5 , 1.4432659480673866, 4, 1.540577353227366 ,  4, 1.5522868193107293 
100, 203,11, 3, 8, 20, 3, 7,928, 1154, 2.134741799750877, 3.299810726133715,0.37584961484276747, 5 , 1.4580025853311849, 4, 1.5471180345971367 ,  4, 1.536301766606822 
100, 207,11, 3, 8, 20, 3, 6,1023, 1099, 2.133237773397518, 3.223640833453815,0.38292741793298224, 4 , 1.5654865591959024, 4, 1.5755898034372429 ,  4, 1.4788788015316638 
101, 205,12, 3, 8, 21, 3, 6,1029, 1098, 2.066244376668287, 3.3188983238614904,0.37188624282457927, 4 , 1.5130003956027378, 4, 1.5696696069627218 ,  4, 1.5276784656591236 
101, 207,11, 3, 8, 20, 3, 6,975, 1197, 2.0793643946140534, 3.2363876532144653,0.38696539866828417, 5 , 1.460128155231973, 4, 1.5507822791052748 ,  4, 1.5464969234306043 
104, 208,11, 3, 8, 21, 3, 6,937, 1002, 2.090941147723747, 3.25362365314139,0.37483451440089444, 4 , 1.5908968514124555, 4, 1.538655850422374 ,  5, 1.350641203873789 
103, 203,11, 3, 8, 21, 3, 6,1123, 1076, 2.149748885849071, 3.2240073731481838,0.38381730112337564, 4 , 1.5740270349892551, 4, 1.573407921829313 ,  4, 1.470877960018283 
105, 209,11, 3, 8, 21, 3, 7,1041, 1212, 2.053064739176584, 3.266714807537924,0.38526593650781615, 5 , 1.365166171134575, 4, 1.50034740312395 ,  4, 1.5475971368784693 
103, 204,11, 3, 8, 21, 3, 6,1129, 1000, 2.0954947153418786, 3.249198131201397,0.38070388454102966, 4 , 1.5967710276547225, 4, 1.551975875043274 ,  5, 1.3899212529964986 
106, 204,11, 3, 8, 20, 3, 6,1094, 1152, 2.088932754316879, 3.2629976011194097,0.37904563563966254, 4 , 1.5002095494264338, 4, 1.5658350167486235 ,  4, 1.540440177697732 
102, 205,11, 3, 8, 21, 3, 6,934, 1139, 2.0483886523484713, 3.227321124573778,0.379888862921829, 4 , 1.5171729855160274, 4, 1.5671834091488086 ,  4, 1.5078438927098639 
106, 203,10, 3, 8, 21, 3, 6,1068, 1111, 2.066493397423578, 3.303216416326891,0.3768068784763763, 4 , 1.532238057347623, 4, 1.575588023089442 ,  4, 1.5198442761829791 
103, 203,11, 3, 8, 21, 3, 7,946, 1016, 2.103616552272392, 3.2785016372181284,0.38193712513052913, 4 , 1.5800036197313567, 4, 1.5625592246156061 ,  5, 1.4221774395357922 
101, 204,11, 3, 8, 20, 3, 7,1135, 1213, 2.1416675987034566, 3.2838626466072904,0.38224549534821006, 5 , 1.3981214904009305, 4, 1.5156263501316876 ,  4, 1.5530627797670609 
101, 204,12, 3, 8, 21, 3, 6,1126, 1209, 2.044067288593901, 3.292850922731291,0.3846145475199173, 5 , 1.388560566503685, 4, 1.5138848790486907 ,  4, 1.5575640911698916 
100, 207,11, 3, 8, 21, 3, 6,1061, 1029, 2.067415177667094, 3.2758197374023306,0.3738328244453022, 4 , 1.5859956561182325, 4, 1.5677988896538815 ,  5, 1.4310440206651043 
100, 204,11, 3, 8, 21, 3, 6,1123, 1027, 2.105593355217529, 3.2869517243780004,0.3782484680330107, 4 , 1.5884716377522312, 4, 1.5723881890857272 ,  5, 1.446554579740771 
106, 205,11, 3, 8, 21, 3, 7,1071, 1165, 2.133544886329723, 3.276056058642994,0.372656739494736, 5 , 1.4363025275482226, 4, 1.535723198267874 ,  4, 1.5423901121679944 
100, 206,11, 3, 8, 20, 3, 7,1134, 1178, 2.1339852677970654, 3.298591773895155,0.37410104618498186, 5 , 1.433644908847666, 4, 1.535424912685734 ,  4, 1.551987766136201 
103, 205,11, 3, 8, 21, 3, 6,978, 1057, 2.075069846430374, 3.2378269004948246,0.38449878561400874, 4 , 1.5793754590198874, 4, 1.5700808933829988 ,  5, 1.4428578767939848 
104, 208,11, 3, 8, 21, 3, 6,933, 1097, 2.0674235856472976, 3.33497814455403,0.38793602864348387, 4 , 1.5198661069786097, 4, 1.5742356855180506 ,  4, 1.5306158601057176 
106, 203,10, 3, 8, 21, 3, 6,951, 1205, 2.1283960732012517, 3.224694353466462,0.3862750539472053, 5 , 1.466309061193496, 4, 1.5506467059255253 ,  4, 1.5383660036677809 
101, 207,11, 3, 8, 21, 3, 6,1128, 1013, 2.1482684778362042, 3.3008673302210676,0.37009640408537403, 4 , 1.5887978459567604, 4, 1.5654307209608116 ,  5, 1.4293445464153576 
105, 204,11, 3, 8, 20, 3, 7,1012, 1228, 2.1288177984147794, 3.265229042557608,0.38811537231409055, 5 , 1.3715015908458426, 4, 1.5028521381386881 ,  4, 1.5485977091366754 
104, 203,11, 3, 8, 21, 3, 6,1105, 989, 2.0913357081204182, 3.317969072548281,0.37862848564141494, 4 , 1.596843997738195, 4, 1.5648685361840653 ,  5, 1.4181624811807856 
102, 205,11, 3, 8, 21, 3, 7,931, 992, 2.1443280296712643, 3.258090168175827,0.38761836233639224, 4 , 1.5909764384584746, 4, 1.5460945744803187 ,  5, 1.3742330215341076 
154, 34,24, 5, 16, 23, 15, 15,5824, 3390, 4.802927136421204, 4.692326819910869,0.14594903718680144, 200 , -12.176314075814359, 200, -11.015220308013362 ,  200, -9.426686327592195 
175, 27,31, 6, 9, 19, 5, 15,2284, 4123, 4.627307116985321, 4.050153109498059,0.16480328179895878, 200 , -10.318791086761694, 200, -9.159224245556384 ,  200, -7.678436463778138 
24, 145,25, 11, 12, 11, 5, 6,2658, 1660, 1.8786462992429733, 1.512203402730334,0.6449739992618561, 200 , -2.9743387302886806, 200, -2.3934114641981576 ,  200, -1.473145745858608 
173, 90,37, 10, 15, 37, 10, 10,56, 6376, 1.5709296464920044, 1.7746208589408414,0.6619387477636337, 200 , -7.013254106600596, 200, -6.4258031003182925 ,  200, -5.442198983007078 
218, 102,16, 6, 1, 27, 15, 17,5275, 2081, 3.215314954519272, 2.1217179704320976,0.6124817192554474, 200 , -5.901932645002353, 200, -5.000933139927678 ,  200, -5.98374532881394 
170, 103,45, 3, 10, 7, 18, 16,1356, 2168, 1.0448455568403006, 5.790964821437965,0.6751228779554367, 200 , -7.148170779909386, 200, -6.760003266278421 ,  200, -5.997682073276498 
230, 121,17, 8, 13, 9, 12, 17,516, 6772, 3.86510169506073, 2.386136186307418,0.2437254771590233, 200 , -8.80941725308312, 200, -8.146411657119433 ,  200, -7.261435421288261 
283, 74,41, 12, 9, 7, 12, 10,4797, 7453, 5.184535443782806, 2.706585085043104,0.1697351321578026, 200 , -13.070036941300527, 200, -11.927867825434621 ,  200, -10.389300745088786 
183, 136,13, 15, 7, 21, 13, 7,6072, 1300, 4.191975951194763, 3.684815965717773,0.41255046278238294, 200 , -8.708844032431829, 200, -6.059691319975826 ,  200, -4.254215196194456 
87, 205,38, 4, 8, 7, 16, 14,1415, 286, 1.2876928634941578, 5.751630770209926,0.18835797756910325, 200 , -5.685906425149806, 200, -3.3564126655179596 ,  200, -1.73599203312667 
253, 220,42, 15, 10, 28, 13, 18,3262, 1673, 5.443089962005615, 4.976422719384207,0.3470198720693588, 200 , -9.873453324485864, 200, -8.593482606158473 ,  200, -6.7287195410949 
243, 49,48, 8, 2, 31, 19, 12,6102, 6985, 5.053013622760773, 4.024387640806713,0.36100506633520124, 200 , -13.349154280949676, 200, -12.236404485283892 ,  200, -10.759229216840726 
215, 18,31, 11, 12, 19, 17, 14,5290, 1, 1.9205806255340576, 5.419551796286736,0.2564030051231384, 200 , -2.789809901343378, 200, -4.307998463181766 ,  200, -5.398467377533915 
99, 78,40, 5, 11, 11, 19, 10,1312, 1102, 3.1166297793388367, 4.301414113335922,0.5644412100315094, 200 , -2.9471591183513985, 200, -1.2713986739084746 ,  60, 0.1378486357734182 
229, 148,35, 10, 14, 37, 11, 19,479, 1121, 4.302968442440033, 1.4644763621233359,0.39980330914258955, 200 , -1.7572044370250322, 200, -3.325132881808676 ,  200, -5.011881399414103 
75, 208,35, 6, 12, 5, 8, 10,2366, 3452, 5.387089312076569, 2.9580894231130177,0.6197881013154983, 200 , -6.6397079320185535, 200, -4.935857500932951 ,  200, -3.2390301179981114 
288, 31,46, 8, 11, 20, 13, 7,5435, 3069, 2.7790786921977997, 2.6617018229520606,0.35656542927026746, 200 , -8.96058660186772, 200, -7.308922090246888 ,  200, -3.6587464932877687 
149, 277,21, 13, 8, 31, 11, 8,2579, 2302, 4.87347549200058, 2.722647359004503,0.6781092047691345, 200 , -4.203555237477939, 200, -2.979656803547369 ,  200, -3.3739340699218068 
284, 174,28, 10, 12, 1, 9, 18,516, 1150, 4.676432371139526, 3.3458710354540466,0.600030368566513, 200 , -2.567926449535302, 189, -0.5780168890428268 ,  173, -0.5463310588793456 
221, 148,11, 16, 5, 34, 14, 11,1762, 2500, 1.9492085874080658, 4.499732342949839,0.451556085050106, 200 , -8.206005176852477, 200, -7.7222588872704865 ,  200, -7.116818547241579 
16, 232,17, 10, 7, 1, 19, 5,4354, 4143, 1.233469046652317, 2.8320306640189066,0.6872602313756943, 200 , -8.40130917969388, 200, -8.63972728840849 ,  200, -8.280252220634349 
261, 94,16, 6, 10, 8, 8, 11,685, 4119, 4.542604148387909, 4.053130424248582,0.25650853887200353, 200 , -7.835254289927362, 200, -7.084871284647746 ,  200, -6.118300622773288 
83, 73,44, 15, 13, 1, 15, 4,5756, 7678, 5.6768879890441895, 5.471144743758143,0.36400180906057356, 200 , -15.680600242333092, 200, -14.605541252277458 ,  200, -13.206696050022497 
268, 247,25, 11, 14, 21, 19, 4,318, 6374, 4.6653658747673035, 5.616589406836413,0.23502008840441704, 200 , -11.53980591648572, 200, -10.958293099415133 ,  200, -10.257227789106102 
226, 183,38, 9, 4, 19, 10, 15,2231, 5947, 2.369716078042984, 2.8549990347800542,0.7401839256286621, 200 , -5.860024253244169, 200, -5.746526559377245 ,  200, -5.406518156295036 
56, 193,44, 8, 6, 2, 8, 6,2820, 1291, 3.340446412563324, 5.568079523463247,0.12529599703848363, 200 , -10.537668178910414, 200, -9.091152235118525 ,  200, -6.778790455059434 
116, 96,49, 15, 14, 2, 19, 11,1795, 2550, 1.5759597942233086, 5.8088724492001065,0.15170533433556557, 200 , -11.170889834327246, 200, -10.703873338412029 ,  200, -10.267813919317504 
103, 295,17, 11, 12, 6, 5, 13,7756, 3712, 1.5781979113817215, 4.327817676913363,0.8484634965658188, 200 , -5.214695567732184, 200, -5.327664881170665 ,  200, -5.192638508615727 
51, 160,41, 6, 1, 8, 9, 11,4001, 5102, 5.817640483379364, 4.225610655513819,0.5852883666753769, 200 , -8.821526548962895, 200, -7.504097228020635 ,  200, -5.461775731001738 
189, 249,26, 5, 9, 24, 5, 16,7211, 2785, 4.916808068752289, 5.379631140692695,0.3035654932260513, 200 , -9.317658319705597, 200, -8.158239744465094 ,  200, -6.5666353967899616 
173, 265,48, 9, 3, 10, 8, 7,5025, 6781, 4.830254077911377, 5.455798630955238,0.8293144464492798, 200 , -7.555598027253879, 200, -6.305520369138268 ,  200, -5.386388419158114 
93, 289,22, 13, 3, 7, 13, 14,2262, 1357, 4.072890937328339, 5.664340220284341,0.1354846976697445, 200 , -9.675872761755773, 200, -8.236244307015019 ,  200, -5.724510035711385 
17, 137,25, 5, 2, 20, 4, 7,516, 5743, 4.579219579696655, 2.000106981841749,0.5197307080030441, 200 , -5.111482074585589, 200, -4.246500344097525 ,  200, -2.6413450706350536 
284, 78,27, 14, 3, 13, 17, 12,1752, 6020, 1.1360919140279293, 2.785728782733158,0.793989172577858, 200 , -8.8787790388836, 200, -8.544652190838338 ,  200, -7.936509350506951 
189, 139,21, 6, 14, 12, 4, 5,6641, 8032, 4.584207594394684, 4.552919005067342,0.5029504060745239, 200 , -9.635630030756053, 200, -8.509560928199722 ,  200, -7.00378851444767 
51, 51,26, 11, 6, 17, 4, 6,3432, 4831, 4.824401795864105, 2.5829690805151126,0.45075211524963377, 200 , -9.43074308674936, 200, -7.978957511943316 ,  200, -5.375445385550524 
123, 68,23, 3, 4, 12, 6, 6,4455, 1586, 1.8815062046051025, 2.3972782780847415,0.5659326076507568, 44 , 0.005439700075611796, 200, -1.1139735469681038 ,  134, -0.7280236616155532 
283, 37,39, 4, 12, 10, 3, 16,3944, 6896, 5.439322054386139, 5.928678708902742,0.6960760712623596, 200 , -6.63864399431085, 200, -5.438493002131055 ,  200, -3.9653067663923034 
125, 23,39, 9, 4, 21, 11, 16,6049, 5108, 4.552039861679077, 5.414874463880894,0.6709421187639236, 200 , -10.734838562347484, 200, -9.460762266334498 ,  200, -7.658839304567899 
193, 237,40, 13, 2, 17, 4, 15,5114, 8061, 1.2912422269582748, 4.030539096973275,0.2930091232061386, 200 , -10.905170623663475, 200, -9.393966107788932 ,  200, -7.967855760944829 
201, 276,11, 3, 3, 12, 12, 16,7825, 5739, 3.3636190593242645, 4.196008035752552,0.5262222796678543, 200 , -9.412851078825433, 200, -8.185249523245654 ,  200, -6.43370960902609 
254, 78,47, 13, 13, 2, 18, 7,1214, 7390, 1.4253613203763962, 4.477353344862227,0.7503505259752273, 200 , -10.084556546115742, 200, -9.821273967237099 ,  200, -9.389036918979873 
76, 211,18, 5, 14, 15, 15, 12,1917, 2672, 5.570258259773254, 2.8262062833872346,0.6632999241352081, 200 , -4.73059084148224, 200, -2.916818348683998 ,  200, -2.6052528519298006 
199, 172,30, 12, 1, 17, 16, 19,1981, 6754, 1.130141656845808, 4.241720267534013,0.4502743691205978, 200 , -9.736580344297247, 200, -9.682821954732756 ,  200, -9.426335153595117 
114, 63,32, 14, 3, 13, 8, 9,7844, 4399, 3.0333226025104523, 2.372196788976831,0.7302261799573898, 200 , -8.030984395285795, 200, -5.94123564635291 ,  200, -6.441005830402481 
203, 44,23, 4, 3, 16, 19, 4,2896, 4687, 4.422881662845612, 5.12492470130067,0.5060597568750381, 200 , -9.581995487340485, 200, -8.296890339378029 ,  200, -6.5573784312315215 
239, 277,34, 4, 15, 23, 8, 16,953, 4737, 4.708344101905823, 2.1721516199168462,0.32488941252231596, 200 , -6.731099615892416, 200, -5.808658138588717 ,  200, -4.5925990532804555 
196, 234,37, 12, 5, 14, 19, 8,6232, 6188, 2.199185848236084, 2.624080523593987,0.7738260686397552, 200 , -7.297778056743027, 200, -6.326011188953347 ,  200, -6.408141928042876 
34, 11,11, 4, 6, 25, 6, 19,2047, 1615, 4.304139971733093, 5.840500362751688,0.6931673943996429, 200 , -2.7796882606648428, 200, -1.4849567740856462 ,  200, -0.9755725890471661 
262, 205,42, 6, 8, 18, 19, 15,4121, 3455, 5.165140390396118, 3.6636885194653157,0.6009576976299286, 200 , -8.73214676548347, 200, -7.279689602949538 ,  200, -5.072624554407501 
245, 198,14, 3, 10, 2, 9, 11,1988, 4775, 4.988377749919891, 3.7882136361867724,0.6483015030622482, 200 , -6.778211351570562, 200, -5.474232793614436 ,  200, -4.220451473176136 
206, 262,42, 15, 3, 32, 6, 18,83, 5139, 5.139188230037689, 4.825562416281345,0.43222314715385435, 200 , -9.61414146277675, 200, -9.011663551593227 ,  200, -8.247787567081957 
100, 67,33, 15, 15, 30, 12, 7,7828, 8665, 4.416678364138747, 4.308393061161041,0.5939197599887848, 200 , -11.820583964008573, 200, -10.675744462251886 ,  200, -9.129108353697436 
257, 137,15, 5, 11, 43, 6, 16,7311, 1536, 2.412340904179601, 2.9534938037395477,0.11900441758334637, 200 , -9.705098822126047, 200, -8.112721947676903 ,  200, -5.029741362744256 
67, 203,1, 5, 7, 36, 10, 3,5940, 7555, 3.859460019185733, 3.7680382132530212,0.822293272614479, 200 , -7.481132204722067, 200, -6.1578321249658154 ,  200, -5.507620455605044 
285, 290,8, 10, 6, 38, 10, 18,4907, 4595, 1.2873125267365495, 3.607962489128113,0.634187987446785, 200 , -7.570279127144271, 200, -6.989923188899977 ,  200, -7.09633759640046 
286, 104,42, 14, 17, 39, 10, 16,6302, 4206, 5.328146286090615, 3.0303085446357727,0.6092904716730118, 200 , -10.07917455928695, 200, -8.708564613097638 ,  200, -6.625764639242379 
283, 235,49, 11, 6, 4, 11, 9,4061, 8121, 3.5401574100705204, 3.506573498249054,0.4338339254260063, 200 , -10.6417847495768, 200, -9.4183129043394 ,  200, -7.773172252105892 
272, 123,12, 3, 18, 6, 11, 4,1960, 7021, 5.837618022299026, 2.516615003347397,0.4000025302171707, 200 , -9.133802119799741, 200, -7.954816820621668 ,  200, -6.401081200691246 
293, 47,3, 15, 6, 43, 16, 4,3491, 9348, 4.730073603373754, 1.8425739407539368,0.800461745262146, 200 , -10.211838076462358, 200, -9.390712616930161 ,  200, -9.235448593911716 
156, 23,42, 11, 9, 12, 15, 17,6845, 4926, 2.2389945279967947, 2.5438999235630035,0.14051327239722014, 200 , -13.027570608582346, 200, -11.702241517868138 ,  200, -9.733557518784732 
237, 246,45, 10, 15, 32, 3, 11,3987, 3015, 3.23155239809369, 2.9327932596206665,0.21668189242482186, 200 , -9.506897855831962, 200, -8.146519526730858 ,  200, -6.133113382419505 
35, 27,36, 3, 18, 30, 13, 7,2641, 8468, 5.670907580946434, 5.72210168838501,0.6040851086378097, 200 , -8.922652160470971, 200, -7.789231877599626 ,  200, -6.446765829431952 
144, 192,6, 5, 4, 35, 5, 8,417, 7438, 2.9228330386626453, 4.8929978013038635,0.7058598309755325, 200 , -6.859952662149275, 200, -6.487498790524422 ,  200, -5.983278539414042 
131, 177,45, 16, 13, 31, 16, 16,6729, 4893, 5.7320139294053405, 2.8616491556167603,0.45769130289554594, 200 , -11.540067840448218, 200, -10.30891276627907 ,  200, -8.531881738415894 
46, 122,14, 13, 14, 18, 18, 11,724, 7085, 2.470810714581596, 1.7651356607675552,0.5072516411542892, 200 , -7.8028902417444534, 200, -7.235198823628163 ,  200, -6.224986518571301 
111, 159,21, 12, 8, 32, 4, 18,5608, 9512, 1.6779277220004367, 1.9701695293188095,0.21103954166173935, 200 , -11.621924464875946, 200, -10.238847312447579 ,  200, -8.272650330559157 
130, 258,40, 10, 9, 6, 8, 12,3671, 7615, 1.5276765855945076, 3.334902286529541,0.7044286489486694, 200 , -6.581251216442368, 200, -6.606770352671466 ,  200, -6.548837750775553 
80, 11,28, 12, 1, 46, 14, 3,7891, 35, 2.27631413281528, 5.869245290756226,0.5656281322240829, 200 , -10.037518909113343, 200, -9.686912964460229 ,  200, -8.940132531559017 
198, 65,31, 14, 15, 6, 4, 9,1829, 7238, 3.0249987065176995, 4.109481334686279,0.4689954280853271, 200 , -8.625209252100262, 200, -7.733495010133428 ,  200, -7.068809462905592 
293, 214,26, 12, 11, 44, 19, 18,439, 5304, 3.065657227903209, 4.305866122245789,0.16869002617895604, 200 , -11.32460749264184, 200, -10.803401959035604 ,  200, -10.156693656941872 
268, 93,42, 11, 14, 21, 11, 7,3116, 4634, 3.139514481348826, 2.135776787996292,0.5879028499126434, 200 , -6.4889946013741095, 200, -4.707587352684234 ,  200, -3.7335018290404247 
111, 129,35, 6, 17, 38, 18, 11,8261, 325, 4.6111676718939805, 1.2020928636193275,0.4369616940617561, 200 , -8.686916232907539, 200, -8.683133361949793 ,  200, -8.44586467890389 
32, 78,4, 9, 16, 15, 4, 4,936, 9295, 5.233004839777351, 3.5875499844551086,0.41530670076608656, 200 , -9.721514282755052, 200, -8.970232187455371 ,  200, -8.151863927685774 
11, 80,30, 10, 3, 18, 19, 16,9657, 2752, 1.1471340408068613, 4.967043459415436,0.32797386348247526, 200 , -10.248291067741704, 200, -8.698551108801547 ,  200, -5.81582170458617 
142, 168,18, 5, 7, 38, 18, 3,51, 6333, 5.506090419198358, 1.74904166162014,0.6025944709777832, 200 , -7.16308164187181, 200, -6.247481499142537 ,  200, -4.553414457055818 
120, 35,15, 5, 2, 3, 8, 18,6698, 9356, 3.6303848254569857, 2.532059460878372,0.6080199092626571, 200 , -10.39038228502259, 200, -9.076168495524122 ,  200, -7.128683417713686 
227, 281,3, 3, 19, 21, 9, 2,8573, 4855, 3.0615997845214693, 1.0700385821983218,0.7189371645450592, 200 , -4.9024684554762405, 200, -5.884832537477823 ,  200, -6.034447172520258 
118, 54,34, 17, 13, 15, 13, 12,5947, 5289, 3.498382182503647, 3.8067854046821594,0.6434865355491638, 200 , -9.877737796605517, 200, -8.454472716018453 ,  200, -6.3369426149085815 
84, 178,8, 16, 2, 27, 16, 2,9637, 7961, 2.7454708264414904, 1.8788850903511047,0.815635672211647, 200 , -9.187519741955139, 200, -8.19570272412637 ,  200, -8.3605758344325 
101, 62,44, 13, 15, 47, 9, 19,6098, 5305, 2.0062130074012536, 2.2499482929706573,0.32709809988737104, 200 , -10.473905907900043, 200, -9.033804624270594 ,  200, -6.808554810908542 
103, 188,21, 16, 7, 23, 16, 13,5572, 1855, 4.086066413553127, 1.007468070834875,0.5050050228834152, 200 , -7.5316666465454905, 200, -7.9099315380959565 ,  200, -7.8019146037992995 
87, 191,30, 10, 3, 25, 10, 9,7510, 6661, 5.511766475526144, 5.129074215888977,0.5812866896390915, 200 , -11.192547054773382, 200, -10.060510670974768 ,  200, -8.535141876985456 
160, 297,32, 3, 11, 7, 17, 10,3933, 777, 1.3530669682770835, 2.6178300976753235,0.6980543792247772, 200 , -5.191943700793606, 200, -4.68605488700852 ,  200, -2.5043555698731605 
288, 276,35, 13, 4, 43, 14, 14,9774, 5749, 1.59858088150113, 2.5819211304187775,0.24054637774825097, 200 , -12.690294951517133, 200, -11.403504936392052 ,  200, -9.533217474877603 
78, 214,8, 4, 4, 22, 12, 11,5527, 4952, 3.2681875184693254, 1.3141778707504272,0.6185062736272812, 200 , -4.829565767085133, 200, -2.5615492569476515 ,  200, -3.950833235682455 
215, 156,29, 5, 19, 36, 11, 16,6961, 3801, 2.587448900366333, 2.6453170776367188,0.10713808950968087, 200 , -11.304160248925003, 200, -10.004104905156048 ,  200, -8.090801659161016 
217, 277,48, 9, 17, 42, 12, 15,9998, 7104, 1.4144042302177997, 3.2545401751995087,0.17456653378903866, 200 , -12.870761588975984, 200, -11.63901071461796 ,  200, -9.901178283786457 
207, 292,39, 3, 7, 44, 19, 9,1214, 4205, 2.6796475727561173, 2.027260273694992,0.8089941203594208, 200 , -5.935976862583007, 200, -5.52346282594223 ,  200, -4.700656017558617 
154, 268,17, 13, 14, 30, 15, 19,1928, 1588, 3.6056406764779045, 1.60397170484066,0.36698701828718183, 200 , -4.107323924250863, 200, -2.3609993668701703 ,  200, -4.394177099566982 
201, 277,44, 16, 15, 45, 15, 9,1031, 220, 1.6276816175677133, 4.332214653491974,0.6158038586378097, 200 , -5.135958603481094, 200, -4.221150545190081 ,  200, -1.6439460899412257 
122, 296,1, 10, 16, 34, 15, 6,8185, 4629, 1.2539664959520245, 2.2136292457580566,0.21876030266284943, 200 , -11.348008755645413, 200, -9.762768717622128 ,  200, -6.965041705966019 
248, 167,17, 12, 15, 2, 15, 13,232, 5451, 2.1055485030243837, 1.2817072160542011,0.35477172434329984, 200 , -8.255200965467397, 200, -7.261607033531374 ,  200, -4.246141411591226 
287, 183,28, 14, 4, 31, 13, 15,2163, 4812, 5.707837153290683, 5.257677495479584,0.6928766876459121, 200 , -8.898309237448329, 200, -7.816196625909229 ,  200, -6.873370972603346 
198, 188,49, 15, 18, 49, 4, 13,6852, 8800, 4.9969739456912095, 1.5835967883467674,0.1216240892186761, 200 , -14.154773677406457, 200, -12.97763609680427 ,  200, -11.346660868914656 
168, 143,41, 15, 4, 29, 8, 9,3181, 5783, 4.837740605810396, 4.6845967173576355,0.10707469508051873, 200 , -13.67383423727268, 200, -12.561770416390672 ,  200, -11.1265448988954 
267, 98,14, 17, 6, 36, 12, 13,730, 5049, 1.6835426038950203, 5.063112437725067,0.26487496346235273, 200 , -11.643449034513267, 200, -11.306958578562423 ,  200, -10.830131951410062 
170, 127,11, 13, 8, 27, 15, 8,3683, 8964, 3.2293095295165557, 2.7827050387859344,0.4067241683602333, 200 , -11.20141394234035, 200, -9.936410291650981 ,  200, -8.266656252948996 
169, 210,37, 11, 7, 29, 19, 9,9976, 3030, 5.449873660989013, 4.87133002281189,0.21878543719649315, 200 , -13.542977957549944, 200, -12.40611800942498 ,  200, -10.861300608450163 
268, 249,28, 13, 19, 30, 4, 14,945, 8280, 5.251030421160323, 1.6966299563646317,0.7214412301778793, 200 , -6.420059748343288, 200, -5.931033591967669 ,  200, -5.345336877742019 
18, 85,43, 15, 10, 16, 19, 11,2610, 1689, 5.265499011124021, 3.067110240459442,0.42531261444091795, 200 , -7.215446379422863, 200, -3.8374022639805014 ,  200, -1.5168293441902436 
163, 55,28, 4, 3, 9, 9, 15,3867, 7723, 5.722880681090331, 3.3064444959163666,0.8397246807813644, 200 , -5.8279407347939145, 200, -4.7848086797652405 ,  200, -4.357220622795578 
13, 285,16, 16, 11, 49, 12, 8,3398, 6977, 4.400449172532674, 2.9487470388412476,0.1392008675262332, 200 , -12.49089789310899, 200, -11.328284780213414 ,  200, -9.785897359219835 
19, 130,30, 3, 9, 44, 11, 17,8236, 4655, 1.6506652376445317, 5.2014360427856445,0.2889349371194839, 200 , -9.0791382159418, 200, -7.807624017735396 ,  200, -5.973596395947993 
166, 73,10, 17, 16, 19, 9, 5,8283, 1295, 5.060597392945056, 5.897268712520599,0.7619397699832916, 200 , -6.696361754075506, 200, -5.073017612339331 ,  200, -6.078060243220275 
284, 251,34, 8, 12, 5, 5, 14,443, 267, 2.752387101658819, 5.039881527423859,0.5783453792333603, 200 , -1.798701404204381, 59, -0.14006296387186196 ,  10, 0.9745235166242568 
12, 123,32, 13, 8, 37, 19, 19,9703, 8471, 3.3658799604691723, 4.673813343048096,0.12983065694570542, 200 , -15.139128869450397, 200, -14.067166876141046 ,  200, -12.671805611273335 
83, 90,13, 3, 4, 29, 6, 5,1525, 9053, 3.3842068313911753, 5.9500080943107605,0.11632005302235485, 200 , -9.877152974902797, 200, -8.995741173845978 ,  200, -8.184630325637333 
74, 114,48, 3, 4, 3, 3, 8,9589, 3610, 4.012483972246201, 2.1450039595365524,0.6137392729520798, 200 , -5.220405489811583, 200, -2.8624129904134064 ,  200, -2.5234768787559725 
16, 73,10, 13, 9, 30, 15, 5,2169, 4535, 2.3356931946025696, 3.7350693941116333,0.5804159998893738, 200 , -7.182352629966208, 200, -6.480909497748249 ,  200, -5.940641106867605 
79, 79,9, 10, 16, 48, 10, 1,5508, 7629, 1.7091671264353998, 2.477787345647812,0.23834777101874352, 200 , -11.282910541752022, 200, -9.873152960129824 ,  200, -7.81349207464401 
240, 55,14, 4, 12, 11, 11, 19,939, 3266, 4.874387364603763, 3.318572849035263,0.22690206989645959, 200 , -7.164166677956697, 200, -6.19496776106573 ,  200, -4.829838774443831 
238, 81,36, 13, 4, 8, 6, 6,5315, 3711, 3.415343672269877, 4.245018124580383,0.1320078255608678, 200 , -12.75134665170088, 200, -11.52454952163017 ,  200, -9.8018850933737 
73, 217,37, 12, 5, 12, 15, 10,2870, 4621, 1.8560011142851138, 1.9459246695041656,0.5560543447732925, 200 , -5.766288037900409, 200, -5.001114077114836 ,  200, -4.350236696384359 
246, 186,14, 14, 3, 5, 11, 1,9438, 3994, 1.7373913805366143, 1.7845552265644073,0.6780640542507171, 200 , -6.268756318409703, 200, -5.888177657792521 ,  200, -6.66938207739631 
299, 287,30, 11, 10, 13, 13, 8,5416, 988, 2.2981054697355887, 2.930869370698929,0.6736197233200073, 200 , -3.0521207728408353, 200, -4.257973738085336 ,  200, -4.231704708848 
107, 48,32, 9, 6, 43, 13, 9,4834, 4069, 5.535504483292314, 3.970356047153473,0.7459630131721496, 200 , -8.039711823338001, 200, -6.391239763174779 ,  200, -4.742942570541906 
248, 66,31, 6, 1, 37, 16, 15,9186, 6095, 3.1016915149634414, 2.832551658153534,0.3078711539506912, 200 , -13.362915880352256, 200, -12.17967547553307 ,  200, -10.54051835976801 
272, 21,47, 12, 12, 20, 11, 7,4793, 6680, 3.0009304586483907, 2.079883947968483,0.2652340218424797, 200 , -11.63204704135544, 200, -10.309931750330602 ,  200, -8.372525370533344 
267, 23,19, 16, 9, 33, 16, 18,3858, 80, 4.017262124645981, 3.723665237426758,0.8246525436639786, 200 , -8.435765767502392, 200, -8.298263217582287 ,  200, -7.839488793435109 
180, 136,36, 17, 9, 3, 6, 19,945, 1481, 1.8547163784477476, 5.273077845573425,0.2751883029937744, 200 , -7.2004782546347075, 200, -6.616927065108468 ,  200, -5.446508677139869 
217, 156,14, 9, 2, 1, 4, 1,9778, 8595, 3.1933274698558947, 3.074829339981079,0.691264009475708, 200 , -10.861946199791795, 200, -9.525298588069317 ,  200, -7.519038136021737 
36, 94,18, 17, 12, 24, 6, 2,9877, 7247, 4.78600522034867, 2.7514142394065857,0.7396128386259079, 200 , -10.355674634707325, 200, -8.94244708408871 ,  200, -6.919993139746943 
124, 150,1, 11, 18, 25, 10, 14,9099, 785, 1.0180620923723482, 2.099606305360794,0.3684414908289909, 200 , -6.553467035433912, 200, -7.308754809956755 ,  200, -6.6433966527044666 
58, 51,10, 12, 8, 31, 13, 1,1154, 2382, 4.956626751980025, 1.726083591580391,0.5565200209617615, 200 , -0.6384088143206597, 200, -1.8945825055178287 ,  200, -3.625968789220043 
207, 132,21, 16, 10, 9, 17, 4,7111, 4844, 2.674468040424813, 2.933988481760025,0.5360733181238174, 200 , -10.611541804740591, 200, -9.108134308753174 ,  200, -6.428971246333525 
177, 87,25, 8, 13, 8, 11, 8,7998, 641, 4.728691250307662, 4.258012533187866,0.5286741316318512, 200 , -3.8498725400732043, 200, -4.0724663511773445 ,  200, -5.401184030090413 
80, 162,15, 12, 11, 27, 9, 18,8559, 4913, 1.1200823754771507, 2.5351425111293793,0.6279316455125808, 200 , -7.227745267804578, 200, -5.179777551528631 ,  200, -5.227231172745831 
61, 249,24, 17, 8, 18, 8, 16,2989, 1145, 5.406188278111912, 1.4586583003401756,0.7728038787841797, 200 , -6.2661440946505795, 200, -6.104870074412302 ,  200, -5.719693589694935 
245, 43,9, 17, 17, 13, 8, 19,3048, 6473, 4.403881341921775, 1.12119572609663,0.3280396446585655, 200 , -10.921915206980758, 200, -9.205420461460971 ,  200, -5.189929464140071 
186, 58,5, 3, 15, 41, 15, 19,7240, 7119, 4.773584700945321, 4.053966164588928,0.4455674722790718, 200 , -11.12413548096631, 200, -10.005345767820643 ,  200, -8.51153492536927 
221, 175,25, 14, 16, 13, 12, 13,7312, 399, 2.1481749353681145, 2.2449729442596436,0.5905695915222168, 200 , -5.775047893536142, 200, -6.0586380588450846 ,  200, -5.761305358844111 
44, 245,15, 17, 8, 36, 6, 3,3232, 678, 3.953852242357513, 3.3964932560920715,0.33430260270833967, 200 , -2.8301640864099977, 200, -2.435334768622833 ,  200, -4.647791143806985 
171, 31,16, 12, 12, 12, 12, 13,7691, 881, 3.5757602027933473, 5.966200590133667,0.6785596817731857, 200 , -5.8872682669616605, 200, -3.406861407342762 ,  200, -5.309870620902729 
31, 264,3, 10, 9, 12, 8, 18,2216, 7095, 3.4108506611045257, 1.8205173164606094,0.8288911938667297, 200 , -6.06759084840911, 200, -5.910852436541241 ,  200, -5.373340789380143 
159, 216,30, 10, 18, 4, 13, 1,9753, 215, 1.9678779506356712, 4.587048649787903,0.18848836086690426, 200 , -11.84453534825187, 200, -9.290861908123935 ,  200, -8.329972406555484 
224, 179,3, 3, 19, 49, 5, 9,5234, 4271, 5.06038761046544, 1.6617090106010437,0.6408953875303268, 200 , -4.287338324373166, 200, -2.044844293327605 ,  200, -2.4019100561556117 
257, 126,15, 14, 1, 15, 16, 2,8226, 5435, 5.032657334456829, 4.339685797691345,0.1822293870151043, 200 , -15.736096896630904, 200, -14.628951483321682 ,  200, -13.156582187906125 
22, 23,27, 12, 17, 33, 16, 9,9769, 3652, 5.75632774788879, 2.2940509617328644,0.4303311839699745, 200 , -11.066902907133192, 200, -9.484495911732335 ,  200, -6.097185277254178 
58, 87,42, 10, 17, 5, 18, 15,2669, 1074, 5.13727187088287, 4.544444441795349,0.5824131280183792, 200 , -6.334816603385945, 200, -2.3282734953164392 ,  200, -2.441578316835352 
232, 269,6, 15, 9, 38, 4, 13,5363, 9429, 4.760393427327685, 5.263712763786316,0.12868993021547795, 200 , -15.985659057656369, 200, -14.92283091006543 ,  200, -13.554089024694486 
239, 120,28, 13, 17, 11, 18, 17,2667, 2915, 3.7606737113993205, 2.004548668861389,0.6299042314291, 200 , -5.023686909030561, 200, -3.8283944476907346 ,  200, -4.086584913107294 
39, 294,26, 4, 13, 11, 11, 6,5189, 1219, 4.670385687075907, 4.899829387664795,0.7831928342580795, 200 , -4.566579049696421, 200, -4.3894990475509665 ,  200, -4.783600932848775 
191, 60,6, 15, 19, 32, 5, 5,4457, 6617, 5.760825705381677, 2.0435618460178375,0.572928524017334, 200 , -10.615567419325332, 200, -9.165548521642698 ,  200, -6.735155369851399 
101, 167,33, 13, 3, 12, 15, 12,2521, 3819, 2.4951558113126993, 4.159489929676056,0.2325472928583622, 200 , -9.84371694636417, 200, -8.53838558943795 ,  200, -7.144350056270636 
120, 115,9, 11, 10, 12, 17, 17,3449, 5504, 5.4546899292068645, 4.555009663105011,0.8318000942468643, 200 , -7.306124386068998, 200, -6.329421532129859 ,  200, -5.923390275097841 
87, 67,38, 15, 6, 40, 3, 12,4542, 7456, 2.375565395390076, 2.820816546678543,0.4957591354846954, 200 , -10.2629248412741, 200, -8.827084535026282 ,  200, -6.979871541548355 
293, 201,15, 6, 14, 6, 6, 7,6043, 1459, 4.942154670491007, 2.7550987005233765,0.7412995904684067, 200 , -3.1731047427438086, 200, -4.084604218023193 ,  200, -4.204455808512377 
120, 290,1, 8, 2, 36, 14, 5,8325, 3472, 2.6160804263480486, 3.2830358147621155,0.8405751645565033, 200 , -7.508255964171075, 200, -7.707329034285471 ,  200, -7.710478690968357 
77, 130,34, 10, 1, 37, 19, 1,1321, 5387, 3.8975013513838093, 2.20331771671772,0.7466532349586487, 200 , -6.5856385808430105, 200, -6.078777029146117 ,  200, -5.075102728983696 
29, 175,43, 13, 2, 24, 18, 1,9186, 8395, 5.1560652968756955, 3.185945361852646,0.1746718216687441, 200 , -16.254625107190904, 200, -15.16980231144203 ,  200, -13.744060080002251 
184, 99,27, 9, 15, 34, 14, 6,647, 1382, 1.5728623059974556, 3.7720698714256287,0.48183118402957914, 200 , -5.274850317703389, 200, -4.230557896941485 ,  200, -0.912475184520333 
222, 161,29, 11, 6, 25, 13, 6,5889, 4295, 1.5486770920299424, 1.8393149077892303,0.13427329193800688, 200 , -10.682370628472128, 200, -9.00925601431399 ,  200, -5.968061195090992 
221, 151,10, 6, 1, 15, 4, 14,6303, 9403, 4.880823700569877, 5.226810336112976,0.7821373403072357, 200 , -10.303071219990573, 200, -9.082730378226158 ,  200, -7.586087848833923 
227, 274,26, 16, 13, 33, 19, 7,7941, 3823, 1.8027991427089631, 3.0184700191020966,0.31164336800575254, 200 , -11.436343168386864, 200, -10.049322003019189 ,  200, -7.900913654126666 
296, 95,8, 16, 19, 48, 9, 17,3491, 2257, 3.26720843657764, 2.9548754394054413,0.6587335973978042, 200 , -7.864986931587049, 200, -6.458870498680099 ,  200, -6.455432422412174 
152, 26,49, 9, 2, 27, 6, 11,6895, 2007, 1.3152636417216215, 4.4197235107421875,0.4081930354237556, 200 , -9.269371549756997, 200, -7.2419356930582675 ,  200, -3.0534339504457186 
206, 97,3, 4, 13, 20, 17, 7,1144, 874, 2.719522683148057, 2.270308941602707,0.6404894351959228, 184 , -0.5338582163945226, 196, -0.5882177560543959 ,  200, -1.713986447875463 
33, 164,13, 4, 1, 20, 18, 11,2346, 7285, 3.38308823396693, 3.627682387828827,0.7528161466121673, 200 , -6.425021684528945, 200, -5.9327187255188605 ,  200, -5.622142380069169 
183, 90,8, 16, 16, 7, 16, 8,8655, 2264, 4.651937631129272, 4.093173503875732,0.12316561341285706, 200 , -13.81995476691756, 200, -12.50416235443366 ,  200, -10.454292889060248 
73, 220,40, 9, 11, 13, 15, 15,9812, 557, 3.07123801112175, 2.6855064034461975,0.24412301406264306, 200 , -8.095295769831697, 200, -5.931835764794288 ,  200, -7.782231732732384 
236, 189,11, 16, 6, 47, 4, 3,363, 70, 4.547080159187317, 2.941085010766983,0.10763974082656205, 200 , -7.406393371356005, 200, -8.108558704370552 ,  200, -8.66505993516368 
46, 67,2, 8, 12, 22, 15, 19,8548, 3726, 3.336185872554779, 1.7585079967975616,0.8038040906190872, 200 , -7.241916333360714, 200, -7.724283983443778 ,  200, -7.716236284695211 
266, 280,3, 14, 9, 16, 14, 5,5621, 4939, 4.881324231624603, 5.821503162384033,0.8272241115570068, 200 , -8.772975349726472, 200, -7.437829703921038 ,  200, -6.4884902903428205 
92, 109,39, 6, 17, 24, 16, 4,7547, 1575, 3.9451286792755127, 5.827813506126404,0.4969900459051132, 200 , -10.035262345225897, 200, -8.614178572070387 ,  200, -6.1510382963121035 
87, 220,12, 10, 6, 7, 6, 10,8931, 737, 2.0998916625976562, 3.0427152514457703,0.36063400506973264, 200 , -2.461617651664385, 200, -5.767523412926648 ,  200, -6.045584636239665 
225, 34,33, 16, 13, 8, 16, 16,1387, 8898, 1.648440644145012, 2.018684059381485,0.12635099925100804, 200 , -11.421616085155415, 200, -11.039715495362717 ,  200, -10.547806881033445 
281, 150,19, 8, 15, 22, 11, 13,1987, 7404, 3.6402637362480164, 1.9915202856063843,0.2126283146440983, 200 , -9.506040275330967, 200, -8.336228058347794 ,  200, -6.968845651771452 
251, 74,48, 4, 12, 26, 8, 7,7174, 8889, 1.061913258396089, 3.9214566946029663,0.10671926606446505, 200 , -11.48486287488306, 200, -10.050228177018747 ,  200, -8.014565444385491 
126, 269,24, 19, 19, 23, 17, 2,2713, 4149, 3.5701940059661865, 4.858163058757782,0.11803548214957119, 200 , -13.843577610889543, 200, -12.672341372189523 ,  200, -11.217244707387778 
245, 126,10, 14, 18, 27, 18, 13,9146, 9962, 4.090774714946747, 2.188156083226204,0.7914752721786499, 200 , -10.29226985726018, 200, -8.858308007960275 ,  200, -7.42048984993521 
29, 152,21, 5, 6, 41, 9, 5,7490, 6987, 2.1609267443418503, 5.033991992473602,0.457992023229599, 200 , -9.717309846617454, 200, -8.471249873934578 ,  200, -6.69660282980608 
272, 175,17, 15, 4, 43, 9, 7,2514, 1518, 1.8304569870233536, 4.575442135334015,0.10668776547536254, 200 , -10.242778761775348, 200, -8.898348341450749 ,  200, -7.580098901076247 
224, 139,29, 8, 6, 46, 9, 6,8381, 4620, 4.052064478397369, 2.7453619837760925,0.7604316979646683, 200 , -7.371825633808643, 200, -5.592814976521825 ,  200, -4.869638470548509 
208, 199,10, 15, 12, 9, 3, 16,2490, 4575, 3.8292489051818848, 1.016729193739593,0.7135830283164978, 200 , -5.078592650078611, 200, -5.404445931516033 ,  200, -5.145273350499277 
56, 56,21, 6, 2, 43, 5, 15,4678, 560, 2.0072943568229675, 4.879087567329407,0.4439330458641052, 200 , -1.31850366868559, 141, -0.26039570459097805 ,  200, -1.5027517010054272 
237, 234,43, 18, 9, 29, 17, 2,3607, 8956, 4.5256993770599365, 4.985870182514191,0.7218755692243576, 200 , -10.447923979243813, 200, -9.224861387918084 ,  200, -7.996555175116788 
135, 157,33, 17, 16, 10, 14, 4,7482, 4226, 3.1034449338912964, 3.4717819690704346,0.7554183810949325, 200 , -8.956470080858713, 200, -7.227554826747056 ,  200, -6.329712729588639 
120, 231,46, 12, 17, 16, 11, 12,6828, 1542, 1.5405251309275627, 4.196681439876556,0.23793160393834115, 200 , -9.810680396052256, 200, -8.26655547663338 ,  200, -5.680134136663331 
19, 277,25, 5, 13, 29, 10, 10,7867, 8197, 2.136300265789032, 5.015234410762787,0.4976107984781265, 200 , -9.830334904765989, 200, -8.602055859843198 ,  200, -6.8846999078314015 
135, 150,48, 8, 15, 29, 3, 7,1814, 1832, 3.021011710166931, 2.4406657218933105,0.5425555467605591, 200 , -2.734658609549558, 200, -1.6681297650573814 ,  190, -0.9744086018449643 
254, 110,46, 6, 11, 7, 4, 16,5692, 7644, 4.340885043144226, 5.433745443820953,0.11195129752159119, 200 , -12.540541383155862, 200, -11.464047858656178 ,  200, -10.066182856587185 
280, 104,16, 15, 12, 12, 14, 4,4317, 1428, 5.905150234699249, 3.798852324485779,0.8489774525165558, 200 , -5.726103065736293, 200, -5.869805263595638 ,  200, -5.6068203948591675 
285, 117,46, 16, 4, 18, 9, 7,9705, 972, 5.14540708065033, 2.3882334530353546,0.14902251064777375, 200 , -9.85989279326226, 200, -7.978710296779782 ,  200, -9.73075020638114 
69, 183,2, 19, 9, 10, 15, 13,5455, 8219, 5.804682731628418, 4.721767365932465,0.30948868244886396, 200 , -14.973040327039307, 200, -13.895791344448416 ,  200, -12.493342170644105 
285, 277,40, 18, 14, 43, 10, 18,7840, 139, 5.306896924972534, 5.417795240879059,0.33986481130123136, 200 , -10.609710479846939, 200, -9.090528597440136 ,  200, -6.19182411876351 
196, 103,34, 12, 6, 28, 9, 16,8569, 750, 4.054377436637878, 5.579428434371948,0.1963791348040104, 200 , -11.343224130998042, 200, -9.901285812619706 ,  200, -7.359222287107738 
59, 199,11, 12, 1, 15, 12, 8,2984, 1638, 2.2330420315265656, 3.344094216823578,0.2619758978486061, 200 , -7.808821729135676, 200, -3.2711516985510127 ,  54, 0.5522241837565167 
205, 49,2, 8, 6, 25, 19, 17,9343, 8813, 3.2829225659370422, 2.8803657591342926,0.33869261890649793, 200 , -15.553646351056615, 200, -14.418365374698546 ,  200, -12.89053652902057 
145, 171,2, 6, 3, 16, 4, 12,4847, 6763, 5.742648601531982, 2.841735541820526,0.5602286219596863, 200 , -10.61055546692469, 200, -9.336887755456145 ,  200, -7.47487386228531 
183, 25,34, 8, 11, 34, 5, 16,5532, 7148, 1.9229573607444763, 2.5851739048957825,0.16109393760561944, 200 , -12.453191284592407, 200, -11.134052863902621 ,  200, -9.26376166982751 
132, 293,48, 3, 4, 32, 5, 12,3940, 4907, 5.005007445812225, 5.589873850345612,0.22559333071112633, 200 , -8.989952157959362, 200, -7.879104809753767 ,  200, -6.425026723668717 
151, 109,28, 8, 14, 47, 4, 4,8383, 7682, 4.4926944971084595, 2.2498904019594193,0.5747065156698227, 200 , -9.478501426472492, 200, -8.193582693274417 ,  200, -6.287067438541103 
234, 106,48, 19, 14, 26, 19, 3,6038, 5002, 1.9933476895093918, 3.982144355773926,0.7969731748104095, 200 , -7.6773853574500786, 200, -7.164125374598845 ,  200, -7.203313037303264 
242, 144,4, 4, 5, 17, 3, 9,3299, 8612, 2.547727882862091, 3.627550959587097,0.3541644051671028, 200 , -8.579431424128922, 200, -7.309445048894166 ,  200, -5.881591892880734 
11, 111,39, 14, 13, 39, 19, 5,8756, 8706, 5.743002951145172, 4.503264784812927,0.7713655889034271, 200 , -11.012832648003618, 200, -9.820787514516367 ,  200, -8.223229173567542 
29, 273,36, 13, 3, 18, 16, 8,3385, 9029, 5.651011228561401, 1.2047628723084927,0.8386700809001922, 200 , -6.284869081252565, 200, -6.4023566907688005 ,  200, -6.316057551665941 
70, 42,21, 9, 18, 43, 15, 9,1381, 2494, 5.681005775928497, 3.7381038665771484,0.44626797586679456, 200 , -7.004230147406597, 200, -5.523503876003917 ,  200, -2.771404677601126 
285, 90,45, 13, 19, 26, 19, 5,5518, 7084, 5.41543310880661, 2.0309791564941406,0.3472897469997406, 200 , -12.284817623925294, 200, -11.061260633419527 ,  200, -9.313570008260209 
22, 111,15, 8, 19, 17, 18, 7,1272, 6664, 1.7066836208105087, 2.462112069129944,0.6035329759120941, 200 , -7.709404690787134, 200, -7.415077373958048 ,  200, -6.81709929441964 
160, 191,18, 4, 15, 25, 5, 17,2548, 4369, 2.7881055176258087, 5.863855540752411,0.3769932448863983, 200 , -6.334022106839509, 200, -5.144177047811981 ,  200, -4.0266732561610254 
196, 13,31, 10, 16, 34, 6, 17,4571, 8514, 4.29777866601944, 1.3095204569399357,0.8280556410551071, 200 , -7.856222586433286, 200, -7.90734404371727 ,  200, -7.909619684950588 
19, 132,47, 18, 4, 11, 16, 1,7883, 9379, 3.9308199882507324, 3.444038838148117,0.1827857218682766, 200 , -16.30563894543838, 200, -15.213339495689224 ,  200, -13.777188089212467 
198, 167,31, 17, 11, 42, 16, 18,472, 9589, 1.1396452076733112, 2.4554789662361145,0.5192807674407959, 200 , -10.202938465255539, 200, -9.834917032858026 ,  200, -9.297158913625234 
272, 17,42, 6, 13, 22, 11, 6,2239, 3773, 5.770897328853607, 4.712752461433411,0.223121228069067, 200 , -9.996961428864946, 200, -8.861729560818079 ,  200, -7.380797440474492 
31, 164,10, 18, 1, 17, 6, 9,6378, 6965, 3.2321389615535736, 1.1923255622386932,0.4840567022562027, 200 , -11.506031528872102, 200, -9.534626438680888 ,  200, -6.066349561120751 
115, 120,24, 9, 14, 16, 15, 13,7302, 9832, 2.843772530555725, 3.8363198041915894,0.11486465288326145, 200 , -14.681243010680031, 200, -13.565924864830524 ,  200, -12.087264366525554 
165, 51,48, 3, 8, 16, 10, 15,8702, 4081, 4.5192254185676575, 5.18195903301239,0.17500558346509934, 200 , -11.619607751145024, 200, -10.508603349560902 ,  200, -9.027021208459837 
114, 221,24, 10, 19, 23, 9, 2,1749, 321, 1.4833824560046196, 2.6233301162719727,0.2826299466192722, 33 , 0.4314885693571199, 200, -1.3453441469076264 ,  200, -5.11917410866686 
28, 135,4, 17, 17, 21, 15, 16,2540, 9133, 5.241242706775665, 5.091079235076904,0.7880253255367279, 200 , -9.09341192351118, 200, -8.19216321565267 ,  200, -7.628574446940506 
98, 258,40, 8, 4, 15, 12, 14,3132, 2704, 2.7286543548107147, 4.08895617723465,0.7283223927021026, 200 , -3.943014477867712, 200, -3.534845213626665 ,  200, -3.2956816335126295 
237, 92,35, 8, 17, 1, 19, 12,7559, 2561, 3.454456239938736, 5.77326363325119,0.20371226072311402, 200 , -14.299450733016995, 200, -13.106873929703896 ,  200, -11.445349720418488 
276, 16,49, 18, 8, 23, 6, 10,5802, 7572, 5.956028759479523, 2.4806032180786133,0.7828643977642059, 200 , -10.739906919012057, 200, -9.260393275345649 ,  200, -8.007399645098067 
83, 92,29, 8, 6, 19, 14, 12,6427, 7904, 2.791039854288101, 2.067464128136635,0.6514960587024688, 200 , -8.593179834576832, 200, -6.917893098815963 ,  200, -4.6515863734155625 
149, 63,45, 11, 18, 20, 4, 19,644, 1090, 1.6150955706834793, 4.836885094642639,0.8485786527395248, 200 , -4.684161569155014, 200, -3.851107870044154 ,  200, -1.8425229988222696 
186, 274,22, 15, 19, 11, 9, 13,1748, 5191, 4.6625975370407104, 2.966605484485626,0.11902163121849299, 200 , -11.416535816358856, 200, -10.330991541776672 ,  200, -9.022447984229808 
115, 105,38, 4, 14, 32, 15, 14,8555, 6287, 5.582815170288086, 1.123435715213418,0.3658329978585243, 200 , -10.30253714011172, 200, -8.674494442327155 ,  200, -5.223116699661289 
149, 272,6, 11, 2, 21, 4, 15,2656, 6132, 3.275713235139847, 3.5801080465316772,0.6367379188537597, 200 , -8.825141382171552, 200, -7.642930760103141 ,  200, -6.903512472099327 
111, 206,46, 17, 14, 38, 19, 18,5514, 7356, 2.769542545080185, 5.830998480319977,0.6407055765390396, 200 , -10.805734339714657, 200, -9.506695635574621 ,  200, -7.879606228876127 
298, 120,11, 3, 15, 1, 8, 10,8682, 7052, 3.1053625643253326, 3.892920970916748,0.2280459649860859, 200 , -13.107564700496143, 200, -11.979524563651541 ,  200, -10.465911867299106 
247, 181,1, 3, 9, 38, 6, 8,6003, 8607, 1.5719653517007828, 2.344365179538727,0.7147698611021042, 200 , -5.200933660899412, 200, -4.197781391282909 ,  200, -4.290651678688479 
94, 199,5, 14, 17, 13, 4, 2,9623, 1680, 1.8395230770111084, 2.8510229885578156,0.2220611296594143, 200 , -9.341174383946134, 200, -6.890084507761835 ,  200, -5.139438504352084 
183, 94,39, 15, 10, 15, 8, 10,4158, 2220, 2.4856889843940735, 1.39008729159832,0.6188399404287338, 200 , -4.5792297944709865, 200, -5.264966893909975 ,  200, -4.958945105852726 
42, 131,20, 9, 2, 16, 14, 14,269, 1771, 2.7981016635894775, 3.0406481623649597,0.8429392635822296, 200 , -2.42937884025687, 200, -0.714008484845292 ,  76, 0.14342470875821625 
164, 41,38, 15, 17, 48, 10, 9,7193, 1910, 3.4048273265361786, 5.356869459152222,0.12552313823252917, 200 , -13.173551981825117, 200, -11.939509432269295 ,  200, -10.17724175823065 
265, 118,29, 13, 4, 30, 8, 19,4075, 4742, 3.1708552539348602, 5.987471401691437,0.31643073111772535, 200 , -12.318724203971238, 200, -11.123651019345676 ,  200, -9.544280369503602 
68, 287,15, 17, 16, 29, 12, 16,2626, 3410, 5.558380544185638, 2.2920311093330383,0.7405380666255951, 200 , -5.15809848458597, 200, -4.581003934760616 ,  200, -4.737784285086529 
293, 121,42, 16, 13, 30, 9, 6,1352, 4085, 1.8983024209737778, 2.880436986684799,0.6927374809980392, 200 , -6.661503175638843, 200, -6.3517961855634955 ,  200, -5.692599430815753 
272, 247,42, 6, 3, 30, 9, 7,8688, 8469, 1.573863759636879, 3.2726331651210785,0.4233712539076805, 200 , -9.935546517938812, 200, -8.626469698880951 ,  200, -6.707378082712742 
241, 118,35, 6, 10, 42, 18, 17,3067, 7853, 3.076377123594284, 1.8869147300720215,0.8353625148534775, 200 , -6.279789536641268, 200, -6.241317421600803 ,  200, -5.9761157713958415 
85, 165,34, 12, 3, 2, 17, 17,3944, 8979, 3.107400894165039, 5.879339039325714,0.6515725910663605, 200 , -10.793437320909419, 200, -9.489055534135023 ,  200, -8.164143836185675 
219, 235,15, 15, 10, 34, 16, 17,7222, 9056, 3.1176807582378387, 5.712182879447937,0.2925767064094543, 200 , -14.265114395401163, 200, -13.166234354051683 ,  200, -11.722106325922246 
152, 292,17, 4, 5, 15, 14, 8,1160, 695, 1.3995175287127495, 5.504502713680267,0.21153130233287812, 200 , -5.272019760072805, 200, -3.8754530592679917 ,  23, 0.9077922998880347 
133, 267,34, 16, 12, 26, 10, 14,8917, 4451, 3.613551616668701, 1.0131378415971994,0.4234981223940849, 200 , -9.001202114241503, 200, -6.085421857868292 ,  200, -6.9076220799112305 
144, 238,24, 16, 2, 30, 14, 15,8794, 8464, 3.378072738647461, 2.682906001806259,0.15618133768439293, 200 , -15.3979729480549, 200, -14.270443830106883 ,  200, -12.760347921648517 
290, 111,34, 9, 6, 15, 9, 3,7896, 5851, 5.156054854393005, 5.900384545326233,0.6804665088653564, 200 , -10.273930344828687, 200, -9.085463924409346 ,  200, -7.431633786816626 
249, 154,44, 18, 17, 44, 9, 4,4060, 6371, 1.4036055505275726, 4.702400028705597,0.380271016061306, 200 , -9.735400703224904, 200, -8.325954987718267 ,  200, -7.720350435459936 
79, 123,20, 18, 5, 2, 14, 16,1663, 8617, 1.6932064145803452, 5.877620339393616,0.36305966079235075, 200 , -10.64544010237207, 200, -10.376609700625329 ,  200, -10.139532090788778 
14, 266,20, 19, 1, 32, 15, 19,4381, 7409, 1.2145232260227203, 1.658031776547432,0.11242421288043261, 200 , -12.390684970184415, 200, -10.717385095883468 ,  200, -9.358019157989032 
239, 42,38, 4, 8, 11, 3, 15,2488, 7136, 2.734241247177124, 2.620977371931076,0.6348435640335083, 200 , -4.303318671565276, 200, -3.494406961420454 ,  200, -3.1219575284323526 
173, 182,28, 5, 17, 13, 15, 13,6247, 8112, 2.2753187119960785, 3.735159397125244,0.7966251134872436, 200 , -7.716082549571606, 200, -6.632214026927763 ,  200, -6.441383166964017 
277, 119,22, 9, 13, 33, 8, 16,5249, 6323, 3.933134138584137, 4.389767110347748,0.5003020823001861, 200 , -10.645712925917433, 200, -9.4550855185914 ,  200, -7.836541924982147 
159, 15,28, 16, 6, 8, 5, 4,9870, 9139, 4.555772006511688, 5.45845365524292,0.698325103521347, 200 , -13.737916925892955, 200, -12.601901414922716 ,  200, -11.082429568192396 
126, 49,15, 13, 19, 36, 12, 1,5722, 7323, 2.165766417980194, 1.8095607906579971,0.7747786104679107, 200 , -6.444866500790598, 200, -6.236974472819376 ,  200, -6.318920408095086 
142, 262,11, 12, 4, 43, 17, 8,8893, 2717, 5.790219366550446, 5.26665186882019,0.1088301778305322, 200 , -14.733924788253901, 200, -13.592765684157678 ,  200, -12.038751943937344 
231, 122,38, 16, 3, 46, 15, 4,4516, 4681, 2.1959993094205856, 2.655932664871216,0.43453380316495893, 200 , -9.778474981820656, 200, -8.164104653362521 ,  200, -5.783315474650062 
229, 298,38, 14, 16, 12, 9, 2,760, 9217, 1.1259232964366674, 3.0892949402332306,0.5363262951374054, 200 , -10.1608028617508, 200, -9.854432469329085 ,  200, -9.389075140884653 
258, 171,15, 12, 2, 19, 3, 7,7231, 1745, 3.6411646604537964, 3.940347194671631,0.5519664347171783, 200 , -8.72646003878578, 200, -6.328469614165564 ,  200, -3.8629227371658326 
41, 83,43, 9, 19, 26, 5, 11,9434, 5856, 4.674336075782776, 2.246371790766716,0.6131403803825378, 200 , -8.99236480590387, 200, -7.570598452494838 ,  200, -5.257905102462165 
79, 14,28, 18, 1, 46, 4, 7,2575, 7871, 2.250867545604706, 3.4749280512332916,0.4050471842288971, 200 , -13.444746369413558, 200, -12.287916926987718 ,  200, -11.51956744828511 
154, 233,27, 6, 12, 19, 19, 14,727, 9793, 4.149743974208832, 1.7900430262088776,0.44386873990297315, 200 , -8.773392919783575, 200, -8.119946478380033 ,  200, -7.312925503688466 
175, 252,42, 8, 9, 28, 5, 16,7738, 7515, 4.196616470813751, 1.6447500735521317,0.7512393653392792, 200 , -6.9913873353374285, 200, -5.2871490085063355 ,  200, -4.674800060604035 
81, 210,17, 15, 16, 48, 5, 13,6737, 300, 2.8553225696086884, 5.609748721122742,0.2795329786837101, 200 , -8.406159920877354, 200, -6.382139080170508 ,  200, -1.7068142005586089 
288, 145,41, 14, 17, 37, 3, 12,659, 3180, 4.245064318180084, 5.758040904998779,0.7956537514925003, 200 , -6.616364736368025, 200, -6.251755656497653 ,  200, -5.7239826719055005 
32, 60,8, 11, 3, 32, 4, 16,6473, 8492, 3.9436105489730835, 3.479177713394165,0.3905274927616119, 200 , -13.913643378906446, 200, -12.767075635894159 ,  200, -11.21718825724334 
99, 49,33, 19, 17, 18, 3, 8,1531, 9280, 2.3843166828155518, 2.8229858577251434,0.3700518667697906, 200 , -9.613683940095976, 200, -9.00894011890671 ,  200, -8.523361185597023 
83, 115,27, 4, 17, 24, 6, 1,687, 8106, 1.3432011976838112, 4.554123640060425,0.8221281379461288, 200 , -7.6901212093616165, 200, -7.3500600960717355 ,  200, -6.866583542642127 
163, 79,30, 14, 4, 43, 4, 7,4236, 9714, 1.2842098847031593, 4.290810286998749,0.43223883807659147, 200 , -10.468588691112675, 200, -9.14450579335255 ,  200, -8.898652543801704 
132, 96,11, 4, 3, 4, 6, 6,9790, 8011, 2.0130774974823, 2.3615067303180695,0.1803371947258711, 200 , -11.94566998650832, 200, -10.725056612377665 ,  200, -9.003994581885102 
