25,214,21,16,5,28,14,6,9961,677,4.78733217716217,1.81909980816007,0.26397463530302,200,-9.7751027350956,200,-9.77834692475062,200,-9.76817724254762
48,200,23,18,15,42,4,15,4107,6225,5.2895695567131,3.36204760544733,0.407045966386795,200,-9.64181945922525,200,-9.34663174850685,200,-9.03057070951234
236,103,21,19,8,35,5,19,7062,2877,1.30217250809073,1.87330014954558,0.207525456696749,200,-8.7573802182163,200,-8.09449806221148,200,-7.26488075099369
151,203,29,9,5,34,5,14,2396,6548,1.48363775014877,3.25545559434029,0.764345353841782,200,-6.48782374774019,200,-6.42719879320452,200,-6.35482365354385
212,113,6,16,9,49,11,1,7591,4075,2.67623281478882,1.86892411614584,0.702795854210854,200,-6.34716294868663,200,-6.57257824908313,200,-6.73815636539878
217,120,46,8,18,34,13,18,8937,1901,2.35259732604027,5.49428496156836,0.517197450995445,200,-7.34474827726967,200,-6.96411792200073,200,-6.5405327493139
53,102,42,19,5,18,5,5,5135,1742,2.41741007566452,4.74615959177287,0.682605972886085,200,-3.04062607866641,200,-3.25433670392351,200,-3.44150036852469
173,230,26,8,9,28,12,10,6979,5495,4.16696047782898,3.05860147122977,0.646328738331795,200,-7.07093748919781,200,-6.68485451370532,200,-6.25700350634958
247,214,31,6,3,29,18,17,2463,7714,2.34141579270363,5.50240025373742,0.573609089851379,200,-7.41715935759904,200,-7.3457076827747,200,-7.28929306027695
87,134,22,13,14,42,18,15,9644,6085,2.99974671006203,5.83793156143607,0.225259898602962,200,-12.7556899825307,200,-12.488056708552,200,-12.2036118619388
65,187,24,6,19,42,16,5,2000,7680,2.25955387949944,3.27997570947248,0.158150632306933,200,-9.79955080091646,200,-9.64621360313527,200,-9.50684882841588
134,261,48,6,14,2,11,18,7456,5095,1.38654763251543,2.58178283931078,0.500082543492317,200,-7.71223357117626,200,-7.23869573120967,200,-6.74873860447338
243,115,31,13,14,1,17,13,6896,2596,1.43250378221273,2.70305173405189,0.291417187452316,200,-8.29091936659528,200,-7.60939772450219,200,-6.70812470983992
14,175,32,14,18,25,11,13,4955,960,3.20600768923759,2.09166597280654,0.230182523280382,200,-4.80211364670836,200,-5.32033808545878,200,-5.64674309672198
258,81,48,16,18,40,19,13,6432,3051,2.3686004281044,4.39272635981683,0.239296725392342,200,-10.7000575525071,200,-10.3706584046377,200,-10.0133725215377
102,92,10,6,14,30,19,1,8853,5223,1.71379110217094,4.38857890516607,0.188397411629558,200,-12.432356781308,200,-12.1134380064869,200,-11.7682103609394
149,173,46,19,18,37,4,2,9548,800,4.73899519443512,2.75114753593275,0.327664604783058,200,-5.49159808275914,200,-4.98843258697734,200,-5.7273378429791
68,20,35,12,8,30,13,12,9540,3935,5.49547559022903,4.56843794539136,0.767966336011887,200,-8.26989360656751,200,-7.87250319366001,200,-7.45699293631309
234,122,31,13,18,2,12,19,6838,7666,1.29511794447899,5.20576080831849,0.211931309103966,200,-10.9866895630772,200,-10.6278178917249,200,-10.2396570111517
30,221,41,15,5,1,9,11,7662,28,1.1331696100533,3.06626084108137,0.711497208476067,200,-5.72932053805835,200,-5.44752199018651,200,-5.09285188553643
96,36,36,14,8,27,11,5,4680,40,5.26386415958405,3.18995200293869,0.747269695997238,200,-6.95792539739217,200,-6.85962015767302,200,-6.7504666594296
67,247,38,11,6,44,18,5,7879,1030,1.30766248703003,5.55711668558366,0.131476058065891,200,-8.76925243924222,200,-8.28824404023636,200,-7.73134744698646
151,53,2,6,18,46,19,6,9741,7683,4.36120158433914,4.60593915079169,0.831993749737739,200,-8.55501075219379,200,-8.25792177101992,200,-7.96206853381089
288,59,19,11,10,43,13,1,2114,3051,2.66503876447678,1.86628807290254,0.282968977838755,200,-3.07278388078056,200,-1.77600334715859,200,-0.575494580833955
118,140,46,14,8,13,13,11,3138,2382,3.40137726068497,2.98556884497102,0.103603466786444,200,-8.9732060733807,200,-8.55348164110379,200,-8.0786569600745
164,159,48,13,5,40,14,13,5549,2016,3.74371981620789,3.62343456190575,0.496131604909897,200,-6.74690448038522,200,-6.21842316920639,200,-5.58339029255092
221,227,37,11,13,11,19,15,8253,2208,2.69961303472519,4.14352184781121,0.736625126004219,200,-5.62825724723029,200,-5.49964395150979,200,-5.51077363673997
256,148,28,15,1,23,18,14,4035,3032,2.58832192420959,3.57386073366985,0.417025996744633,200,-8.8334602140666,200,-8.40363159833372,200,-7.93093515559895
30,30,40,19,17,5,8,1,6011,8080,5.48494881391525,4.82446590712582,0.680261766910553,200,-10.688976028902,200,-10.3863894651747,200,-10.0612446046909
94,203,18,17,13,23,10,2,5439,5211,1.39654642343521,5.26739425090685,0.748616790771484,200,-6.79096104166287,200,-6.8259564972524,200,-6.84777087960759
43,155,26,11,18,26,8,16,7690,5480,4.95579218864441,4.46273901668394,0.379780104756355,200,-10.1808673143098,200,-9.90378339617603,200,-9.60798219760684
166,222,31,12,3,10,3,7,5733,2462,5.49270129203796,4.72284413722762,0.490664324164391,200,-7.43390076285353,200,-7.03833609313634,200,-6.58726489672288
145,13,19,18,17,23,17,13,8801,4082,2.03371992707252,4.54137679819361,0.620442739129066,200,-9.81918176755032,200,-9.39784166251921,200,-8.93009685043859
109,203,29,12,3,23,9,4,9165,1006,3.57465183734894,3.20248192398899,0.416747315227985,200,-5.40411918958222,200,-5.84948669712974,200,-6.14505072604328
65,246,46,9,7,39,8,9,4916,7629,1.95455698668957,4.19089348995081,0.703339716792107,200,-5.61119753140045,200,-5.52638310746268,200,-5.49024857439699
188,92,7,5,2,13,9,8,2133,7600,2.75820603966713,4.86190907467832,0.528285703063011,200,-7.2695180908402,200,-7.14723282879747,200,-7.04090251187367
51,121,22,12,13,32,17,4,5405,5612,3.777498960495,5.45468363663169,0.846221527457237,200,-6.69993306824124,200,-6.61276692160885,200,-6.5504227383842
228,171,16,9,15,41,18,3,8737,511,4.7162172794342,2.11310511001202,0.641858837008476,200,-7.86311534621296,200,-7.8392769623509,200,-7.80402720214277
66,48,14,15,12,21,19,2,9499,6483,1.66037587821484,3.95060829443702,0.392777150869369,200,-11.3895339349814,200,-11.0518355619677,200,-10.6824485660566
229,40,42,19,9,41,14,19,9614,4176,3.17035725712776,5.46620640089182,0.790226480364799,200,-9.4217033897019,200,-9.09950317296929,200,-8.78883646043949
117,158,6,19,6,38,13,6,6219,3643,4.21967929601669,4.58054559106615,0.248083262145519,200,-12.1093641808151,200,-11.8067135249956,200,-11.4804355459894
284,81,41,11,19,7,9,6,8792,6642,1.8521656692028,5.7564734407182,0.478833323717117,200,-9.63800826137464,200,-9.31646918007645,200,-8.96813437889159
283,190,10,10,10,32,12,12,9706,3374,2.31234392523766,3.27689545076478,0.332664622366428,200,-9.71353540191454,200,-9.36097460058526,200,-8.97268526277487
130,92,21,5,9,3,4,4,7313,1720,1.47031629830599,4.86016919005946,0.180869987607002,200,-6.05254206022772,200,-5.53791386288346,200,-4.92163398960341
74,36,34,9,8,20,9,11,4236,6481,3.72022515535355,2.91077919791852,0.322750261425972,200,-9.31809498061707,200,-8.99757066380829,200,-8.65131496848506
299,190,11,5,17,36,14,10,7599,6955,4.2552295923233,3.98183465786828,0.619302800297737,200,-8.42563919681465,200,-8.11918782807149,200,-7.78908647400592
84,55,12,19,10,5,14,4,1969,4999,4.9487299323082,2.90863667573042,0.575039288401604,200,-7.19404811512038,200,-6.80546489900998,200,-6.40107384752604
253,259,3,14,9,42,14,7,7959,2017,5.7276782989502,3.57158012143004,0.379707305133343,200,-9.9493923563906,200,-9.52507326388399,200,-9.03519718863202
125,227,2,12,5,31,11,2,3122,7038,5.56268668174744,3.48268427540009,0.338911643624306,200,-10.9416885828438,200,-10.6573417684393,200,-10.3548073860704
218,178,5,15,5,37,18,1,9541,742,1.46914841979742,1.98106950655201,0.405024228990078,200,-8.58366137273433,200,-8.5071315708853,200,-8.40671975591532
111,120,24,14,2,5,3,18,8424,1571,1.56580081582069,4.69517134115953,0.40054784566164,200,-6.03871641321171,200,-4.74852283913516,200,-2.77209196684382
248,11,27,9,2,15,5,7,5891,5596,3.68830180168152,3.74959308278476,0.372717535495758,200,-12.3273273370589,200,-12.017744095179,200,-11.6834665110741
241,38,26,17,12,3,12,18,9720,3893,1.78458018600941,2.99212136802232,0.441824069619179,200,-8.94651589606076,200,-8.49548452115084,200,-7.97236263437431
70,107,9,8,10,36,4,19,7934,4623,1.11739071458578,2.5273368338158,0.268762981891632,200,-7.85540618065018,200,-7.3815928690123,200,-6.84529848129113
58,27,49,10,15,33,18,3,6199,5233,5.13728207349777,5.01368575778717,0.65927249789238,200,-9.09224875344533,200,-8.75586328329604,200,-8.38773043507741
155,84,41,12,17,39,8,13,5646,3626,5.61864650249481,2.20612973426836,0.4750841319561,200,-7.33521205991332,200,-6.86318457832199,200,-6.30969123290354
144,42,31,16,10,21,18,7,84,4427,4.44646006822586,1.80118332114118,0.571541598439217,200,-5.61633735748896,200,-5.13753084515552,200,-4.53816743394432
121,145,2,19,7,38,15,11,4094,1143,1.97052082419395,3.8474174058072,0.80723494887352,200,-7.05291986187545,200,-6.87522210125882,200,-6.64665872783008
228,17,20,10,7,33,16,3,1082,1088,3.12959766387939,1.9863765255569,0.558965212106705,200,-3.12026733290016,200,-3.45676977508241,200,-3.82377589340283
268,122,20,3,17,34,5,2,677,8545,5.90467101335526,2.6594056378783,0.27298324778676,200,-6.40250398329994,200,-6.23156354307536,200,-6.05264872606824
56,112,46,10,8,28,8,1,3706,7973,2.6734690964222,1.39992109343129,0.489131978154182,200,-6.22156108892768,200,-5.73311550871799,200,-5.24675027050846
178,64,32,15,16,44,10,16,3161,1952,2.40923723578453,1.5359508676632,0.729073590040207,200,-5.75485890114855,200,-5.65399407010043,200,-5.52676910063757
254,245,2,8,3,8,11,7,2186,6681,2.75565674901009,2.5548909964133,0.628187841176987,200,-6.78397793533581,200,-6.6967268376693,200,-6.60716179508936
274,90,48,15,9,32,15,1,6505,8253,1.81428147852421,1.35257470259611,0.623202374577522,200,-5.98187664907254,200,-5.76777400915017,200,-5.74731255691061
270,116,22,10,10,40,5,12,8215,6870,3.91923433542252,5.17666993807863,0.366457863152027,200,-11.6357153270049,200,-11.367631512064,200,-11.0826659101627
268,126,40,8,9,48,12,2,7779,4474,1.25089977309108,1.74864921697848,0.76272722184658,200,-5.28168693401374,200,-5.26351024053134,200,-5.2153149405182
230,161,29,15,15,47,18,10,3457,4930,3.38641738891602,3.3970876468096,0.647244265675545,200,-6.77505767029645,200,-6.50583647438104,200,-6.27574251324703
219,56,1,18,18,38,10,3,4264,392,3.26032003760338,4.58971416388639,0.48863930106163,200,-7.13550175795174,200,-7.18734397864045,200,-7.18517713537042
196,63,36,12,6,13,19,16,2834,230,1.6513798981905,1.75257704722822,0.443642897903919,200,-4.22353680203324,200,-4.25347453472377,200,-4.38555361288878
118,239,36,15,10,21,15,11,3236,1044,1.53460743278265,2.06680564260774,0.799546620249748,200,-4.10369099458391,200,-3.79104176460577,200,-3.4115870712342
278,45,36,15,7,48,3,1,3048,7176,3.95025885105133,4.09022891491602,0.819661802053452,200,-7.01564292703195,200,-6.97457587473655,200,-6.93394963391958
194,173,13,14,5,18,18,4,5761,7840,1.08819334208965,2.2956566653841,0.845687410235405,200,-8.09466167899355,200,-8.03224985966095,200,-7.9547229825161
226,166,13,9,8,24,13,16,4811,6591,1.22133680060506,4.80837872977953,0.151128692924976,200,-9.86972017416058,200,-9.54349375676511,200,-9.2578328019343
169,282,6,15,18,40,18,10,7499,1480,4.87339740991592,1.19954091199976,0.320135733485222,200,-8.92305886916173,200,-9.01041198582862,200,-9.06904741582588
174,22,38,3,11,46,19,2,1608,6945,1.30037205666304,1.13047739130249,0.153210595622659,200,-8.11965747501621,200,-7.89998533151434,200,-7.61738966336557
241,66,10,6,19,17,12,14,4897,7254,3.13472306728363,4.73459872371416,0.244882928580046,200,-10.1276072191444,200,-9.83862125545473,200,-9.53043427135105
186,265,26,9,14,13,5,2,1448,8670,5.32567715644836,1.5116966046999,0.349966770410538,200,-6.88351164651879,200,-6.61846511759099,200,-6.33839857815679
68,233,25,9,9,8,10,3,9151,5779,4.74613493680954,4.89971334602267,0.509062042832375,200,-10.8227404432262,200,-10.5410336540639,200,-10.2395817058227
67,247,27,15,1,21,8,11,1506,8208,3.81853377819061,2.77619968884523,0.515454909205437,200,-8.23488297093466,200,-8.07735586749963,200,-7.92284032719329
158,210,16,5,18,18,6,3,3254,147,3.13161498308182,4.91423892883706,0.786257973313332,200,-1.79690117606024,200,-1.65219867110576,200,-1.4844361882157
275,232,30,11,16,26,9,5,5005,3240,2.14768572151661,3.39911700522652,0.202415356785059,200,-8.46898880684222,200,-8.09557850297486,200,-7.68718983269243
113,111,4,18,12,33,11,3,721,9300,4.31938922405243,4.53916308211444,0.740854701399803,200,-9.08867659468347,200,-9.00119722305592,200,-8.90791197559843
214,150,40,14,9,42,16,3,1733,860,3.89902836084366,2.7544056585829,0.379211118817329,200,-0.683974840444545,200,-1.30193773895497,200,-1.925860140264
280,276,42,10,4,43,13,12,244,9782,3.72892296314239,5.52143984828537,0.561561143398285,200,-8.89477975796331,200,-8.79147186904551,200,-8.68360150340894
249,62,14,12,5,36,8,14,7000,5943,2.05236165225506,4.61438117279799,0.542086070775986,200,-10.4044579710316,200,-10.0509108852142,200,-9.66934704168087
71,17,48,8,13,43,13,11,5826,8969,5.05408352613449,2.75631290453022,0.649421951174736,200,-8.63028438929518,200,-8.29849405674455,200,-7.93894774678411
199,39,44,11,12,38,12,13,3127,1402,3.11568728089333,4.0088329774631,0.555831497907638,200,-3.39666869644369,200,-3.05421345274803,200,-2.89257138269258
269,123,37,14,4,48,12,3,143,7900,2.70080959796906,1.46849137836954,0.672705805301666,200,-6.81657712992532,200,-6.6327291084381,200,-6.42368231043384
113,133,15,18,12,42,8,17,5342,5818,1.45099396258593,4.36690763584165,0.848913392424583,200,-8.10112415674924,200,-8.07255702123872,200,-8.0326009922444
191,67,25,9,12,43,9,5,8552,3143,2.5803836286068,1.95916219541941,0.24817837998271,200,-7.81708333367737,200,-7.23100191572774,200,-6.48917633355676
255,28,47,15,9,15,8,5,5339,7847,3.32710883021355,5.54042616190714,0.148072036355734,200,-13.3321924745073,200,-13.0571923915681,200,-12.76486328702
293,54,17,15,3,33,3,4,8065,6803,1.92677414417267,1.57225822598496,0.331420032680035,200,-10.8612381573264,200,-10.4339132241351,200,-9.94792913281585
172,276,17,11,1,16,14,1,4548,2074,3.0543609559536,4.14488135136749,0.151266396418214,200,-9.5109125977468,200,-9.04449903121722,200,-8.49381385276063
192,262,16,18,11,32,8,15,5178,6653,5.40161794424057,3.20969721558793,0.580369463562965,200,-9.47883195751802,200,-9.1639955768306,200,-8.82465028511693
214,107,49,19,7,49,14,7,169,9245,2.49686127901077,3.62473792113938,0.671760103106499,200,-9.09170032124952,200,-8.99121324809227,200,-8.88426373823874
206,196,37,9,10,40,15,4,142,6919,5.15647029876709,4.50886584719972,0.41884341686964,200,-8.6955597979655,200,-8.55629635130479,200,-8.40979664990013
166,180,43,4,3,39,12,11,1639,406,4.45555514097214,2.47738075895784,0.403100571036339,200,-2.22644667734759,200,-2.38688364662556,200,-2.52805771007152
91,148,7,19,6,38,12,15,6403,8969,1.6520090252161,5.31721094866131,0.270636236667633,200,-12.6931926712236,200,-12.3646324334615,200,-12.0109274472491
185,182,32,10,18,20,4,16,1277,8472,4.37358385324478,2.53856751777282,0.391090756654739,200,-7.24301406403188,200,-7.06612248001008,200,-6.88846776785598
194,13,9,8,13,6,18,4,9409,3735,5.19260740280151,1.40216675915035,0.454839734733105,200,-6.56393485108183,200,-7.42353086125617,200,-8.08155847846546
109,56,25,13,14,41,16,7,6309,4153,2.02426335215569,2.49343100732193,0.305348134040832,200,-8.60297073671157,200,-8.16590702548759,200,-7.66693208670422
118,207,12,9,11,33,6,5,9584,2560,5.80263620615006,1.9869687420291,0.215353215485811,200,-7.73690431356103,200,-6.95852124599995,200,-5.88100177764602
196,214,19,16,4,35,19,5,4043,8573,3.09731012582779,3.54380461881474,0.202526422590017,200,-11.8775432594451,200,-11.5825177992739,200,-11.2689986476133
74,48,27,19,5,49,6,13,6466,2955,3.38935083150864,5.38139772950247,0.208302593231201,200,-12.3234364128705,200,-12.0168223481139,200,-11.6861237819475
204,83,42,18,14,23,15,8,5679,6282,1.84704540669918,1.44831635351614,0.403758472204208,200,-7.36003515756028,200,-6.79847312587583,200,-6.1614331990562
203,208,39,16,14,37,15,9,6888,6399,2.4764715731144,1.01759681747547,0.708899310231209,200,-6.50450741216194,200,-6.61181043245428,200,-6.68486131001655
112,271,47,14,9,16,6,12,1579,9819,4.92161190509796,1.53930044025926,0.317772260308266,200,-7.99257656064104,200,-7.74415786848765,200,-7.48675134470886
248,221,16,8,7,14,13,13,4596,4054,3.1300882101059,5.85063331231111,0.223423099517822,200,-9.67034618715765,200,-9.36907959609277,200,-9.04651672016081
104,259,43,15,16,31,11,15,5854,8834,5.96071994304657,4.51551793123225,0.423144674301147,200,-11.3248417485515,200,-11.0633176834368,200,-10.7862052050937
139,261,35,9,8,15,12,7,8745,1042,4.07536870241165,4.54177675304917,0.388219317793846,200,-7.04799693435606,200,-6.466112607344,200,-5.71964549274538
207,92,42,10,5,22,5,8,6240,3051,4.03068816661835,3.99766621269601,0.198359946161509,200,-10.0019999628946,200,-9.67792461012582,200,-9.3251754948618
136,169,40,19,17,36,12,7,1031,4643,3.87765771150589,1.35790802271636,0.536547175049782,200,-5.021541228799,200,-4.76553423087672,200,-4.48686276792253
274,13,26,3,4,39,16,2,5014,6358,1.00171066727489,1.80951633697756,0.574264308810234,200,-5.47079933182412,200,-5.48939868717512,200,-5.46839223280513
228,235,9,13,9,38,6,2,8968,9252,1.04110961221159,4.361173280678,0.408590091764927,200,-9.39329753382612,200,-8.99476960859014,200,-8.56089790103473
233,230,2,12,5,38,9,3,8263,1670,3.69022107124329,1.34863842454192,0.222863557189703,200,-10.1247120300575,200,-10.2119307283701,200,-10.2686384625911
86,84,23,13,1,20,16,2,6174,5800,2.57552689313889,2.64432474788329,0.622856816649437,200,-8.05672330676647,200,-7.4898106498549,200,-6.86531521462454
163,273,42,4,10,7,8,10,2538,7703,4.19398701190949,5.36561650564086,0.12011955017224,200,-11.2127776900357,200,-10.9583256881157,200,-10.6944355532183
133,126,18,8,15,49,10,7,1040,4704,4.56300830841064,5.70308432220851,0.57576017677784,200,-6.07141594035749,200,-5.9391421352736,200,-5.80422567604184
59,132,21,16,6,40,4,7,4602,5562,3.64818638563156,2.17527139110558,0.350350035727024,200,-8.9943861395276,200,-8.61503105482135,200,-8.19248895037128
189,144,42,17,17,37,14,1,9948,2364,4.81134271621704,4.43836953535831,0.522682657837868,200,-9.97053169528076,200,-9.60850364635722,200,-9.20548852808945
92,272,3,17,9,12,16,7,4933,1819,5.80233430862427,5.22035574658965,0.584678700566292,200,-6.35982521537195,200,-5.40926014599248,200,-4.09668618594258
83,238,11,18,1,9,17,1,27,9141,5.7843125462532,4.57293399621175,0.328564016520977,200,-12.3169870566442,200,-12.173280476167,200,-12.0223564660909
107,262,14,14,10,43,18,7,2874,3525,5.96680676937103,3.85333884539577,0.339441089332104,200,-8.83707252143223,200,-8.51649243445571,200,-8.16796049241624
145,182,29,11,13,10,10,12,2300,4475,4.91304552555084,3.30787578616915,0.685825473070145,200,-4.73525619647628,200,-4.52085358793545,200,-4.33694033831742
139,291,6,18,19,40,10,5,2402,1083,2.45031899213791,4.41922717302244,0.768212965130806,200,-3.62635647772544,200,-3.41298465289596,200,-3.14174704017612
90,26,7,11,19,20,9,14,1227,774,2.51138052344322,2.46273755950112,0.244172713160515,200,-4.82890367925945,200,-5.3878681411365,200,-5.86010050915117
188,222,43,12,9,34,5,8,7425,1781,2.18609964847565,4.25509844212522,0.141870324872434,200,-9.13742212597995,200,-8.76710178499152,200,-8.35781507015491
160,103,23,3,9,27,3,4,2622,6241,2.18457086384296,5.46059912314314,0.327514669299126,200,-4.43907294877496,200,-4.24833423852496,200,-4.0832703926348
103,56,27,13,10,39,3,1,9951,4468,3.11772695183754,5.65201868575471,0.789705953001976,200,-7.07164268704864,200,-6.70913053056612,200,-6.35345592644446
266,10,6,8,2,17,14,16,6725,4264,5.0498223900795,4.64990603963554,0.602634882926941,200,-12.9255524427023,200,-12.5967310347876,200,-12.2383919343567
200,43,14,15,4,42,9,11,2637,6201,5.17192250490189,1.63911998779235,0.198947674036026,200,-11.8371781352897,200,-11.4904547329582,200,-11.1105052338118
87,139,1,12,14,36,6,15,7641,846,4.47268521785736,1.0470142751922,0.614010712504387,200,-10.1937351936346,200,-10.1330809756753,200,-10.0642497553888
235,81,1,18,10,49,16,1,5634,2030,2.61151319742203,1.03096558133289,0.379914818704128,200,-10.3829092409625,200,-10.3633360142556,200,-10.3218374774255
230,284,4,6,7,23,5,10,5208,9442,5.65371340513229,2.60316414402856,0.539381912350655,200,-8.5270823662307,200,-8.22595768144817,200,-7.90229005750757
202,253,15,3,8,32,16,1,3342,11,2.69094502925873,4.83254452646439,0.698071858286858,200,-3.22653984569915,200,-2.94861732014406,200,-2.63862788406081
121,181,14,13,12,49,5,4,6601,7958,2.45684137940407,3.5445042275479,0.661372980475426,200,-7.48898691979232,200,-7.12459202344979,200,-6.74589043403369
142,286,13,10,2,30,17,4,3180,4831,4.05366396903992,3.59762547224879,0.835824078321457,200,-5.85020525609809,200,-5.81834429174824,200,-5.77300691364216
243,28,24,10,18,33,18,11,7437,7906,3.72849082946777,1.40982750378387,0.249539344012737,200,-11.4397076648368,200,-11.0931508900115,200,-10.711734304582
297,21,34,8,10,19,6,5,1636,1924,3.1296314895153,3.9398168079788,0.307217253744602,200,-4.96781896744964,200,-4.47227353424106,200,-3.86212241605843
297,198,15,17,5,28,9,11,4541,2383,3.20360949635506,4.50932036083358,0.482318809628487,200,-8.05990146360235,200,-7.64025009823557,200,-7.16806984382646
192,105,17,6,19,16,19,16,3817,7683,1.89903324842453,4.57105474041482,0.158364197611809,200,-10.4093090574704,200,-10.0980667268144,200,-9.78512753566533
266,258,7,14,7,47,13,1,9913,6674,5.95948612689972,3.74890947962212,0.121808078978211,200,-14.5090417617973,200,-14.2453440868003,200,-13.9652577919627
205,110,36,16,18,20,13,15,2171,3909,2.84034943580627,1.49866708092141,0.630879527330399,200,-4.71979087234913,200,-4.65204108494579,200,-4.55560792377901
109,17,21,15,18,22,18,5,7532,4428,1.97309060394764,3.95900122805361,0.628373494744301,200,-7.89083527195439,200,-7.3684672247545,200,-6.79682864580363
168,171,5,6,19,33,9,15,2343,120,4.28224241733551,3.70272080056445,0.330777017772198,200,-2.57406958940046,200,-2.84056574782722,200,-3.03469377816972
246,223,19,8,9,36,11,8,2330,8556,3.37142994999886,3.33024078649419,0.697338363528252,200,-5.93446442648612,200,-5.85536825736828,200,-5.78635861482665
72,32,34,5,5,12,19,7,4754,5017,4.11259120702744,3.62176632434365,0.825846484303474,200,-5.84093576096583,200,-5.82925817083209,200,-5.82594366928449
172,272,38,15,7,48,14,11,2821,4667,5.76777285337448,1.02582004811057,0.732564708590507,200,-6.05841830826076,200,-6.09155993455077,200,-6.10568783581998
249,18,37,4,11,34,5,5,6610,4821,5.71036642789841,4.32215994193588,0.69249621629715,200,-5.63439721731578,200,-5.28324885901506,200,-4.90059325326962
170,196,1,6,5,23,9,2,1800,3762,4.682601749897,2.14296821958373,0.744487798213959,200,-3.86510594064957,200,-3.798969738514,200,-3.70479859404812
82,90,32,14,12,41,16,14,3106,9136,2.00818604230881,5.31092549209093,0.409739418327808,200,-8.92653931260286,200,-8.72879102725091,200,-8.566920153801
210,125,17,4,18,46,19,15,5357,3327,4.93047392368317,5.16110567413925,0.661564534902573,200,-7.16160957659626,200,-6.80729013854463,200,-6.42417300668701
285,99,36,17,10,9,3,15,5519,7110,2.13769747316837,5.26696761351701,0.391770160198212,200,-9.97202305868991,200,-9.64695601327609,200,-9.29907969561126
158,98,25,15,16,22,6,6,3319,6034,5.85229969024658,5.71533907717382,0.215089286118746,200,-11.1910607562953,200,-10.9302050189905,200,-10.6548531474088
122,128,6,14,16,6,18,8,9145,8553,4.43666672706604,4.09099175528428,0.286006009578705,200,-13.5927337905891,200,-13.3292903846636,200,-13.0496192970446
143,129,28,5,14,49,17,13,5402,1100,2.87503457069397,3.38675333522003,0.257424055039883,200,-6.00458147249094,200,-5.32504766197372,200,-4.4145358256605
116,111,19,10,10,33,15,3,6480,1993,3.00295522809029,5.02307362522403,0.416525630652904,200,-7.53316603676315,200,-7.05901499213146,200,-6.49130842115184
272,264,49,8,19,18,8,9,8084,8827,2.42194584012032,4.17476032931984,0.845901137590408,200,-6.60248536106937,200,-6.51947608428148,200,-6.46569269102605
176,200,48,10,8,10,13,6,6983,341,4.71460497379303,4.5557019253836,0.553887522220612,200,-4.74966078229673,200,-5.146405725092,200,-5.42042644349563
255,78,24,3,17,47,12,9,3538,2516,1.43406907469034,4.66296076180072,0.224927964061499,200,-5.46579135211707,200,-5.24353758879924,200,-5.07025934277756
212,92,27,10,3,49,8,4,4729,4222,4.50988359497565,1.69005475295162,0.219894209697788,200,-9.01431609703304,200,-8.524100758637,200,-7.93802535464858
221,93,23,13,14,45,15,8,465,4785,3.5821232096534,2.45618577784581,0.200498513640716,200,-8.87626774488745,200,-8.69896201202149,200,-8.50486089338581
233,142,36,8,5,26,17,1,3444,6562,3.89847269106426,2.13353348779947,0.275068674798273,200,-9.9399518351993,200,-9.59716563855368,200,-9.22396332077147
176,147,5,14,2,34,18,4,3966,1865,1.20575288007991,3.5114355173139,0.446767491837382,200,-4.55306693560742,200,-4.4014244176545,200,-4.11062642801917
182,129,33,9,17,49,14,3,1441,2594,3.86457943789596,1.32252200007799,0.213836685914642,200,-0.965910114279367,200,-2.03427523182242,200,-3.32533176061193
219,81,11,12,12,35,11,2,117,3969,1.72640867090195,1.1912396198114,0.399708431896178,200,-1.6333018374955,188,-0.316689919256794,172,-0.296446249898367
296,27,12,10,16,34,17,6,1257,6098,1.14643822612871,3.51901655262673,0.173885169867723,200,-11.0580901580189,200,-10.985089256523,200,-10.9016306555909
208,62,34,9,10,34,8,3,2185,5275,2.41444503070921,2.24480680133388,0.135483207320502,200,-8.02182411429606,200,-7.76197683542986,200,-7.50327204981975
210,90,23,16,14,37,14,5,901,6313,4.39865808015046,1.22798491454456,0.442164908841264,200,-6.02808240036441,200,-5.67735659250438,200,-5.25704445959181
274,142,12,13,13,33,11,4,3876,2101,4.50665813150438,1.35828981039365,0.439115481342538,200,-5.91365176943548,200,-6.07160713465111,200,-6.17797893063194
260,154,5,16,5,49,19,1,3827,5007,3.94918182649653,2.14809674991629,0.564506512245295,200,-7.12599132649195,200,-6.42177500465607,200,-5.62943701012541
214,82,27,14,17,38,17,4,5755,1961,4.39237820216818,2.21828573477903,0.38794543732333,200,-4.51773063875559,200,-3.14957380608077,200,-3.62419526344168
295,175,29,9,6,35,15,2,1117,5306,4.29548977963009,2.43961783126601,0.15794191483364,200,-8.86749302266136,200,-8.64756975103284,200,-8.41489436296006
255,125,25,13,15,46,19,4,4432,2485,1.33067982895129,3.44409270944205,0.298594448040011,200,-6.27206067791005,200,-5.86370531221645,200,-5.52273852231403
175,105,26,12,11,28,10,6,1730,1881,3.0626005499263,2.86786210030828,0.538315750091934,200,-1.74431895587881,200,-1.47591238489099,200,-1.20038597165214
240,91,16,13,6,47,17,8,2215,5083,1.18461381999645,1.66739506163637,0.107593284618346,200,-9.88146117069324,200,-9.75700591174624,200,-9.59952447834707
256,10,23,10,16,29,16,3,3382,2662,2.89792474723827,1.74876280192136,0.321490774883435,200,-1.13805746740737,200,-1.53142705617015,200,-2.8330852983641
177,50,8,17,6,27,12,3,5709,1608,3.77067508789546,3.69591705775744,0.39957261391318,200,-6.45574298927778,200,-4.37531195019503,200,-2.04265462259719
180,111,24,14,8,33,17,6,3745,2458,3.45756832776921,2.03103882659558,0.345750376890242,200,-4.23910560165216,200,-2.46175431771442,200,-1.39171652249891
241,35,17,9,14,42,12,5,5379,3508,1.76010389612331,2.61597402715015,0.161804530195491,200,-8.94064786442746,200,-8.49899189650612,200,-8.00331224052831
213,38,38,4,15,31,18,1,3213,276,3.93771826936019,1.37238329399486,0.494719415398905,200,-7.48921851492538,200,-7.38940391871476,200,-7.28044480979715
280,56,26,5,4,49,9,1,2594,2895,4.25694019365515,2.77540606654267,0.430356574437297,200,-3.34864335054388,200,-2.41921339974926,200,-1.37219292881549
279,13,29,16,8,43,8,1,3896,3075,1.7390473431333,1.86287844845481,0.342773550695696,200,-2.62134408790713,200,-1.94616199431591,200,-1.82982557531002
294,165,25,15,9,32,18,3,5430,663,1.39370148578777,2.92636919392608,0.346530970452551,200,-3.00766290162261,200,-3.26298115347655,200,-3.34049461800659
284,86,6,5,7,45,14,6,5350,4745,2.23512291504031,3.31198461836967,0.34731565179646,200,-8.11100897047948,200,-7.74127944623435,200,-7.33654947923473
200,58,17,14,6,47,13,1,705,4167,3.84686483861738,2.0166452126526,0.129335588615002,200,-9.08092171731267,200,-8.79236750197236,200,-8.45287382356878
227,15,22,11,7,24,11,2,1498,2059,1.89073565822948,3.61239599865776,0.533056099384512,200,-4.40620676548216,200,-3.90110522691772,200,-3.23907514143684
296,142,1,8,14,47,11,7,4347,2219,1.88106806056237,2.70584570248115,0.196669917545801,200,-8.14851478577262,200,-7.57780641054065,200,-6.88652392862694
182,167,19,15,12,49,19,9,4067,3597,2.75760135759828,2.73609894343827,0.527032436538734,200,-6.3544170580796,200,-5.87270861141478,200,-5.3962523658477
278,76,8,14,5,39,15,1,3368,1621,4.34333892401829,2.23859585013993,0.546681107263058,200,-5.74852699918545,200,-5.91967043254745,200,-6.02379195533289
192,175,8,6,3,32,16,5,1411,559,1.11506227899065,1.13758059007563,0.455088948537104,200,-5.31721484062164,200,-5.56446518407176,200,-5.79861320280919
271,82,12,10,16,27,8,8,4329,5587,3.14612159452534,3.1470860808723,0.419630034010244,200,-8.42001966590403,200,-8.07380217296868,200,-7.69915540065789
260,89,35,14,4,49,8,4,2692,4122,3.66869888721678,2.74028701527445,0.140525806180836,200,-10.0052727268075,200,-9.67266893723514,200,-9.3155977095647
243,24,33,11,15,42,16,3,2148,4928,1.69281824866741,2.57690420647622,0.365671518409199,200,-7.17529542958305,200,-7.07649914885725,200,-6.96622013505789
229,38,5,9,6,33,13,8,3960,544,1.29530961279421,1.43990651321773,0.14628257575089,200,-8.479505327862,200,-8.48454455513735,200,-8.55966431669369
186,86,25,4,15,33,8,9,568,3059,2.68978896454163,1.14763594955624,0.369144002516262,30,0.125525908232086,71,-0.458119439753084,190,-1.15834308331595
174,163,33,17,6,37,11,3,5506,366,2.030492871442,1.38090290398543,0.438332296932736,200,-7.05962163269102,200,-6.94561618433828,200,-6.81229301386279
269,76,30,10,14,49,10,6,4004,1540,4.00674624599191,3.4067207372591,0.566995193985051,200,-2.61567096640214,200,-2.1558412461475,200,-2.22001359505065
279,45,5,11,4,41,9,7,5082,3460,2.91367370342072,3.31704228658531,0.129300765105822,200,-13.1615272146615,200,-12.8168065271786,200,-12.440785151659
185,101,23,16,10,36,17,3,1354,4278,2.72183006112063,1.46195471085103,0.453679556288354,200,-4.34228395815698,200,-3.85654595916405,200,-3.26195696352825
180,96,13,18,7,37,18,7,2135,6228,1.37211897909035,1.43867280538764,0.482410845918516,200,-7.70299172070974,200,-7.57078407309122,200,-7.39815832612919
177,145,7,10,9,39,18,9,1866,1552,3.52648030568076,2.48404617658471,0.12540655040056,200,-5.7550406257756,200,-4.31800219780755,200,-1.8107039961611
222,158,9,16,16,25,8,3,4879,1308,1.52069957706211,2.49711199031921,0.555042894822081,200,-3.49040318873035,200,-3.40863442903007,200,-3.22338828667976
173,135,12,17,4,45,19,7,3524,7,1.61975101528327,1.5663810633837,0.387204138281324,200,-6.84282494867213,200,-6.71645072539021,200,-6.63941441297508
272,85,18,17,10,42,19,1,977,3950,3.48045415436183,1.1422162093412,0.448855858852345,200,-1.70112071181451,200,-1.80308599342047,200,-2.2550372834535
282,126,27,6,13,45,18,6,5002,1311,2.39693708828426,3.01530737719079,0.159912416279689,200,-6.8835073751304,200,-6.20210183867525,200,-5.29446733690827
204,148,3,8,8,33,16,6,5282,6124,1.9649571990286,1.43142418994815,0.103061223501415,200,-10.4311633644531,200,-9.98641447867803,200,-9.48411204647522
276,29,2,17,7,31,19,8,1751,320,3.90788147614434,1.13431601592692,0.444319860636785,200,-10.451454475288,200,-10.4314983712893,200,-10.4201048432985
265,75,29,9,14,49,11,8,1380,2815,1.34273009712846,1.25694078689538,0.527727791218538,200,-2.1452460575408,200,-1.52044560999662,200,-1.31310759781152
209,66,2,5,13,32,16,8,909,6996,4.04918255367905,3.80688831895415,0.111674001660278,200,-10.7424086588367,200,-10.5906669318227,200,-10.4354826612955
252,163,16,3,9,24,3,12,3675,3347,3.97250230102301,1.21335917856016,0.520052922492334,72,-1.40641962669779,82,-1.61697598364278,89,-1.76704829828382
203,19,41,6,10,47,13,4,3637,6737,1.22718657415452,2.45597499579077,0.209371144440444,200,-7.51300056675198,200,-7.39352801844495,200,-7.31729225716326
126,58,13,3,16,39,3,12,883,6388,1.06274516471589,2.54785338343017,0.361609047868292,200,-4.83745321329222,200,-4.73282880853729,200,-4.61516903509613
146,34,30,9,9,43,9,16,1320,3712,1.58002221117937,2.03497445215439,0.596280395886139,200,-6.06395708506848,200,-5.86700700534512,200,-5.6210962862671
210,93,9,3,19,33,10,5,1207,4116,2.67141021522683,1.30760264592134,0.142940886350877,200,-3.8825533726067,200,-3.16862717894414,200,-2.05631284502068
159,85,30,5,14,23,3,8,706,1596,2.87278340310277,2.53639695498713,0.222888225281069,159,-0.9432848713278,43,0.023954844642946,14,0.819903428155363
119,67,25,11,10,38,3,12,1011,5943,3.00613246727895,1.28463525716809,0.447550466785629,200,-5.56592299067224,200,-5.26570940234294,200,-4.89314130597956
258,35,24,8,12,22,12,4,2745,5206,1.09799321820317,2.00752540158001,0.237072923083263,200,-6.99263113951717,200,-6.91060912424375,200,-6.79952722941909
229,38,17,9,9,41,6,8,2936,5883,2.33898775613215,2.1340458618935,0.316385088759793,200,-7.99098684061847,200,-7.66784204515481,200,-7.34966551207715
237,93,35,10,15,32,9,9,4267,3827,2.90156765310463,2.70703177571061,0.10305367389717,200,-9.849656862621,200,-9.49386343276206,200,-9.10560986094312
119,146,31,9,19,36,11,4,4541,3260,2.03935081730529,2.13185703467083,0.511570489405153,200,-3.20905400377948,200,-2.89023515537895,200,-2.81341919529313
195,142,29,10,12,40,14,12,2891,4180,2.88054600157515,3.04223980329269,0.141710998008125,200,-9.20720433028814,200,-8.88782792328649,200,-8.55322169689494
233,20,40,6,8,44,11,15,933,3203,4.67983323846367,1.18132914712135,0.126835487965018,200,-5.16407227316742,200,-3.79101990701805,200,-4.20214667234317
285,126,21,3,15,47,11,11,1526,5368,3.37465883872697,1.4744887207991,0.573043458330136,200,-3.22782780523181,200,-3.07883329866036,200,-2.91755987286915
188,24,13,10,11,30,14,5,2220,1981,1.59352318565304,2.7519145746151,0.298824388016681,200,-3.91276282410692,200,-3.09384715374718,200,-1.96803290779508
126,10,28,8,17,16,8,11,4047,4212,2.82553966930158,1.60787337989348,0.570254359563399,200,-3.36499533780658,200,-3.65888414952636,200,-3.95778675011591
172,188,15,3,10,15,3,6,3234,2473,3.4868751874506,2.0697092674054,0.346499244301553,18,0.086472448725494,9,0.755428247178571,8,0.869190388246662
256,132,25,6,19,15,6,11,4213,6433,1.67938989353986,2.67113342194621,0.186489438135105,200,-7.16186847924633,200,-6.80621876216483,200,-6.44597823951285
159,150,29,5,18,22,14,5,3643,3722,3.65095574910355,2.3990809770997,0.227361309809026,200,-8.36312717116623,200,-7.97048690433718,200,-7.53192973164493
103,150,32,10,15,46,11,1,1328,3126,1.81790436483501,2.20157333866592,0.475881104647203,200,-5.10385756195962,200,-4.82985885190145,200,-4.47397787748818
297,177,29,3,9,44,11,9,1549,4642,4.5473878607427,2.97756257664835,0.410632944992125,200,-5.2851730050237,200,-5.04713016141585,200,-4.80351492341615
149,165,27,4,7,47,10,7,3816,3045,2.23622547643992,2.49871453870432,0.323576575217703,200,-3.96251074559391,200,-3.3742571651685,200,-2.69801964008232
108,186,8,4,7,34,9,15,2295,4086,3.92749480082527,1.72774306456117,0.264977412353819,200,-4.54139943940587,200,-3.99153273975959,200,-3.31718669086264
249,28,34,9,9,48,4,13,2099,5861,3.70502738499488,2.18470046211054,0.218646186089546,200,-9.5191295880754,200,-9.23338853633139,200,-8.9367880291129
117,187,15,8,13,43,9,13,1858,3031,4.55049984987417,1.29422166499691,0.530358750482176,200,-2.5847357131253,200,-2.81307646107116,200,-2.99936008667179
92,103,25,8,9,19,12,6,163,570,4.22853631340394,1.65081204092768,0.209955266877285,200,-6.20398684807348,200,-6.33686521415641,200,-6.46449216416148
262,193,15,3,15,27,6,10,907,2722,1.24055906911224,1.47419429991997,0.355268501647375,90,-0.949381372018481,30,-0.09246921120576,13,0.559068410985508
273,44,37,10,17,38,12,3,1522,4516,3.22024171809504,2.13119868398329,0.460230778984062,200,-5.19757297424635,200,-4.94585479255417,200,-4.67132370883526
174,82,35,11,18,34,11,11,3540,6301,3.23272882190468,1.1453137610575,0.136761905639696,200,-8.61180730839877,200,-8.14973983739342,200,-7.61698011616296
213,69,18,9,9,45,5,3,3025,5706,1.18174695557194,3.00099783858126,0.359434848748172,200,-7.02070544792114,200,-7.00427432305513,200,-6.97747902181964
142,123,18,5,10,15,9,9,3305,1367,1.09423348447881,2.93748869477258,0.532267395457217,112,-0.466233641427306,58,-0.059278921972358,27,0.445704069443017
149,150,24,5,17,20,5,13,1322,266,3.2632450093207,1.22271299389448,0.495188295432617,200,-2.47071857810261,200,-2.52959382744075,200,-2.60366371707305
131,87,29,9,14,43,5,6,852,4364,2.39134284960856,3.08449431981015,0.367141448506536,200,-6.26587973765438,200,-6.13129148093987,200,-5.98152426160653
108,161,7,3,9,32,4,15,1331,67,4.38536934927326,1.04311375345103,0.459568827268051,200,-2.61690821020227,200,-2.61693963527332,200,-2.62220047422627
275,148,22,3,12,29,13,9,2561,1185,3.76354267745167,1.07600070165887,0.538734052758146,200,-4.40575568295599,200,-4.36507440963981,200,-4.31561760677139
91,133,44,6,10,17,6,3,1010,3525,2.0668315507289,1.10573359419398,0.252338486979223,61,-0.083993495796993,80,-0.265539961715253,200,-1.37715536259815
230,175,14,4,10,23,4,4,3034,6286,2.85218335462382,2.81772583368038,0.462284786696925,200,-3.95881286730824,200,-3.64212119130302,200,-3.33160555619675
257,72,35,4,10,21,3,2,1950,1727,4.08542242114034,2.06802453993142,0.258950693597916,12,0.766168665621139,28,0.088976260264701,66,-0.532606613327963
99,62,6,11,9,42,10,15,3739,5008,3.29786682310464,1.62419479334136,0.647373549392764,200,-5.75142957997325,200,-5.83744709665953,200,-5.94870921196234
283,62,20,8,16,21,4,7,718,2079,4.48689475074108,2.71260196272548,0.357363794413196,200,-3.20041673155694,200,-2.42351629139611,200,-1.41970552083323
183,201,40,8,11,44,4,9,3505,467,3.31776551940407,2.99367789548084,0.523793477200186,200,-2.436998737553,200,-2.60396397394914,200,-2.70682027582602
96,100,20,8,11,23,10,9,4062,5764,2.76429858226561,2.22306657487831,0.432660301736048,200,-6.2698683173126,200,-5.82678597729467,200,-5.33300192694464
283,65,21,5,12,15,4,13,3375,6526,3.75443367633174,2.75131088380382,0.2918233827193,200,-7.16443224645032,200,-6.85302965135313,200,-6.52087890946529
143,113,15,3,8,32,14,13,2850,435,3.0444103734531,2.57451549819829,0.113025748002063,200,-5.21534623369147,200,-5.35759145237705,200,-5.46087850551388
85,180,19,9,13,29,14,6,1580,3838,4.09287316091389,2.2166406471778,0.656760047115404,200,-3.68140475591737,200,-3.52831299620779,200,-3.36124108433285
240,164,14,9,13,42,8,4,3361,1624,3.99489300784177,1.62613022659437,0.372520005500435,200,-4.23997458651408,200,-4.49198308719791,200,-4.66046508328094
136,107,14,10,15,35,10,11,3511,6669,4.66708749866685,2.3672150372976,0.228516366873063,200,-9.78643833302579,200,-9.47892520696889,200,-9.14840832329288
225,18,29,6,18,35,4,11,1599,5100,1.59531994701041,2.84619966092773,0.432522029036081,200,-6.52201350854438,200,-6.44182745340611,200,-6.34704777931615
185,101,25,9,11,40,9,13,376,4464,4.18092617862091,1.84111347232673,0.256801258724846,200,-6.97543487946152,200,-6.72387578760084,200,-6.43428749137748
140,174,34,10,8,36,11,6,852,1299,3.19563017267207,2.9800646420846,0.522035317430507,163,-0.528210124388677,89,-0.15876546936898,54,0.135585757805173
72,194,26,9,10,29,5,4,2738,1531,3.30235518127079,2.24707433004457,0.255805654995725,28,0.505060651699049,69,-0.153125144318969,200,-1.07295386113092
267,212,4,3,14,6,8,8,3768,2901,3.06330634265537,1.71059227263549,0.290929041805225,196,-0.7617796442659,49,0.117514981664701,96,-0.361722428182974
57,113,23,9,12,30,4,12,6701,3312,2.17934716849918,2.21036408423085,0.209698465365116,200,-7.36590294658758,200,-6.87226977572321,200,-6.28862941715394
200,100,23,8,15,4,4,12,7000,5922,3.23503912597294,2.9626175132268,0.319875148058161,200,-8.78276373493408,200,-8.46795841908636,200,-8.12707246346083
138,194,18,3,3,16,6,4,3735,6041,3.08952296882267,2.55839541629407,0.633973963413496,200,-3.21705028344431,200,-2.8602270741971,200,-2.57986493589027
152,241,24,5,9,30,9,1,4536,5907,4.91737688689823,1.58596980125389,0.518429412552213,200,-6.69878588683862,200,-6.12347189355571,200,-5.42222740134129
157,283,2,4,8,5,5,12,6400,2564,4.95672334342594,1.90243670570329,0.398463379132455,200,-1.32478495343833,200,-2.27722685454865,200,-3.11184311760998
270,262,34,8,11,32,9,12,478,4519,2.71207560210819,2.05312415329848,0.635259524687525,200,-4.89802687191165,200,-4.72315456733582,200,-4.5234260847398
237,168,7,6,11,32,3,5,2328,2773,4.16071499496098,1.65357000546155,0.512557284228331,200,-1.15340014413478,200,-1.47734132619678,200,-1.75333321581255
209,111,34,6,7,10,5,7,4721,5217,5.11930001884098,1.41949012230285,0.398529504135908,200,-5.19719287460903,200,-4.55766310432658,200,-3.72311979047141
216,264,30,3,5,5,3,9,6157,2715,2.45488406329746,2.81383687634027,0.571581797840128,44,-0.639643282580792,28,-0.240259294775591,25,-0.165323693106862
59,237,20,5,3,26,4,8,4466,4628,4.86248363166447,1.38100377421017,0.103048163144088,200,-7.19143209254837,200,-6.63260750886296,200,-5.93794194157496
234,211,1,4,15,8,6,4,5227,2447,2.97705126910801,1.45604360948541,0.357153363059004,200,-3.78634291361957,200,-4.07856565104656,200,-4.26647150530112
283,182,8,3,4,1,6,13,2135,3588,4.00769413619633,2.2137951176146,0.102211566314879,200,-6.98582897177216,200,-6.5480710155586,200,-6.03783829726154
136,250,29,6,4,21,10,2,4434,5914,4.19695676475163,2.42407444804293,0.483495898966913,200,-7.23892721604382,200,-6.84460795914722,200,-6.40066216959248
169,201,18,4,9,24,5,8,3669,5908,3.70430673270817,3.54851110792116,0.111485664723854,200,-8.42018251232103,200,-8.126141451012,200,-7.81306226912925
122,102,9,5,3,33,5,1,3451,2261,4.88730586677189,3.64023160306515,0.509954890742681,200,-2.36509087054324,200,-1.13068526566111,121,-0.231203755251069
77,215,23,6,4,26,8,12,4234,3877,1.51194594039912,3.94468330378993,0.27368118157573,200,-5.78586597376057,200,-5.41103807593406,200,-5.05897839806314
166,278,32,6,13,7,8,8,5010,6465,2.51516164451237,2.36192456807767,0.557556717181634,200,-6.55526245094306,200,-6.1421478431042,200,-5.71266396934344
263,118,1,4,13,30,9,8,5740,1665,4.86901129394169,1.38562856550951,0.465956290661838,200,-6.12283647542058,200,-6.19012869467309,200,-6.23104142911265
256,250,3,8,3,19,9,1,6462,2598,3.29529167323704,2.35762644493253,0.459620570688132,200,-2.76032197508649,200,-1.83071233141562,200,-2.7391686521856
201,81,12,5,17,10,8,8,7018,4222,3.36054850726719,2.26421485944888,0.617970409622131,200,-3.87135694784759,200,-3.09527951205942,200,-2.45462129680919
275,151,3,4,11,10,5,9,2394,1370,3.55029095321293,1.53460415579143,0.45253630264578,200,-2.63749769060969,200,-2.65028570869962,200,-2.65023346137196
201,76,29,5,6,32,6,4,5835,3605,4.00116981177921,2.14481189700392,0.490899619181119,200,-4.15306239678868,200,-3.36493585559708,200,-2.33905786779594
95,235,31,3,6,27,9,10,2684,1166,5.3100580087244,2.69615620043761,0.13117496065273,200,-2.25641400199737,200,-1.14326643816789,200,-2.46795312462005
160,283,1,9,9,24,9,3,1776,1500,3.64247978835697,3.61350825889758,0.234164952803462,200,-2.76357875813762,200,-0.834408303436097,56,0.474576217131153
181,105,22,8,15,4,8,5,5649,3183,5.14417613654728,1.68873480420424,0.414485402321336,200,-4.33718169019291,200,-2.97152166973525,200,-3.24760076860318
282,84,15,8,16,5,10,5,4279,2181,2.63136614471073,2.13832994818942,0.196876118713395,200,-3.33891296847005,200,-0.942086028000014,135,-0.398647914713466
62,248,29,3,6,27,5,2,6494,745,2.92395127921696,2.73274504636597,0.24493893903418,200,-4.0745844559864,200,-4.29030855437985,200,-4.43331778426953
134,144,30,8,5,9,5,11,3251,4888,2.36416519790287,2.01685797307896,0.604272240557064,200,-3.21024782957823,200,-3.16092150611287,200,-3.12031221252111
226,263,12,8,4,33,8,4,2800,1067,2.78918589263554,1.16141731745453,0.558809248527829,200,-4.57145322066132,200,-4.46506451615924,200,-4.35273461583668
189,152,14,4,7,34,3,7,6748,2723,5.06910933166142,2.3614386025984,0.185380132137093,200,-6.32762459003938,200,-5.84868178568663,200,-5.27944699727411
235,147,8,8,6,24,8,4,1525,2146,2.62653924136753,2.41314049921279,0.230776331398061,200,-2.61451695772399,200,-1.25435634244658,93,0.016443232734631
81,291,29,3,9,24,9,9,4284,6098,4.88887561469669,1.56307288632877,0.222933734975593,200,-8.35455179434739,200,-7.98071567218235,200,-7.56380122815079
156,265,16,4,18,15,8,10,3694,1751,1.51200669243331,3.2089637707094,0.485002148368229,200,-1.89830475624997,200,-1.84084702307672,200,-1.7435506075586
165,209,16,8,6,13,9,8,113,2030,5.23823059707279,2.9283534705287,0.437468694531368,200,-2.22578339290995,200,-1.29202331529126,126,-0.360765775345822
113,117,9,3,7,23,6,11,6804,1843,3.06656850486393,2.94626594585058,0.416071099448476,200,-1.4102308989688,58,-0.342404632154242,36,0.008729502932157
63,224,23,3,14,7,6,2,1569,2731,5.4252296796381,2.05170120392639,0.578061950456844,200,-2.07671111296535,200,-2.06828567552241,200,-2.14036863788825
72,162,9,4,10,9,6,5,197,315,3.35095204024906,2.5360552758243,0.458171227878457,200,-2.58388521014392,200,-2.76057406021574,200,-2.93340659044173
185,174,1,6,15,12,3,3,2392,3997,5.03311909347172,3.33497008185421,0.509455076923478,200,-5.55666544059287,200,-5.1021252723624,200,-4.57170376398688
121,136,9,6,16,9,5,1,6619,1483,3.41850603728886,3.60814269501221,0.505700740274225,155,-0.493266218249976,200,-0.911504156414682,200,-1.73294058485871
235,152,18,8,6,9,9,10,467,1800,1.72377721577282,1.36086726579647,0.391920489197191,200,-2.74738638484879,200,-3.42198917504192,200,-3.96138126015521
246,88,17,8,18,32,5,5,2384,4221,4.01938594489689,2.84128569231706,0.229694984004771,200,-7.28520013613504,200,-6.96296106155056,200,-6.61838641895601
100,226,33,3,5,5,9,1,2611,4538,4.26367438941593,3.34689544783398,0.594558184384775,200,-7.16638223371804,200,-6.77961246061647,200,-6.39240379914939
110,281,6,5,7,10,3,7,2401,5116,3.67863262801762,3.39347476330263,0.498734845760223,200,-4.32298151403855,200,-4.01808941125375,200,-3.71040232785046
285,241,11,5,16,22,3,5,3352,6470,2.53279424815769,2.08693827539661,0.18114363671882,200,-6.29757759509601,200,-5.95451628120349,200,-5.59263521787134
57,111,7,6,16,22,4,6,3253,1976,4.79650105147953,1.89771894331617,0.171005615037938,200,-2.14600954951569,200,-3.47918805474964,200,-4.18542542528344
151,179,15,4,13,9,4,4,5137,4258,3.70260370879765,1.32536330440415,0.475488177864785,147,-0.99861650324426,165,-1.09795943469131,200,-1.5965820245736
216,221,20,4,13,16,4,6,4085,4108,4.17094732432957,1.75299962976349,0.254906062214608,200,-4.81985375900493,200,-4.33654657782868,200,-3.76485880308105
184,236,12,6,14,11,6,4,3123,1320,3.63984478622074,1.97913637378586,0.436135200588937,200,-2.67794644882642,200,-2.84600591621775,200,-2.95240072072538
160,145,17,5,7,8,5,6,2837,2709,2.97218821554775,1.12441502132786,0.431958840220208,200,-2.39453949250024,200,-2.48663553661477,200,-2.53888525712027
163,221,14,3,12,16,6,3,3015,2462,2.66145822017784,1.54418924072159,0.462564204066033,200,-1.25596165583994,200,-1.45134069021099,200,-1.57801163190366
121,142,15,3,8,18,5,3,3245,3957,3.52755476146336,2.40275498845948,0.270767644970651,200,-4.85371452180134,200,-4.40363897318394,200,-3.88195586239305
149,162,21,5,13,21,6,7,2179,961,3.47412938981648,2.77440222719086,0.301541952221627,15,0.608898982497656,36,-0.000880821685822,78,-0.525377998389721
189,182,23,6,13,13,3,7,2896,4308,3.46205563455219,2.65719005086793,0.405307821362252,200,-4.44166049832117,200,-4.06026064560289,200,-3.6492035604995
213,225,18,6,7,22,4,6,2634,3170,3.53688300757999,2.72282847383393,0.349278531401391,200,-4.15442856825803,200,-3.6837583810565,200,-3.13552459452236
119,167,8,3,8,20,6,7,4840,3047,4.40591670184727,1.09931492799295,0.326648698179955,200,-3.75525152059785,200,-4.03746730184902,200,-4.2312349173756
146,207,9,5,13,16,3,8,4748,1950,4.20795513301487,2.24115201452149,0.300677503078217,200,-1.08055722115791,73,-0.295563509840804,182,-1.00788452225567
136,225,18,3,10,15,3,9,1289,1473,2.73408320158119,2.6164496801175,0.327084637611146,5,1.16371524307963,4,1.35440386674849,4,1.40312798692719
175,219,23,4,9,24,4,3,3480,2238,3.40604449420567,1.71948596456422,0.332640762059922,25,0.1079629991888,62,-0.587256019637578,122,-1.12776387839243
204,245,12,6,7,8,5,7,2914,1348,3.84086741119022,2.01013317325486,0.430666337340112,200,-2.47425248291775,200,-2.62396647206472,200,-2.71936646305832
203,196,12,5,12,9,3,2,4997,2873,4.39285374789829,2.30591949441804,0.408484289973016,200,-3.26346393254567,200,-2.37383321322766,200,-1.22387482920563
147,242,14,5,12,21,6,7,1837,2402,3.55227137714024,2.34619637945069,0.474199036686654,81,-0.505724723961608,54,-0.237448970645887,41,-0.043724548992845
143,227,22,5,7,6,5,3,4837,2569,2.96754170566197,1.21500072994603,0.26750589105391,200,-4.31385340150959,200,-4.62109144147194,200,-4.81969896038188
193,233,10,3,10,14,6,5,4343,1189,3.14895630984898,1.88970288255585,0.426057712166543,200,-3.30305174494026,200,-3.34779003727636,200,-3.3569208211732
128,212,22,3,7,15,4,2,1309,2429,4.03311754375095,1.3814654014386,0.228358462630744,103,-0.662092623888655,200,-1.35142059241527,200,-1.92478862523625
218,169,9,5,12,7,6,2,3103,2483,3.92147756724949,1.34092905738724,0.293584571211572,200,-3.70155987792828,200,-4.0975429342318,200,-4.35928778725156
178,245,21,4,7,6,3,7,1335,3729,4.42915047317143,2.28082617738618,0.440845177500482,200,-1.87797800948436,178,-1.562729399158,127,-1.22148381203378
142,160,15,3,10,10,5,9,1548,2731,3.09055114894505,2.47702321031464,0.357617161600823,197,-1.3424661269602,120,-0.932081315037049,63,-0.457381040692437
210,218,9,5,14,10,4,2,4745,4130,3.9686068406641,2.20212325075043,0.24152658674025,200,-6.46668338511144,200,-6.04925170773515,200,-5.57140812445476
123,219,20,5,12,7,4,2,1755,1299,4.23885036616917,1.86062231281174,0.315422580569024,200,-2.02093283889341,200,-2.36799993781037,200,-2.64646363282676
223,205,18,6,8,21,6,8,2651,2941,2.64836573212738,1.32679921009911,0.407004032461877,195,-0.911223126150924,200,-1.16943416965724,200,-1.39014603765738
175,237,22,3,10,13,3,8,1461,749,2.59212563543911,1.14117945351971,0.343283955185647,88,-1.82772620845535,94,-1.93773843233014,100,-2.06096056536089
213,151,20,3,10,22,3,5,4950,4297,2.9064882209837,2.28246911981476,0.342058355539078,176,-3.83460873282421,165,-3.41207947695604,148,-2.93581878580367
185,219,23,5,10,12,4,7,1361,3619,3.17541588454838,2.29257604101075,0.202827782361741,200,-4.32864773746676,200,-4.04920430249976,200,-3.73744871709602
212,209,11,3,7,23,4,5,2569,2859,3.51303948073978,1.65821858861817,0.441999975769753,13,0.507199659277885,18,0.253712023059455,25,-0.011180040944895
163,194,14,4,13,17,6,5,4710,692,2.63319043427105,1.5299337766446,0.200642624675269,200,-5.51670979879263,200,-5.47597152516392,200,-5.4164253620565
230,206,12,4,12,25,3,3,4886,2900,3.2189627996027,1.98775490739716,0.320571304290528,200,-2.49245130869321,200,-1.64070140770695,68,-0.574759466814798
154,139,7,6,7,14,4,6,4749,1651,4.12041677146549,1.98990115144623,0.464123300640816,200,-4.33240584855858,200,-4.50373743169683,200,-4.61536663593012
218,203,17,6,13,14,4,7,4480,1446,2.59651023506517,2.2732631824292,0.416649166672463,194,-1.03889891246364,200,-1.47399672963835,200,-1.78674398725265
205,203,5,5,13,6,6,6,2280,1135,2.92682550459499,1.49629860737694,0.219472328751321,200,-4.24706673354164,200,-4.29539157341391,200,-4.34660567078688
132,237,24,6,11,21,5,3,4526,2796,4.0314091554224,1.61725863435639,0.375805363981957,200,-1.19437796367387,176,-1.01806011476158,200,-1.75542983075176
176,195,21,3,10,20,5,6,3420,3362,2.5310101917326,2.06216075637711,0.335736889569993,200,-2.3983623267614,200,-1.76850611685022,126,-1.1145663581815
220,185,13,6,9,10,5,2,1779,1197,3.67280353217716,1.39426487305535,0.462613950102563,200,-2.90932770434503,200,-2.94031491531666,200,-2.97846478043104
206,205,15,5,9,6,5,5,5188,672,2.90800381808872,2.1768060586728,0.242163687377209,200,-5.04618183006904,200,-5.05602459676114,200,-5.04035485011342
171,246,9,3,9,24,3,3,2745,1984,4.37026621013279,2.99375888326539,0.399031201927895,29,-0.184448269379854,12,0.558079947664376,8,0.994510211105059
142,231,20,5,10,18,5,4,5092,2749,3.03892124801273,1.79419335344208,0.479461137383218,102,-0.688091265273539,187,-1.14451452822279,200,-1.6197732395774
212,140,18,6,7,8,3,2,4271,2741,3.03871638684864,1.92075582960023,0.298337302534814,200,-1.66723530027805,81,-0.174069319072862,49,0.115501853338545
176,134,10,3,14,11,4,8,3927,3955,3.65188110976811,1.32120644667519,0.349654022782082,50,-0.493328542020749,23,0.13584732342211,35,-0.223980493463721
162,231,6,3,11,9,5,6,4529,3046,3.15233416467304,1.19707463302983,0.358802054255242,200,-2.45224964851501,200,-2.7987985213456,200,-3.02536503165041
202,136,20,5,13,17,3,6,1817,1405,2.69889556973572,2.6644175908841,0.21092250364923,19,0.565700590492382,9,1.08870741383415,9,1.1292215903963
136,237,16,5,11,23,3,6,3941,4121,2.87158055215473,2.83697732904328,0.330125797717805,200,-4.87293201417894,200,-4.48350633909754,200,-4.05471076948252
217,225,15,4,13,25,3,7,3728,2595,3.31062753110523,1.25269795575513,0.38925183209681,157,-1.6977392209479,185,-1.9455487460175,200,-2.11313708431485
161,184,15,4,8,14,5,3,4419,1093,4.27506197600956,2.91973527887238,0.448125926583047,200,-1.89285499506265,200,-2.21657002421917,200,-2.43969284802784
164,144,6,5,14,22,4,3,2160,2408,4.14704562335606,1.1502642295636,0.485703513949151,200,-2.6991934464539,200,-2.76402905780525,200,-2.8087233118348
198,152,17,6,12,22,3,8,4466,506,3.45218158870335,2.35790118196381,0.31373543533587,200,-4.32778001277466,200,-4.36608145032481,200,-4.37678367509059
150,228,9,5,8,10,5,7,4822,3001,2.98021693139668,1.65856030204667,0.216168312161202,200,-3.02753531556188,200,-1.34081997149351,115,-0.541590770441992
123,220,8,6,7,24,5,6,3326,3120,3.5096076837122,2.03510030725373,0.334470502465005,200,-3.38293538539378,200,-2.23834925489837,200,-0.841135082380763
212,206,23,6,10,18,5,5,3096,2084,3.46578336864109,1.07707654678596,0.38399511369967,200,-3.67264986434477,200,-3.72974364675411,200,-3.75768926293698
157,238,20,6,12,12,4,8,4031,1397,3.53858579307194,3.05323215940369,0.237081831126447,200,-3.33041861718419,200,-2.31107567095615,155,-0.8650173070731
166,167,21,4,9,13,3,6,2188,3504,2.99599380403156,1.81937071302308,0.481885425179238,50,-0.381383978185975,39,-0.205589498828313,33,-0.070493903215741
119,231,22,4,10,21,6,4,2157,1525,3.54786552100773,1.52877884724511,0.373358116476769,200,-2.2743962726428,200,-2.44395701719096,200,-2.58001852320495
80,199,22,6,14,9,4,7,2380,1918,3.37155571191902,2.69622680166138,0.343626285522218,200,-1.36702016044239,99,-0.607491709332853,34,0.117266837977595
131,177,11,3,12,14,3,10,1663,901,2.44815787284966,2.71470734098328,0.248631427614922,7,0.827786716157355,12,0.385172537406081,21,-0.066417786061115
179,231,25,3,8,11,4,10,1294,2811,3.55611887186165,3.26767441251649,0.243554059593911,200,-3.48323405956789,200,-3.23091907614416,200,-2.95835362226081
152,266,24,5,8,6,6,10,155,3259,3.63883009164925,3.28563579538239,0.301515291064019,200,-5.5361427226955,200,-5.32582204926735,200,-5.08906075012415
101,240,16,5,9,7,6,9,1559,3338,1.84873011320229,2.08626561978234,0.333409751384492,200,-3.23866358541691,200,-2.89990959407352,200,-2.45517413624976
129,266,17,3,9,23,6,6,2454,2629,3.17237677782173,3.55976876237763,0.404661739795441,200,-3.03886715908098,200,-2.60332643881892,200,-2.14874022691183
97,222,23,5,14,10,6,8,259,3103,2.48999335973854,2.1117276809491,0.20455202701592,200,-5.27442816024001,200,-4.95682787194546,200,-4.56121909697834
133,260,11,5,8,11,4,8,905,1114,2.75906005113716,1.89562829950226,0.398518622844453,126,-0.722823246287732,200,-1.06228330191472,200,-1.40057959480822
143,205,23,3,13,13,3,7,1082,2655,3.34840502946968,1.90757348754777,0.417653788058991,20,-0.096534083809929,13,0.290332425997454,8,0.639484891810954
101,203,18,4,7,22,5,7,2485,2786,2.95740869253273,2.37220492580308,0.235596405892606,200,-2.82376461704628,200,-2.20703178524239,200,-1.4933892015331
188,264,21,4,7,14,5,8,2781,2638,3.67345240324135,1.80606540658845,0.242008561818833,200,-1.66113144590358,65,-0.51572479820159,19,0.417129033073225
106,271,15,6,11,8,5,10,165,1311,3.21104386060829,2.04405563691033,0.450785113303895,33,0.131697244751539,83,-0.460115242771401,176,-0.975303453579772
175,239,10,5,8,10,3,5,2847,1006,1.86395160465832,1.7485248408593,0.277235049932236,200,-1.91862761819084,200,-1.99761121420449,200,-2.11829000304968
126,248,20,6,11,14,4,5,642,2862,2.41346737354393,2.43612739065064,0.38236771914267,200,-3.12972062696569,200,-2.80667217626946,200,-2.40124298607693
156,171,22,5,12,24,4,9,587,2784,2.16843258946533,3.31469770887269,0.443375117509599,200,-3.41881114120855,200,-3.2316968047862,200,-3.0139288660071
104,272,12,6,13,13,6,8,1704,2327,3.02968135088081,1.9009264967717,0.27985207232737,56,-0.119247956569239,20,0.569549364029547,15,0.749516731475292
180,189,19,5,12,14,6,9,1991,22,2.58954706400032,2.86849936464203,0.250529296128983,200,-2.57195139565761,200,-2.66161565502339,200,-2.77330637976826
133,208,23,4,8,10,5,6,3152,1033,3.1890391370594,1.67262098186983,0.473873800962205,200,-2.7034427473516,200,-2.67531414483535,200,-2.6269972798643
140,215,14,4,12,25,3,7,2058,865,2.7675143739521,3.5843132398404,0.455234254329438,6,1.16446065315313,6,1.13695307271024,7,1.09720635946402
114,197,15,5,7,24,3,11,1029,2983,2.85358252733345,2.30624118068589,0.421126926868195,200,-2.10991268235741,200,-1.73573676621533,200,-1.29451532771086
128,186,28,3,12,14,6,8,141,435,3.16369333475227,3.42705413320435,0.462586296527619,14,0.668191091958939,30,0.135419967394665,68,-0.381479015609018
93,252,10,3,12,12,3,11,3187,3360,1.7514654135644,1.80002094426526,0.222932557194466,82,-1.3333410159976,49,-0.791848563103668,26,-0.207377032151101
95,251,22,5,8,16,3,11,3011,1367,3.51706638544197,3.04214259603394,0.244271335928674,200,-1.35055723474212,52,-0.176170335060957,14,0.754191281349859
97,220,26,3,14,18,3,7,543,2428,3.19198277204628,3.48294230916871,0.202101914017434,171,-3.83126983683619,166,-3.63109105070688,161,-3.40603195149708
95,281,26,4,13,17,3,6,1528,739,3.52207925527687,2.93556567647828,0.303686101167436,6,1.14988956518067,8,0.85665925036848,13,0.393730085876024
171,200,22,3,9,10,3,10,2900,907,3.29279532640572,2.58464035013093,0.28257700893187,27,-0.38099846939855,37,-0.690535573967016,46,-0.906481612748971
159,217,10,3,14,12,5,8,559,488,2.62773403137322,3.57636925199402,0.261371285646195,26,0.120240092762106,63,-0.506943364904251,125,-1.01976274721727
87,222,26,5,12,5,6,7,397,720,2.78388908117409,2.58764156320466,0.428270114391084,107,-0.401844521375208,200,-0.993227054024456,200,-1.60701588571712
173,213,15,5,10,12,6,12,665,1820,2.11820005982513,2.6440330407895,0.187625935851569,200,-2.94578136765994,200,-2.25883892668021,200,-1.25781965703034
141,206,11,4,12,11,5,7,1478,2944,1.75393319114442,2.51029213884247,0.407848239867921,200,-2.20684949325727,200,-1.93920982147689,200,-1.60769307606331
146,219,19,4,8,23,5,7,1448,1982,2.75896384924049,2.7312527559079,0.327940780847306,106,-0.934490940348678,58,-0.457940738395227,27,0.111716848641199
114,265,10,3,13,6,4,7,3140,806,2.42539032905693,2.80513593175782,0.330497641294236,95,-0.681970280469936,117,-0.833625694578609,133,-0.933410283946002
161,175,12,6,8,13,6,12,2816,2989,2.243489947015,2.27650186040772,0.210539481966729,200,-4.23475950283607,200,-3.63865605622601,200,-2.907060133603
187,202,27,4,10,13,5,11,1421,2004,2.30993422477837,2.48213663318528,0.247542441814179,200,-1.82703908220223,163,-1.37424682857636,81,-0.770365924846794
136,246,18,5,7,15,6,7,1002,3135,2.50294991939659,2.26062109687699,0.303864664762254,200,-3.34373913839487,200,-2.9815196323305,200,-2.52151781895165
109,185,19,6,9,11,4,10,2839,823,3.15761568754311,1.65687414997591,0.441093058316941,200,-3.10838328402629,200,-3.06461634122963,200,-3.00875754426963
148,213,17,4,14,23,6,11,429,1950,2.40394934623833,2.59543862560166,0.295983342259164,200,-2.47538114270043,200,-1.99464955167441,191,-1.38315408530791
94,258,21,6,8,19,4,10,2160,2833,2.26496085136528,3.48154303052796,0.362305367915864,200,-3.41379439417198,200,-3.19255924806269,200,-2.97045877095627
127,186,24,4,7,11,4,6,2073,3044,2.71243854969139,3.47306915738953,0.253418518035645,200,-3.77760408754608,200,-3.48086876804337,200,-3.17561225286959
160,235,19,5,14,8,6,5,1015,3121,1.92143240182991,3.04915997007264,0.390713126390214,200,-4.85171917679823,200,-4.67835108987159,200,-4.47274455721576
173,240,26,5,13,23,5,8,1189,1721,3.64689388483162,3.10900064924134,0.252420986621613,200,-3.031076797673,200,-2.63605729755624,200,-2.16331577550443
109,186,10,3,12,10,5,10,1575,1699,2.92546501367683,2.094270553378,0.19334734696054,9,1.1133221778792,17,0.515479967706108,55,-0.358577111646086
121,210,11,6,14,18,6,5,1910,77,1.86955333858128,3.51528402784241,0.456528044669862,63,-0.216895302741826,91,-0.4514287907311,139,-0.72734054419018
121,172,27,3,12,8,3,10,1568,1898,3.43871989458199,2.95207532861603,0.280652193157906,83,-1.35388909735057,55,-0.889975792162983,30,-0.332890483857496
111,282,19,4,9,23,4,10,2791,2447,3.70624211042519,2.97356983640565,0.323875776856179,200,-2.94781201648157,200,-2.4655976438121,200,-1.92280640864684
180,250,21,3,12,21,6,6,2484,3182,3.39119711130257,1.62264841229988,0.299735305636163,200,-2.02154381013001,180,-1.13419820542834,61,-0.345867799766381
116,277,19,6,8,21,3,11,2530,3363,3.10127260892983,3.05623110750092,0.308518020241494,200,-4.59322264435351,200,-4.23472307297995,200,-3.85296938172438
112,178,28,6,8,23,3,8,2899,2117,2.66875883548851,3.36935171106232,0.419459093539948,200,-1.92255347459149,200,-1.35672194224947,176,-0.889993797886773
97,247,24,6,13,6,4,12,2308,774,3.36884894579048,3.00283953168763,0.412953592269654,29,0.125660793335432,47,-0.203185356626264,70,-0.46683996298327
185,189,9,6,14,23,3,9,211,2900,3.61638262479897,3.09385987737549,0.227199312477345,200,-5.50930974116804,200,-5.28037735391163,200,-5.01880666269146
169,187,14,6,9,21,3,8,2406,629,2.74933817594643,3.35966118791474,0.317890382735963,47,0.036335070662533,85,-0.328390851446243,135,-0.618312517997764
94,224,12,3,10,20,3,6,300,47,2.57640012710686,3.20214196660889,0.41033648940825,64,-1.02354635634764,74,-1.16616908714536,84,-1.3064069767791
79,207,27,4,7,9,3,7,1523,55,2.27226397007103,2.81526669481171,0.197312385021682,200,-2.34748089540874,200,-2.49739936441064,200,-2.65860359418239
139,247,20,5,12,24,5,11,2092,3349,3.50319948404427,2.45941421010865,0.461644662349458,200,-2.42931806878208,200,-2.0858173265391,200,-1.75732006971478
104,244,24,3,12,11,5,7,2525,3124,2.60117628782387,2.81039127328766,0.392217201917405,200,-3.01930094651556,200,-2.65993329376577,200,-2.30901637455568
143,189,26,3,8,19,3,10,2912,3097,3.48974707334633,3.0800008437909,0.319278577893014,128,-3.10773112020486,116,-2.72495729219112,101,-2.30781282042639
102,217,13,4,12,21,6,12,780,1876,2.81442096441383,2.97771378972901,0.291864524214501,200,-2.09201830870761,200,-1.62737875579268,145,-1.06667061717146
119,214,18,4,9,13,5,10,597,2190,2.53530487030144,2.43935224035157,0.399215675323243,110,-0.909002175349901,54,-0.36701343961297,21,0.303429753209816
138,227,14,3,11,19,4,8,1181,1902,2.95483460634346,2.99075677612198,0.32587362471127,73,-0.967867233820183,45,-0.545120529244393,23,-0.022257045538556
114,209,21,3,8,14,4,8,1278,769,3.18337764948006,2.98377713182343,0.357229358880753,7,0.992646033865389,10,0.664529260117848,17,0.292899094190338
152,237,20,4,10,17,4,9,1729,1742,2.88498803585167,2.39532973983658,0.258012722982998,27,-0.005266635060979,11,0.713479670186456,7,1.10664138750948
125,205,14,3,10,15,3,9,1449,2189,2.66426756590004,2.28901558735741,0.33172493967318,13,0.336910095727585,8,0.780073451134436,5,1.12082664867912
136,247,16,4,9,15,5,7,1438,1082,2.62048795431252,2.29713753977193,0.375574899642701,13,0.643910523475337,21,0.279474736182676,38,-0.12215038708685
114,253,20,3,12,11,3,7,492,1625,2.61671772211189,2.82969930389298,0.395424042074914,32,-0.335345346199235,17,0.196801227664671,8,0.768047412596801
108,249,20,4,9,19,4,10,399,2170,3.20540752618904,2.16693049290551,0.344907988040681,59,-0.59751323889491,24,0.108022682823492,10,0.815059580403457
162,248,14,4,11,19,3,10,1766,1810,2.27126727610226,2.41226267435921,0.394351399867768,18,0.359242247233322,12,0.65968364488511,8,0.911182207360102
130,249,15,3,10,11,3,10,1121,1809,2.52348243802185,3.00846251466645,0.344062823980088,33,-0.486915522868351,21,-0.07613638255481,11,0.420941131412332
110,214,15,3,11,17,4,9,582,872,3.05280646293755,2.1319867362581,0.364811811774011,39,-0.419398423293653,60,-0.768217027345052,85,-1.07786887736991
132,212,16,3,9,11,4,8,752,1582,2.85991373270149,2.46562543132676,0.392427728502984,5,1.33279313049076,5,1.40809454864031,5,1.31886492474285
152,231,15,3,10,17,3,9,1111,2014,2.39317206650372,2.96356251457108,0.329270459144349,54,-1.0756066856954,40,-0.751896122909791,26,-0.342696430769302
141,197,20,4,10,15,3,9,438,1805,3.08309784143562,2.70594086864365,0.304081601827378,96,-1.01577660028963,49,-0.416817809306266,18,0.363651458837688
160,197,22,4,11,16,3,9,1151,611,2.80739369600411,2.84853002050294,0.252355146492804,16,0.296478413337411,35,-0.267734582991761,62,-0.747571815818649
122,206,15,4,9,13,3,8,866,688,2.35581070541735,2.35000210621728,0.388191063134904,51,-0.382169058624546,77,-0.710064719289497,110,-1.01173549444823
123,220,19,4,11,16,5,8,1582,2378,2.55874132722015,2.13054299068971,0.364734760849709,63,-0.500280901510115,33,-0.043581166188801,17,0.431524152851868
162,201,16,4,12,14,5,10,1060,1922,3.15343698471184,2.53636988618744,0.266140052108998,144,-1.19282481240067,65,-0.550091332016639,21,0.275858705936741
128,236,17,4,11,17,4,10,1610,645,2.23700047175731,2.89488651969803,0.291928521721597,8,0.871676482075781,15,0.39765125278424,30,-0.114907204630628
151,215,19,3,10,12,4,10,1662,1958,2.42270963996048,2.25582262494935,0.295432599811787,14,0.382531542573187,8,0.879925903478303,6,1.17858586766535
154,230,17,4,12,18,3,8,2094,1658,3.21461298673744,2.96150675037278,0.25788287780338,110,-1.25802244262053,56,-0.59756765657288,21,0.19045567123118
108,202,14,4,10,11,5,8,1655,1901,3.00216558187599,2.89135691144837,0.327961997120614,72,-0.476887772499407,31,0.118266353554215,14,0.690884798897365
121,207,14,4,12,19,4,10,1438,1622,2.87134596317406,2.67571606853379,0.379916037051911,12,0.698197455461706,8,1.00909881266643,6,1.19156155133068
131,219,20,4,10,13,3,9,1073,1796,2.49922069519157,2.59463327744378,0.338509730427499,35,-0.194502920563349,17,0.365619977248708,8,0.915814864045545
116,200,15,3,9,17,4,9,1147,1930,3.17659833639259,2.56775647023095,0.383725453346009,12,0.524157146383406,7,0.922632547232714,6,1.19357343913737
109,245,20,4,9,11,3,8,1244,844,2.93636706083412,2.78601535776032,0.297578979461427,7,0.989146068280359,13,0.520660632596078,25,0.007263504687096
155,202,15,3,10,12,4,7,1366,2082,2.76996227710838,2.65689780929459,0.288961216240163,81,-0.861230318660859,42,-0.333977058804527,18,0.307691269925282
134,211,17,4,11,11,4,10,1083,1871,2.92823525875206,2.647298064021,0.326774963169331,57,-0.503373365590907,26,0.081852713093701,11,0.713899869642229
113,218,21,4,10,19,4,10,1530,2405,2.81989785640831,2.91431197145356,0.352258358328576,200,-1.84507793216128,163,-1.56603987141054,120,-1.24823614360767
144,253,18,4,9,11,4,9,1471,2380,3.09707501142616,2.8195821306981,0.279402538566823,200,-2.23318631601597,200,-1.85791934280459,169,-1.43905997923239
153,244,14,3,9,14,4,7,1001,2155,3.10993775337334,2.19114723422898,0.266884527160759,31,-0.143875174392489,12,0.612430238366343,7,1.12200854262601
111,249,17,4,12,15,4,10,1883,2440,2.4985989293396,2.8282913229741,0.298986151247258,200,-2.12003869600735,200,-1.81072387043433,154,-1.47698248410957
146,253,14,4,9,12,5,7,1482,664,2.56667437761421,2.59817176678551,0.363057360975976,39,-0.107891008247182,61,-0.413442472017399,94,-0.720558922870341
158,249,19,3,10,12,4,8,1678,1433,2.59692325800057,2.77203699567689,0.32909897658133,8,0.870202524935484,6,1.15466170919299,5,1.29043611805497
130,230,14,4,12,18,4,8,336,1711,2.95448031633492,2.17094358795656,0.369101781575913,6,1.21243926247129,6,1.2888495716447,7,1.0197117500689
138,223,20,3,10,12,4,8,1207,1239,2.94030198066826,2.81619014957322,0.327268127529855,5,1.29090531657919,5,1.38583723971238,5,1.31188411849524
127,208,15,3,9,11,3,10,1453,2249,2.92982825248833,2.47971617796792,0.303297981052632,32,-0.400932066163097,18,0.105338599363384,9,0.651248243708582
123,214,20,3,10,19,3,8,1938,545,2.42314785330887,3.08352431276215,0.336894209115739,6,0.880576279470096,7,0.657284235396651,10,0.404673717136301
142,242,17,3,10,15,4,10,1959,1927,2.70804512112732,2.85020801046265,0.302070083647008,65,-0.877036346344826,36,-0.378237347162843,18,0.174924974397064
135,225,18,4,11,18,5,9,1708,1094,2.34435516952868,2.2179180643834,0.264276246531839,13,0.546646820335283,29,-0.033945424048545,63,-0.589365322780607
163,201,19,4,9,17,3,8,1191,2290,2.80880710094566,2.60319709399117,0.367528058021302,110,-1.08481191436755,74,-0.720239783750976,43,-0.270312881648064
133,235,15,3,11,16,3,7,2277,495,2.46341792851086,2.71522983529938,0.29458290281796,28,-0.375361641211052,32,-0.502588009411186,37,-0.634743279155841
132,231,17,3,12,13,3,7,1955,1215,3.19977953642006,2.23253525414837,0.341150749652619,10,0.544498074278314,14,0.233924236371445,20,-0.044581294184507
163,234,15,3,9,15,3,9,1902,905,3.18444791048164,2.76871099689377,0.252316061119522,7,0.79384364533314,12,0.361646625551785,19,-0.040397412131581
118,211,23,3,11,12,4,8,498,1816,2.70642307012672,2.29103317478074,0.372881917088265,17,0.336946316193313,8,0.908125412588591,6,1.18244936714709
116,221,22,4,9,19,5,10,2064,485,2.52967360227699,2.19988983490838,0.327343104212518,146,-1.28332357001445,163,-1.38594669207058,185,-1.50387040408707
128,220,21,4,11,14,3,9,1304,1750,3.14238580673332,2.95647587993516,0.277690050928826,104,-1.23634117993292,64,-0.762864088983221,32,-0.163101894892771
159,211,16,3,11,13,5,10,1621,1211,2.61507460086937,2.68286880472077,0.32251848074698,5,1.36058910170755,5,1.31592925235406,7,1.1144779567822
119,207,23,4,11,15,3,10,406,2221,3.20753582924004,2.42299082496537,0.315418257742162,138,-1.61094072969929,95,-1.16275157557391,51,-0.56491884017824
160,212,18,3,12,12,5,7,516,1195,3.12563421934242,2.89215555408372,0.343771187393899,8,1.14703220793627,6,1.33640290251272,7,1.25415509187722
133,248,18,4,9,15,5,9,966,1163,3.09284302204247,2.73575999954117,0.299047059743638,6,1.37881039979559,6,1.32648594390185,8,0.969547925491741
164,241,21,3,11,13,3,7,1368,1483,2.631852324897,2.19365704425944,0.300556562273736,4,1.32492179369117,4,1.25591380220194,6,0.955902815631758
133,231,21,4,11,15,3,7,768,1124,2.92364605873222,3.00327869871033,0.295219985573525,8,0.976156971459196,5,1.30492939175806,5,1.35587038884883
122,212,20,4,10,15,3,9,2215,1623,2.54674940913315,2.51864093163384,0.340201658933396,8,0.987425084706112,6,1.12950736719575,6,1.14542386959358
152,235,16,3,10,14,3,9,1052,1872,2.5866178831398,2.56742754199875,0.289807421891923,24,-0.27123583502505,13,0.290855421539255,7,0.876996471491938
130,249,17,3,11,13,3,9,307,2075,2.58035066335793,2.54568674781693,0.312200062899823,65,-1.26821025065829,43,-0.799717549376672,22,-0.170684392105368
121,229,13,4,9,16,3,7,1830,887,3.16710611789818,2.69306942441834,0.278996259896989,28,0.063465579024689,47,-0.30588766163006,70,-0.619186483892182
154,245,15,3,10,15,3,9,826,1815,3.01120349376793,2.98025604703797,0.397803054182763,24,-0.276592964167779,15,0.136260906793476,9,0.601999759793209
126,206,15,4,11,14,5,8,2198,2414,3.05395635574455,2.82949444272889,0.272293533562655,200,-2.59043219576166,200,-2.04935470043863,200,-1.45491232450399
130,226,16,3,12,14,4,10,1091,959,2.81862565487022,3.11279120662583,0.387345756023164,4,1.45849133393098,4,1.45166716614521,5,1.32979065595912
147,220,16,3,12,10,3,9,1285,2370,3.0747979542553,2.90795799711121,0.315039918749566,90,-1.58088703611891,71,-1.27436298871441,51,-0.914398239903214
113,232,22,4,11,13,4,9,813,1518,2.47678637116547,2.82350125530137,0.273495941041941,90,-0.921520217432001,39,-0.242755728004287,13,0.602569537555685
151,197,20,4,11,11,4,7,2099,2007,2.52850707977409,2.69296934821976,0.380091882674928,41,-0.248264499834338,24,0.136678161969687,15,0.492699122778632
156,244,18,4,12,18,4,8,897,1464,2.64403470962639,2.15014442422761,0.267170831738944,6,1.24838396043552,7,1.07912980861918,14,0.405928512659667
133,241,23,4,11,20,4,7,1338,907,2.77822145431633,3.09116777398957,0.38112304004931,5,1.3024478924223,5,1.32869001710576,5,1.23453417736172
141,250,16,3,9,19,3,9,840,1811,2.57105192154045,3.10613455989731,0.379441196649308,37,-0.697152427671335,26,-0.333295331790158,15,0.119382341438094
151,203,14,4,10,13,4,9,1443,1389,2.53712588160629,2.75634350994004,0.361391521423096,6,1.26849691668781,5,1.37652795304723,5,1.37057105517936
126,226,15,3,9,17,3,10,1557,837,2.79805543630714,2.9360959193982,0.297395587890382,5,1.2336376058521,6,0.941706546004248,9,0.563388886719078
138,244,17,4,11,18,4,8,1079,2315,2.64983620851631,2.31639629223717,0.263927169322009,190,-1.6911569155768,123,-1.23910589482002,61,-0.629205283744058
119,248,18,3,11,20,3,9,1200,1865,3.07275047510262,2.63091083982361,0.396915350287194,13,0.15540291028328,9,0.543330312814162,6,0.902674615632053
147,221,20,4,10,20,3,8,1115,808,3.09711816518898,2.59161138155831,0.338811005084748,10,0.691236144976971,18,0.246121483915086,33,-0.190250740576995
147,254,18,3,11,15,5,10,520,1199,2.98993816583748,2.42441197851075,0.281420798032517,6,1.28193544766428,8,0.953145940763973,21,0.164285166878814
111,207,15,4,12,16,3,10,1922,1392,2.31388846396799,3.09253593900574,0.347267223327393,11,0.702668776672837,8,1.01025108788239,6,1.22669032410919
159,220,17,4,10,17,4,10,1517,714,3.00512560814018,2.53063201525582,0.377441565125222,24,0.102301703932331,34,-0.162532360560721,48,-0.423651319041564
151,213,18,4,11,12,3,7,2064,951,3.12454565971489,2.91922166564835,0.343089718549485,7,1.05698301362664,9,0.771787426727309,14,0.460714953741059
121,250,22,4,12,12,5,7,1142,2093,3.18049546688194,2.23669462272299,0.359767765729661,100,-0.723007091897354,45,-0.156546654012464,20,0.410777061105406
141,212,16,3,12,17,4,7,1183,822,2.70542612283821,2.60982474306,0.359399212329621,8,0.864940296826829,12,0.472019893758653,22,0.043841504301889
142,214,15,3,10,19,4,8,593,1096,2.62545552461739,2.5862312279023,0.34877651128077,4,1.40143701036452,6,1.09117600713412,11,0.549483087584545
154,203,14,4,12,14,3,7,330,1617,2.36938839762802,2.20867943385018,0.368055541246171,5,1.35529958489326,6,1.30353248965512,9,0.892969200595222
154,209,22,3,12,19,5,7,730,1262,3.18912002056236,2.96281995990647,0.389428553908105,12,0.611979001132313,7,1.03339063701453,6,1.24679563116673
136,252,22,4,11,11,3,9,1729,2118,2.39691948502655,2.87066378810776,0.385337067573304,86,-1.1306741876538,66,-0.862806217063859,46,-0.548702282240493
138,220,16,3,10,12,3,10,1846,1954,2.30269734173412,3.10426601388825,0.391626060931916,26,-0.298208460111092,19,-0.017294799456722,13,0.30052381625029
154,238,22,4,9,15,4,10,1156,555,2.95035740345116,2.45548936345948,0.394212863772149,33,-0.214131717981336,48,-0.491637562414333,67,-0.761287907723259
125,224,15,4,11,15,3,8,1236,982,2.32538574545975,2.95050111034287,0.281301551490064,5,1.47779539856394,5,1.34590169732567,8,0.937826889486199
124,214,18,3,12,19,3,8,1099,903,2.52242290585632,2.78285285451783,0.341759727328057,4,1.44506832157651,4,1.24784923291739,6,0.881343767113155
123,233,14,3,10,15,3,7,729,751,3.03899284809227,2.49910050251855,0.320268035857911,20,-0.046186981246473,31,-0.415585981936899,45,-0.743578775996507
153,229,20,4,9,15,3,7,1444,687,2.65000462144013,2.63915636756791,0.359621567456956,14,0.433982565308813,22,0.107678411764709,35,-0.223138105908057
148,214,16,3,11,11,3,10,731,1745,2.61760714262123,2.45399936654938,0.2980803111484,11,0.446119012242528,6,1.00946714756874,5,1.30006261667574
152,246,14,3,12,13,5,7,1457,576,3.103277887994,3.09090032794846,0.398980150549645,15,0.492635951886685,23,0.221404496184765,35,-0.06114844537592
159,236,22,3,11,20,5,10,1713,2325,2.91916671007271,2.2100391722597,0.379286924927468,59,-0.670667977225313,35,-0.261884019113714,20,0.148939434557901
155,244,20,3,12,17,5,9,1550,1916,2.27130548267956,3.06759723642243,0.359375671475167,192,-1.61615785782638,147,-1.33939622080762,101,-0.999274310197952
126,197,14,3,9,13,4,7,2132,1303,2.7561521193325,3.0211395285405,0.336921835868592,5,1.38459166570764,5,1.38223740121106,6,1.29497346643277
153,251,15,4,10,19,3,8,898,1183,3.10709914177055,3.10700729110612,0.286277397899861,11,0.741211229015537,7,1.17887139277554,6,1.34858604354452
147,220,19,4,12,17,4,9,1634,824,2.68051972597237,2.91976788261307,0.323077748148675,5,1.29076165490743,6,1.06130445431018,10,0.692555114810444
151,253,21,3,12,17,4,8,770,1467,2.52037077754135,2.28498635807408,0.337738282411332,6,1.03776061687133,5,1.24544272439188,6,1.12128389453104
112,199,21,3,9,15,4,10,1637,1998,2.63618108242149,2.50108512857331,0.263596345662112,50,-0.591633218397883,23,0.017982980834712,10,0.674440347929718
131,207,20,4,12,20,3,10,1954,573,2.34439938872452,3.03838178136719,0.330428458183045,7,0.922355730077076,10,0.645128190133049,16,0.31898655547068
158,233,19,3,9,14,5,9,892,1474,2.84986558168526,2.51359295466317,0.274712195425267,9,0.906050568498296,6,1.25030769239835,6,1.23306090360345
112,215,23,3,10,19,5,7,1174,1677,3.06618550031776,2.3883584401883,0.275091236262555,19,0.348224488448389,9,0.947633012944933,7,1.16768737729516
144,206,14,4,10,12,3,8,1426,1825,2.67911567896004,2.68133231618775,0.333674699990983,23,0.247696382528749,12,0.741975281664288,7,1.11704694313899
114,234,22,4,12,20,3,9,1660,728,2.79424306362267,3.03825357177628,0.3620790073564,5,1.23816877349821,6,1.06133467412175,8,0.795132846027931
156,204,15,3,11,16,3,10,1779,2332,2.47934478133316,2.8456326387204,0.286247665612931,70,-1.42133131385985,55,-1.11020545251913,40,-0.754039460998025
163,225,15,3,9,17,5,8,2217,2053,2.85613432138557,3.08470502117051,0.310446331827874,189,-1.52986685330453,109,-1.0262843680415,54,-0.461995188683504
159,219,19,3,12,16,4,8,492,1285,2.87405016630287,2.2526981196679,0.368653942077393,5,1.29859621027703,7,0.962672166773037,13,0.385788588166047
150,245,14,3,11,14,3,8,1076,935,2.36328500121231,2.32528113940133,0.39231953713202,6,0.894783960714788,9,0.526893236874032,15,0.128438378620804
129,250,21,3,10,11,5,9,1972,1800,2.554898109132,2.66050979116334,0.265028700037832,126,-0.977999300232757,53,-0.324816518224043,19,0.383900597140423
125,239,17,3,9,17,3,10,780,1385,3.02560206859703,2.58436101296319,0.364948836891885,4,1.36441452998586,4,1.43488618235824,4,1.35105462398824
118,230,16,3,9,17,4,9,1803,1024,2.53083425372238,2.25075947859658,0.27869132178926,17,0.223362489543742,28,-0.161248436778418,44,-0.52278412976969
117,202,14,3,10,18,4,10,430,2418,2.57521092503662,2.83247986057175,0.363580651014085,164,-1.87002044329116,128,-1.56086219603677,89,-1.17546007388835
135,229,22,4,8,11,3,7,1101,671,2.23609712518151,2.6435880325116,0.397686342327828,12,0.579966658656457,21,0.172274671474414,36,-0.233673439265889
134,254,17,3,10,13,3,10,1661,894,2.40102238565083,2.36967604973687,0.371581626861329,6,0.823302087465715,8,0.568265450408929,12,0.272166362207771
110,212,15,4,9,14,5,8,2261,1235,2.72783451884384,2.19938489416016,0.288833163111443,41,-0.156512850552075,68,-0.515761545549205,102,-0.811396168492329
142,206,13,3,10,18,3,10,1556,697,2.30282841234798,2.41889163473023,0.275135465889211,21,-0.116708267114152,31,-0.441537422514765,43,-0.751345861001018
135,224,15,3,9,12,5,7,1778,2362,3.08071216552849,2.97950014093293,0.336735073654885,200,-1.76740877743748,200,-1.33260068808829,117,-0.873531441962579
149,214,16,3,10,19,4,10,542,2323,2.9477135798275,2.73754307248963,0.272711906759972,186,-2.26828890061067,152,-1.94599519473486,112,-1.54334357462803
128,250,15,4,10,12,3,10,1087,775,2.68690055220718,2.36436779418362,0.300535547166104,40,-0.296237159894642,65,-0.690171022506443,97,-1.04030841788965
140,250,20,4,10,19,4,10,1108,1366,2.44741281478996,2.88465711095704,0.383075840203996,17,0.338264835213933,9,0.811293670883371,6,1.16070715309558
121,203,22,3,12,11,3,10,1512,650,3.17842056959267,3.08237579086197,0.273080793200965,6,0.966391295222764,9,0.558061810082704,15,0.128296679927243
133,203,13,4,10,20,4,9,806,1156,2.87408771722908,2.3276719860114,0.359326882093186,9,0.950565325816408,17,0.437682898151866,37,-0.115171988873225
163,220,22,4,9,20,4,8,1440,1912,3.19655528276558,2.36753901460541,0.259785930245156,62,-0.633972277844307,24,0.110266084396692,10,0.817212996040069
139,218,16,4,9,16,3,10,530,489,2.56842851250763,2.82523592927826,0.310183855324025,72,-0.702355529322135,109,-1.05887647435287,148,-1.369117855182
150,223,14,3,10,15,5,7,964,2228,2.35877656548615,2.52409839251412,0.376998589365716,119,-0.991058863813087,66,-0.530766994944755,29,0.057835733173373
149,225,15,3,9,10,4,8,1324,2060,2.38125493734474,2.51242014387025,0.38675680550837,25,0.047218310707668,14,0.4949055951659,8,0.918677964746824
144,222,18,3,9,20,4,9,1136,1013,2.31395780652161,2.3315386436261,0.386304200618501,5,1.0986273274487,8,0.736404413998546,14,0.282324327273901
130,207,21,3,11,15,3,7,1298,1573,2.82371267288323,2.45087983825577,0.278006837694878,6,0.975165162905414,5,1.26926225536729,4,1.32428837048343
112,245,13,3,9,18,3,7,1183,516,2.63363796084518,2.98713227727784,0.353659982412095,11,0.422002906238718,17,0.115716449707677,24,-0.187271300000576
121,230,18,3,10,17,3,9,1252,1752,2.69757812827225,2.50441473343743,0.296066951184506,11,0.401051362889076,6,0.908433548861265,5,1.23822337055463
137,217,21,4,12,16,3,10,1548,534,2.52235263198013,3.04411723831071,0.257673073737855,9,0.701886039867135,18,0.184457506643751,34,-0.312254587241693
115,246,18,4,11,17,4,8,1981,1711,2.97455629318352,2.91260745742692,0.324967994718785,52,-0.490437225317035,24,0.10339928077288,12,0.651851722685487
119,225,17,4,10,18,3,10,893,1651,2.6667479237854,2.30518264689816,0.25860073695981,11,0.74854942961279,7,1.17748004367851,7,1.17602783706224
154,254,14,4,12,10,3,8,1570,2187,3.00224014728661,2.3317819795884,0.295366867809529,55,-0.548469285901366,25,0.054064356879642,11,0.671071902485878
143,197,21,4,12,17,4,9,1636,1696,2.91413208454247,2.71344706037415,0.377111143796677,23,0.113187545389821,13,0.527978135053309,8,0.863327665670937
155,197,21,3,11,19,3,7,1522,2364,2.75939818828697,2.21110093214882,0.272188889413113,37,-0.76565261433473,22,-0.264595272931404,11,0.332270967675275
117,230,20,4,11,15,4,9,2126,1380,3.09874686210747,2.95807316520585,0.314661830096478,14,0.532049465818553,8,1.01296932994951,6,1.19050913171253
117,230,22,4,12,15,3,9,1525,2021,3.18598386257286,2.46041124680413,0.351705966322655,42,-0.457139778692786,23,0.027150735003364,12,0.51550615974574
129,237,18,3,12,12,3,7,1604,2402,3.06379863231773,2.39775856950654,0.259971427350278,87,-1.45432923520378,59,-0.998676451130795,33,-0.443693320714489
116,215,15,3,10,19,3,8,1477,2328,2.96038356035347,3.10183569410218,0.400924439161057,50,-0.924012028395178,38,-0.648911010530072,27,-0.338854035153791
144,205,15,3,11,19,4,9,2163,776,2.26135716944332,2.77924540260209,0.314789485364194,7,0.890561634284127,9,0.62911614849562,13,0.330000763009917
137,236,20,4,10,17,3,8,2156,2173,2.44286708145733,2.88628944375886,0.272799699931378,165,-1.76962678812842,122,-1.39061779040894,82,-0.968136318324077
161,205,21,4,11,18,3,8,2006,1383,3.17099931448097,2.84534594037903,0.347563670008416,8,0.886886206699049,6,1.11466391757508,6,1.15714330273396
123,234,20,3,10,14,4,10,2128,1602,2.24785700424905,3.02567246177567,0.363682387202019,20,0.124811744704786,12,0.476228406641432,8,0.800705607031457
156,251,22,4,10,15,3,8,700,752,2.35544434546824,2.88845273473633,0.304628477423425,5,1.28527370747251,8,0.799659858585316,20,0.111313116621552
135,226,16,4,10,13,5,9,731,2279,2.81178345888252,2.61630960920228,0.278985774694915,200,-2.27543704105216,200,-1.83081402320338,177,-1.28698920930844
108,222,14,4,10,14,4,7,2281,1594,2.24602374139572,3.0676306150235,0.327642242043252,17,0.458367935113665,10,0.858505479251922,7,1.13356462511003
158,221,16,3,11,19,5,10,556,1507,2.48323812692757,2.24777097621335,0.341519678561921,5,1.26062830455417,5,1.30643562723282,7,0.98729624062373
121,235,20,4,12,20,3,9,2052,2454,2.37492172031994,2.90231957652939,0.337699157922501,150,-1.82246939969438,125,-1.56298883457845,100,-1.28729059883867
115,207,19,4,11,13,3,7,1326,1902,3.12517168729897,3.05344733217133,0.376393885343308,66,-0.718683177362732,41,-0.319230293246172,22,0.142954081787981
132,251,18,3,9,13,5,8,2093,866,2.99448981493111,2.28246558823956,0.283570932774777,124,-1.00235266460241,162,-1.22324286829225,200,-1.4136371037866
151,203,17,4,10,17,4,10,1125,1145,2.43422525733109,2.13757305027319,0.298777819602723,14,0.525561817408504,32,-0.090174266602573,66,-0.646885275391188
114,209,15,3,12,13,5,8,356,1761,2.49278324454422,2.50265943625344,0.379589960901971,25,0.205929413153862,10,0.86323131706197,7,1.22415413408004
109,223,18,3,10,11,4,10,366,832,2.28375354393716,2.74311294772996,0.286798501937623,13,0.516477932971718,34,-0.212815311227603,74,-0.817810697472545
140,237,16,3,9,16,3,7,480,1021,2.84688570707436,2.23679892340077,0.393060211270089,9,0.530996867193883,16,0.098896481267486,26,-0.298044523591908
109,249,17,3,10,17,5,8,872,1551,2.39526280372734,2.54871224978341,0.369959569900269,10,0.796588845219643,7,1.17185208749605,6,1.31972563052241
142,254,17,3,11,15,3,7,302,1505,2.26261537879105,3.05335548141373,0.271673377781148,57,-1.0978538535836,33,-0.539668840023858,14,0.221858566620251
145,239,20,4,9,12,4,7,1308,2267,3.16247650592918,2.97742619731797,0.373586247294183,200,-1.57673738367734,144,-1.24966281563898,91,-0.864714402533346
117,198,21,4,10,12,4,10,1768,522,2.6695447525322,2.69880553701295,0.280160575537915,65,-0.656343151305988,88,-0.901192153910914,117,-1.13857025761022
116,242,15,3,11,15,5,10,1543,643,3.06434788911934,2.3889100811757,0.32861094865107,76,-0.72773461984736,101,-0.948971918315475,130,-1.16311141672411
109,234,22,3,12,15,5,7,1102,488,2.76099970548744,2.23614332446231,0.301845023958917,200,-1.49827322553334,200,-1.77868925035301,200,-2.05429796898791
150,246,17,3,11,15,4,8,1769,1120,2.94640317171211,2.26807280996216,0.383850050895448,11,0.558185353082608,15,0.303933044826634,22,0.044212482581152
142,209,16,3,9,12,3,9,2126,1972,3.15679129570122,2.70771917322053,0.350317717521424,13,0.30952958568647,8,0.793849090808409,6,1.093334027899
138,225,22,4,9,11,4,8,1360,928,2.46908942967053,2.16450591379179,0.323237844734425,32,-0.105911590195273,56,-0.520674552195638,93,-0.906155611673917
118,253,14,4,11,18,3,10,964,2147,3.21646335332985,2.47877809026612,0.290102160899873,118,-1.23371046497119,71,-0.73658527860435,32,-0.086490633997851
122,220,21,3,12,12,4,9,1321,1025,3.15282091110344,2.5947710833825,0.282094220249886,6,1.19471118080718,9,0.799629570497258,19,0.226793517195447
148,204,18,3,10,16,4,10,511,1781,2.47974286585445,3.02455445745362,0.33197636100554,97,-1.29635098860513,62,-0.862289982356967,31,-0.28559622087357
132,229,13,3,10,19,5,9,1327,800,2.49541836588974,2.39656787732018,0.294519553511376,29,-0.089961803296778,53,-0.521572527547509,88,-0.913971637634959
108,216,18,4,11,11,5,7,342,981,3.01387258976097,2.26026515283955,0.2765714758923,128,-0.881639482561222,200,-1.43539924716298,200,-1.9272937274102
142,238,18,4,11,14,4,10,1766,1126,2.57991855948563,2.16529275098218,0.308048588960404,13,0.476889824218634,23,0.062975639322027,40,-0.343829470285578
134,196,22,4,12,10,5,10,1276,1199,3.01163062065239,2.12264816829337,0.377116776435609,17,0.440315832088755,30,0.036193833344139,55,-0.378617928291889
164,231,22,3,9,14,3,8,1977,1176,3.13988133876915,3.07370462634934,0.336961997478242,4,1.27336988763549,4,1.35675819824935,4,1.32318442135104
114,217,18,4,11,18,4,10,667,1429,2.88556697576637,2.32328489044083,0.253321689032922,7,1.21623779824749,7,1.18339525418033,12,0.594010809994344
163,252,13,4,9,11,4,9,1918,608,2.51695900767441,3.09096917131318,0.320000905721421,16,0.436197420985502,24,0.144668600392656,37,-0.153048676124623
147,241,19,3,9,12,3,8,2064,2362,2.6372847816288,2.7687951586522,0.272522189646001,86,-1.54247867957806,63,-1.14661274890553,41,-0.703132566255501
121,215,16,4,11,17,3,8,1093,1134,2.4011810234129,2.4479917249955,0.322390731601949,5,1.31414521599324,8,0.949017178301076,16,0.371903226879184
136,254,16,3,10,11,3,10,881,1348,2.55108549802895,2.24411411204709,0.396184439389939,4,1.39071607381012,5,1.19599067060954,7,0.837218339668635
153,248,18,3,11,19,4,7,484,2026,2.7375968953907,2.36362914362324,0.379063470094437,45,-0.541917347888498,21,0.052550292728561,9,0.704346764991327
157,218,19,3,12,14,4,8,722,638,2.95193734377022,2.37657001235856,0.367898345916505,35,-0.320744016442927,55,-0.675934604449421,80,-0.99494357471557
131,228,15,3,12,14,3,8,1897,2323,3.22558715551491,2.33165239909066,0.311018947689767,31,-0.449959430486088,16,0.136160024516686,8,0.690325447187534
132,222,13,3,10,19,4,10,789,1443,2.23567248306568,2.57743653276337,0.360436717598672,5,1.24065971639032,4,1.41822711210888,4,1.4096889328325
164,215,16,4,12,13,5,8,1127,1014,2.64524408786888,2.89064511278046,0.38166337105536,5,1.41071057844052,6,1.33286443506602,7,1.08888177453364
119,213,19,4,9,13,3,7,2183,1617,3.11116590707893,2.80457004526032,0.282263941495652,20,0.305193297501147,9,0.953781717434184,6,1.22413853769981
136,215,10,3,8,19,4,9,277,551,2.38684535942371,3.02780791738404,0.429051844208474,18,0.216854613525395,29,-0.155746377051559,44,-0.493711137275731
120,236,14,4,10,16,4,10,305,701,2.72967208347614,2.59541359165085,0.307102848767276,63,-0.604395411538552,109,-1.04766456961029,162,-1.4162439757235
127,251,13,3,11,20,4,8,801,2412,2.47305346451099,2.88088383891953,0.407656998365159,138,-1.62998818900248,108,-1.35750733377596,77,-1.02145624210662
145,216,12,4,8,21,5,9,861,1002,2.13429314813907,2.83581134298218,0.38489267024302,5,1.47504071715833,7,1.26726413444923,11,0.803733317767267
117,240,13,4,9,22,3,9,495,1498,2.07648063621814,2.43160682537926,0.386773792832131,6,1.24518738048505,5,1.37668013244916,6,1.23165597128769
146,219,12,3,10,22,4,8,198,2082,2.23041794619854,2.67110690095795,0.326456021695371,118,-1.50552145834326,76,-1.04220806704604,37,-0.414184242199867
129,210,16,4,10,15,4,10,686,917,2.41885645113285,2.56722059467209,0.396903915136094,7,1.01108917020446,14,0.520711525858532,29,-0.018788319635063
133,212,15,3,9,15,3,8,1449,1051,1.86850793085392,2.28372127929104,0.432949773400063,5,1.21462880090171,6,0.95894433767721,9,0.596484993320907
145,202,13,4,11,22,6,10,1447,2347,2.44811917267139,2.23477159061802,0.393108410566087,91,-0.712281143559911,50,-0.290261088733564,25,0.194905065461987
143,223,12,3,10,19,3,10,528,1587,1.97062807700927,2.69221868732346,0.290677415384884,20,0.009125155034758,9,0.69598591140391,6,1.16387239094193
107,245,18,3,8,22,3,10,1747,1068,2.65522325954731,2.76853587844742,0.311354930131669,4,1.42072451646024,4,1.30369675054403,5,1.06955472038765
107,246,9,3,10,18,4,8,841,718,1.95448338411148,2.43413629749192,0.354323507278199,36,-0.301166793389108,59,-0.689578984886148,88,-1.03613818641774
104,200,12,4,10,24,4,11,329,683,2.68165422401722,2.55492841818703,0.354844441442723,69,-0.556256813476844,112,-0.950897343243441,163,-1.28795041233115
115,212,11,3,9,19,5,10,232,1176,2.5157591792136,2.6745516917981,0.307163468926186,6,1.38279509569116,8,1.03757024985833,17,0.32304056962136
128,221,15,4,9,16,3,10,1219,1477,2.53042603454883,2.60521676757706,0.369630123107667,7,1.16741612404363,6,1.32722342568967,5,1.34777700754926
138,235,10,4,8,15,3,9,991,2099,2.31642378292377,2.86613002040757,0.38740811738276,133,-0.974423710011932,82,-0.57849174208152,41,-0.073156239318317
147,236,11,3,8,15,5,10,737,2301,1.97887375376518,2.70865282037629,0.400133196442361,170,-1.43908365020628,113,-1.06781400559589,61,-0.581528575841342
140,244,16,3,9,18,5,10,498,2051,2.28448934278781,2.09660068148149,0.36122223827147,19,0.234232348581777,8,0.894187956463955,6,1.21676093827405
129,240,11,3,10,18,3,8,1724,820,2.39964909277256,2.35362612822426,0.343801947860951,13,0.322130347355897,18,0.071241145164269,24,-0.193360324722588
152,225,15,3,9,20,5,9,1445,1151,2.26473731718357,2.66933896758927,0.353059225707288,4,1.43457734811717,5,1.3885561227737,6,1.1897943438613
115,233,15,3,8,18,3,9,1728,1319,1.76337985492642,2.52936306217087,0.335649404852624,4,1.47921704098766,4,1.48409786759965,4,1.34376513991758
115,225,15,4,11,19,3,9,1050,1429,2.29307384214695,2.19027106085194,0.366174293487306,5,1.34988474245786,6,1.16879147055576,10,0.735671149710642
155,216,16,4,11,16,5,10,890,1661,2.45170707426364,2.9420761726178,0.315486184685464,128,-1.11707854820862,67,-0.590514442290802,26,0.107734236586043
143,218,12,3,8,15,5,8,1103,927,2.02660749278362,2.66873994090928,0.324929165272946,8,0.992743786191414,16,0.430120139944988,37,-0.180396450027963
137,197,11,4,11,21,4,11,248,2071,2.0860824676543,2.18985753872765,0.369789088695283,56,-0.34303247452852,19,0.438294825976727,9,1.0314629967857
109,208,10,3,8,24,4,11,112,589,2.18299973926837,3.07140478113068,0.408888829677339,15,0.322388892943282,27,-0.116916913408146,43,-0.503999523463242
159,212,15,4,11,22,5,10,1753,1845,2.68290621958072,2.82822456577195,0.375785685508485,62,-0.550705160610654,37,-0.150492144089624,21,0.273709179518234
138,213,10,3,10,19,3,10,743,1777,2.2862515541106,3.03909346082581,0.314627500056262,53,-0.831115350886964,34,-0.386936150761804,17,0.189244581448214
125,198,11,4,11,16,3,9,820,1114,2.32169664821918,2.60075565793885,0.308143342464204,6,1.30613528047487,11,0.827653457649021,27,0.129296852387067
108,229,13,4,10,22,4,9,1188,567,1.74412166684265,2.82326653221024,0.368396762936349,17,0.384734331178797,35,-0.123749506441608,65,-0.588670334021746
123,225,13,3,10,19,5,9,861,1851,2.69157088718708,3.03756615140809,0.289863870377625,177,-1.51028986498184,111,-1.07394702700328,54,-0.49166656802502
137,240,14,4,8,14,5,10,747,832,2.33804346046741,2.45697357871903,0.354750506012673,30,0.036170880910034,61,-0.478982764266304,111,-0.926975464517888
107,238,8,4,11,16,4,11,149,1661,1.76521000064309,2.55352934816254,0.346400150089497,20,0.466760881634751,9,1.10244045974115,7,1.29705028597227
148,218,11,3,8,22,4,11,38,988,2.27538658104236,2.73749592521561,0.397576049893136,5,1.32047537867102,8,0.905390123528265,15,0.319681230481867
159,211,13,4,11,19,4,11,1683,2222,1.99548716268833,2.31809544184579,0.386459285943742,69,-0.59861779858096,43,-0.229543895090982,23,0.224111594032748
154,239,17,3,8,17,5,9,1717,2335,2.26266700945194,2.24401719489468,0.3887870857408,40,-0.273666980909558,23,0.105072155839694,13,0.51596398280568
138,244,11,3,10,17,6,8,912,740,2.44206930122669,2.49113684513939,0.398517183392281,37,-0.036641680096203,72,-0.470116393126923,127,-0.868897101336939
142,203,10,3,9,22,6,8,1230,1669,2.27479655466373,3.07555469491852,0.337090528934235,71,-0.505686833947597,32,0.04423910270625,14,0.663733167328684
155,219,14,4,11,22,3,8,570,1055,1.89746267519291,2.63733979680909,0.379882294862504,5,1.43476829782512,6,1.19305199319194,12,0.620352158921378
110,240,16,3,8,24,3,9,684,1537,2.59633005581195,2.2756962589301,0.3426758179357,4,1.40237636523368,4,1.38458328093255,5,1.12157426579249
123,228,15,4,8,22,3,9,405,1535,1.90570136330421,3.06548395374192,0.308742621718879,120,-1.04382085939414,59,-0.424788709161106,20,0.387208058004899
116,220,18,3,8,21,3,10,57,2067,1.9818174483567,3.00057264783753,0.295393683194156,109,-2.12814261127454,92,-1.804153020606,71,-1.3980022957433
151,224,16,4,9,15,5,8,1349,991,2.47902435980136,2.237396862296,0.334924081890817,22,0.215683454918189,43,-0.238512050256269,78,-0.670848664818841
152,228,11,3,8,19,4,9,1606,1350,2.49023039064701,2.18922213831318,0.390104291765923,6,1.09110618135015,7,0.890804288454919,10,0.609861779594595
156,229,17,3,8,18,5,9,655,1647,2.54789257965381,2.5353585145749,0.408266002862687,10,0.767309153532303,6,1.1577996325571,5,1.34140469486411
111,228,11,4,8,16,5,10,766,607,1.86716256461437,2.60437717655076,0.352711615889306,99,-0.770326659332166,160,-1.14876501819787,200,-1.48721340564031
124,236,17,4,8,20,3,9,297,1496,2.55941332302387,2.98837086179627,0.294005357838209,79,-0.732711895458657,32,-0.005606512169975,12,0.784895226345
138,248,10,3,11,21,6,9,79,1365,2.04693655095394,2.77756639936341,0.317131648390527,18,0.512399072324655,8,1.13065784099824,7,1.24134066508378
109,232,12,3,8,14,5,11,911,467,2.00375936351116,2.5174876711644,0.326726200609441,130,-1.15666736950629,178,-1.43836170336678,200,-1.70273280557364
140,199,18,4,10,19,6,11,473,1794,2.36623842439945,2.33914455392731,0.36022056284451,42,-0.142368636965015,14,0.638628268860105,8,1.12085341501523
126,238,15,3,10,24,5,11,610,1613,2.31518817863758,2.56732445576562,0.361023772685761,19,0.158322987900173,9,0.795313717829844,5,1.21084325062883
149,228,8,3,10,23,4,10,1424,731,2.70518232307727,2.32993769266976,0.412510527103181,19,0.132883669570971,25,-0.085507694426899,34,-0.316938771648389
156,207,11,3,8,24,5,11,1746,1745,2.52135981045063,2.53958928206338,0.325213381080861,12,0.540561745269347,8,0.92864661937506,6,1.17377289266496
116,231,9,3,9,22,4,11,106,1658,2.66834212265308,2.28385446586979,0.374968452184434,5,1.32418413535903,5,1.35999077643734,7,1.0888246180606
133,198,10,3,9,19,3,8,1390,857,2.62023598871524,2.84231516340149,0.400204757778878,5,1.15420844170644,7,0.938120716414381,10,0.659798849620615
158,218,16,3,9,22,4,8,1301,618,2.47454238853748,2.73343780258072,0.297888079463477,13,0.317228080304002,23,-0.107941329607326,38,-0.505979634285211
124,243,12,3,10,21,5,10,1664,576,2.39834261856372,2.23165785887612,0.347279633014436,57,-0.621601474909293,74,-0.831513188478656,96,-1.05351004320926
118,218,17,3,8,21,3,8,42,865,2.61132545194919,2.68471499898804,0.404376406400437,7,0.853180908202255,12,0.376901318299766,20,-0.078881436378553
117,226,14,3,9,20,4,10,1082,2030,2.65474332294757,2.18911017843855,0.430803496568436,7,0.847953310913178,6,1.10423954149984,5,1.24317038736896
108,209,14,4,11,17,5,8,649,1340,2.57637006960208,2.80126902082337,0.375013674228425,7,1.24220043896561,5,1.41427461060394,6,1.38971494996643
109,250,17,3,11,23,3,9,795,2339,1.84187507055099,2.43806349852456,0.424269546001191,46,-1.03108406122275,34,-0.693581388144409,22,-0.25960451408891
138,213,11,3,11,19,4,11,998,2006,1.87798337064083,2.57233374932183,0.353720752327676,50,-0.691612455226209,28,-0.212703394420118,13,0.397877798160764
137,251,11,3,11,20,4,8,1359,593,2.19969654999073,2.84513654926194,0.33586301597857,10,0.618011934184701,16,0.208149649108143,28,-0.205659691459617
145,245,14,3,8,23,4,10,1101,456,2.61707992277439,2.86862143495453,0.411376453368897,11,0.473442702272916,16,0.173907468715441,24,-0.130785078328437
136,240,16,3,9,17,5,9,1235,982,2.48424298487003,2.54744872072114,0.40518021079802,6,1.18202983046062,8,0.91479419297254,13,0.528117089911711
134,207,13,3,11,20,5,10,488,722,2.41895283184345,2.61352243640793,0.29324524383151,33,-0.22596634206224,68,-0.767235083240105,115,-1.21063062874225
155,234,9,4,11,22,4,11,728,768,1.73869300618167,2.96409323432816,0.319340197174783,7,1.20868968955388,15,0.555579124609136,45,-0.222621219557079
137,217,14,4,9,18,5,9,1400,998,2.29594189844425,3.00835880258454,0.325380147426362,5,1.49066479794431,5,1.41844637050643,7,1.15910302959145
107,234,11,4,11,18,4,9,550,581,2.06213847718532,2.46884247281922,0.315909394799704,139,-1.20495359366288,194,-1.52092258633978,200,-1.80975056543101
124,215,14,3,9,19,5,9,1186,1237,1.933660114029,2.71574893215073,0.397802973716493,4,1.44414504715239,4,1.49028211890943,5,1.39155736947871
146,204,16,3,11,23,6,8,603,2073,2.60665209017093,2.3846449516095,0.371145857303376,132,-0.981378753080866,58,-0.372531565223322,20,0.369112260958473
143,221,17,3,11,22,5,11,191,1129,1.91565921328361,2.54988538840188,0.366878820388551,5,1.37798857552381,5,1.24824550607874,9,0.697692236249634
131,238,11,4,9,23,5,9,895,1688,2.38201243601139,2.72166248777283,0.3691870400598,34,0.01529723930833,15,0.606150936642721,8,1.08669173551618
151,194,13,3,10,20,4,9,1219,1399,1.82563071123655,3.01905443885697,0.396472383468385,9,0.68044198040715,6,1.07287760651243,5,1.34169761218084
134,228,11,3,11,22,4,10,81,1010,2.08309919557865,2.60322066762818,0.328017004757161,6,1.12888521664534,11,0.511476672044628,26,-0.192571828062696
137,223,17,4,9,19,3,9,1218,2254,1.74122186548407,2.21149372675789,0.34187197777533,84,-0.831060351154841,46,-0.324238724061134,19,0.337686725818072
122,246,9,3,10,20,3,9,1719,996,2.46319557152088,2.86585005739106,0.310227012067075,4,1.39550896142448,5,1.2109480557707,7,0.907831764264432
142,201,15,3,10,20,3,11,1253,487,2.60430396519001,2.85586985566987,0.396400857894654,8,0.618827283775422,11,0.348493702850311,16,0.065427119444479
121,241,14,5,10,18,4,8,1566,2039,1.87177733502681,2.86471506574524,0.317201846270795,200,-1.74054700672085,200,-1.36707978556435,147,-0.915384953692963
124,234,12,4,10,22,4,10,700,1557,2.64667201957996,2.17944407829417,0.383012835114236,6,1.3267695903957,6,1.20151992786811,10,0.793928194934655
152,204,14,4,9,16,6,11,464,1276,1.87517088077362,2.11020820209159,0.387629033057923,12,0.732610292906988,34,-0.024049717358717,94,-0.71801637475526
109,234,17,3,11,20,3,10,219,1938,2.26031572542484,2.4252538941182,0.3966030338695,21,-0.228505397926261,11,0.356522062073523,6,0.938155144803881
105,217,11,3,9,20,5,9,1195,1860,2.44587982616718,2.43167945363892,0.304970217674012,13,0.592971010731868,7,1.08078654857056,6,1.32789648437855
142,235,12,3,10,18,5,11,372,1874,2.04161001167591,2.27791973569764,0.330931296377416,24,0.073435162956627,9,0.841985010009701,6,1.22953347708227
104,195,9,3,9,17,5,9,264,1730,2.6743210645705,2.60822274902238,0.407945183842416,8,1.03038542441582,6,1.33165639014985,5,1.42684412699932
152,223,14,3,9,23,5,9,1228,1253,1.99312813005741,2.48431929567231,0.403152889936204,4,1.42153696766157,4,1.4046823871598,5,1.21966906454927
137,216,14,3,10,23,5,11,865,1410,2.19876430354412,2.13468274095429,0.32560066971087,5,1.35219540220884,6,1.03572644183766,13,0.389074672922593
137,242,13,3,10,21,3,11,1061,1342,2.67835838518436,2.36186480143441,0.355513657062287,4,1.40637571663271,4,1.32029299921959,5,1.0524126587041
136,220,14,4,8,21,5,8,243,2059,2.37777317486103,2.77288922288788,0.289416518426473,200,-2.22100311567354,200,-1.73282815240582,147,-1.12050473215952
131,246,10,3,10,14,3,8,895,1640,2.34531433306034,2.27857926109208,0.285935081952224,5,1.38640070488848,5,1.38945329499121,6,1.10001867302657
128,220,17,4,9,24,3,11,1126,2309,2.4057538600951,2.25322788575066,0.311484704344506,120,-1.16483846175925,74,-0.708534833092768,35,-0.108984056396523
129,212,13,3,11,21,4,11,605,556,2.32978303156192,2.16197874763383,0.321389612733359,77,-1.17939159725573,99,-1.442426956231,121,-1.68455437774538
110,198,17,4,11,23,6,11,1730,1219,2.20366142115886,2.78602727868928,0.291832420966561,8,1.10863523143193,6,1.30505322062943,6,1.29459386866792
117,232,13,3,8,22,4,8,572,1789,2.40122831783588,2.57177516439332,0.431301502316232,10,0.684677036033204,6,1.09856225192979,5,1.34273245558513
150,198,15,3,9,20,6,10,200,1554,2.19521872124965,2.33463608839882,0.335460872380967,8,1.09059550775554,7,1.27736416429995,9,0.983397610465958
108,208,17,4,9,23,5,8,270,1284,2.29861612043674,3.01569804170502,0.433020172446008,9,0.996361498262895,6,1.32293981659006,5,1.43448735260527
135,206,13,3,10,15,4,11,813,1722,2.07002899966533,2.88502058008088,0.38383975121283,30,-0.215026101306722,15,0.31373212703326,8,0.871251155685584
128,248,16,4,9,15,5,9,1535,2308,1.8134113716274,2.19035499909295,0.359188685744042,83,-0.70674701916164,43,-0.217497837742673,18,0.392931386433865
125,212,12,3,11,22,3,9,646,609,1.86481804571445,2.94157400348557,0.372859055726762,8,0.737458735386286,13,0.260062456715544,23,-0.187513864220479
115,243,10,3,8,24,5,8,1528,2227,1.89167461715038,2.17122743645085,0.43114037308001,17,0.339355741620609,10,0.730018032719563,7,1.06538683911707
129,199,9,3,8,23,5,10,253,907,1.95456723294551,2.58126785972489,0.396231825082536,12,0.577154576922291,26,-0.002547094171868,51,-0.519172518915037
119,250,13,3,9,21,5,8,41,1747,2.23003295979793,2.89878281572236,0.358822389869923,115,-1.08629529615608,53,-0.461082703839922,18,0.355094010448957
147,231,16,3,11,14,3,9,1508,1135,2.46920222959812,2.74239196994675,0.356381575196023,4,1.44962680882202,4,1.42310442332111,4,1.29461783321429
146,207,13,4,11,17,4,8,1358,1447,1.75938209317024,2.46969076612366,0.41455510350966,6,1.26352570481886,5,1.39890150965263,5,1.37662006481764
106,198,11,3,11,23,3,10,867,1107,2.59146548233326,2.43743612983597,0.319256876586909,5,1.18257687619618,8,0.740663752388245,15,0.208861279601847
144,205,15,3,10,18,6,9,1142,1360,1.89025712929065,3.07606407621277,0.350722216992612,31,0.084457832870193,13,0.707227198175859,7,1.16950377363697
135,216,13,4,11,17,3,11,969,1956,1.77242527327831,2.47994723537339,0.310200999109979,104,-0.977373693146886,55,-0.416693154749553,20,0.331028417563727
150,213,9,4,8,21,3,8,1627,1233,2.51663602314289,2.20146657147778,0.431167472331758,16,0.569844082142977,22,0.362121101415643,33,0.105441557482872
129,222,11,4,11,23,4,11,883,1787,2.48866511307056,2.1288723982252,0.401980612604852,8,1.035437189993,7,1.19555602734731,7,1.12800550470977
115,235,16,4,8,15,3,10,1349,490,2.1674836667567,2.27883720019234,0.291466262555654,131,-1.21685867905246,166,-1.46076707019673,200,-1.6981040310334
127,229,12,4,10,23,6,8,540,2326,2.16152230820949,2.37918659665955,0.370202104180093,200,-1.64078924631024,169,-1.11847915765064,67,-0.438610856320095
134,229,17,3,9,20,3,10,714,2026,2.41314167700107,2.13329314806832,0.405046672551866,8,0.696941331301259,5,1.08200365395745,4,1.28693359895753
131,242,12,3,11,21,3,9,1200,1814,1.94790730796154,3.03594252088441,0.338415964870686,43,-0.800871880188465,30,-0.449895605057541,18,0.005950979812339
122,237,15,3,9,19,5,10,1787,840,2.39970273695285,2.80338820436371,0.418383858530755,6,1.08611116335067,7,0.943810152619228,9,0.738833101564999
130,193,14,3,9,17,3,9,1422,688,1.85975468329485,2.61243936040772,0.397299022405381,7,0.83617256098353,11,0.482201560699063,17,0.100557952082768
135,238,14,4,10,20,5,11,1587,574,1.86336147210891,2.5157836041726,0.340560842483277,29,-0.005167849023024,52,-0.433580180174491,88,-0.842608038566555
128,217,15,3,9,14,6,10,604,2415,2.46181828699405,3.07489254691971,0.301988749011392,200,-3.33280844935677,200,-3.02896835623109,200,-2.65268594025446
128,246,12,3,9,21,3,9,1683,485,1.8573728518873,2.55165448406113,0.310704288809533,22,-0.142962981128237,32,-0.451916028884881,44,-0.755563641461865
105,208,13,4,9,21,4,9,1498,1758,1.85850242696102,2.5706508121766,0.340079108803506,22,0.309676081885088,11,0.826557842240692,7,1.20711035518614
150,250,13,4,11,19,3,10,342,2354,1.82587241552169,2.67510977008713,0.34779648128056,200,-2.33538909122214,200,-2.02403011108823,175,-1.64044534399811
148,230,23,6,12,24,4,10,2503,1048,2.25157875738437,3.87895473459138,0.310372812478776,200,-1.19288243261514,113,-0.675023222164419,53,-0.134272248730917
84,229,22,3,9,13,6,8,2118,2377,1.80305553398426,3.60926183679474,0.243384262352223,200,-3.9721068183301,200,-3.77237083250653,200,-3.55279583118419
141,264,16,5,5,23,4,10,3389,493,2.62394613943393,2.69131198146714,0.40916701051497,200,-2.05813255044158,200,-2.04653091546529,200,-2.00648413622405
119,212,24,4,6,23,6,12,977,2028,2.07180345974262,2.81703033664597,0.349274856775041,200,-1.88202597774374,200,-1.49484721005868,131,-1.02028187127887
108,226,13,5,12,24,4,7,1417,549,2.67886919699009,3.17591210821045,0.432456613509889,12,0.77219475405013,17,0.514915021444968,27,0.209659547031975
149,229,22,5,12,22,3,12,977,345,2.13155562601383,2.91665187099351,0.259008295266862,68,-0.575726117773892,136,-1.1301428760826,200,-1.58342280101848
98,273,15,3,5,11,4,8,933,832,2.36195606909092,3.63179179647339,0.177992595816935,9,1.23020026822817,13,0.755870054443922,35,-0.11398538656487
107,205,21,3,12,12,3,6,969,1604,2.07945234499271,2.52869930484665,0.316391439168687,14,0.410176763677977,7,0.964673093626632,5,1.26870073280477
192,193,5,4,11,22,8,8,2122,202,3.25767643175418,3.91715010621918,0.379016602962251,200,-1.12012709902892,200,-1.18550967904961,200,-1.2489463853934
157,171,10,6,6,22,5,11,1635,446,3.2547761889487,2.09294440963639,0.39132112952971,200,-3.01237175687194,200,-3.10032515558369,200,-3.2041343864072
138,178,23,5,8,15,6,10,2162,2022,1.59514806590374,2.91470440843476,0.193995388775105,200,-3.06942298527106,200,-2.70328306622376,200,-2.22245459235379
132,182,13,4,5,10,4,11,1717,1535,3.25576574526126,3.49235173681153,0.196509852438206,200,-1.45387388457577,114,-0.66641417972791,30,0.311683248161731
102,221,5,4,6,19,3,10,2805,1063,2.77713699064548,2.21378126361741,0.253872884242768,200,-2.10921528650596,200,-2.25974455378957,200,-2.36955622127536
104,180,21,5,7,9,6,13,596,510,2.17893386802967,3.31716653325928,0.263905025451417,160,-0.917038210450976,200,-1.47450265959886,200,-2.00199067401747
150,165,8,6,6,19,4,11,3123,2834,3.2638722153693,2.4692228994645,0.26539569887423,200,-5.09670331692567,200,-4.46725982841175,200,-3.6120993294262
124,165,20,5,10,14,3,13,2162,1238,3.22508389673526,3.22795745351685,0.428015894620652,10,0.962184341429992,10,0.960414308811905,11,0.879627909294676
106,213,17,5,11,22,5,6,673,165,2.21650821886356,3.07165357091797,0.428307772605653,136,-0.942968550456129,193,-1.21516492138473,200,-1.48012138282634
150,226,21,5,8,19,4,8,2508,2658,1.96362591705616,2.4675963185109,0.330411077468629,200,-1.79538654148482,200,-1.46106119851623,181,-1.13007635455041
179,177,18,4,7,19,6,8,3140,186,2.77634067259128,2.90426048257722,0.428439558475251,200,-2.06937078383477,200,-1.99312499254955,200,-1.90432970683141
148,161,22,5,7,28,5,12,1184,1863,1.32966559178526,3.92848953225983,0.438856829135651,200,-3.28039084466964,200,-3.07555551998796,200,-2.82054473532998
95,192,8,5,10,19,4,12,2900,1962,2.53635115347202,2.06547806405796,0.42593655678534,45,0.07245996348515,66,-0.169763636683441,87,-0.349162290059869
184,200,11,6,7,22,6,11,1153,229,2.73610932550724,2.0515391863264,0.228592295377488,200,-4.20979633115891,200,-4.37024196499709,200,-4.53294521969973
163,208,5,5,7,27,3,7,1497,2819,3.0986539813071,2.41324117401017,0.457988060443635,200,-1.61840840429663,200,-1.21383293585768,200,-0.820131671902867
103,243,5,4,11,10,8,10,869,518,2.90575236997898,3.27224322774781,0.361819762914414,176,-0.757394747578767,200,-1.13377932847022,200,-1.5333068220012
172,242,16,5,9,15,5,9,308,52,3.09857911787326,2.66224130609406,0.457774789064164,200,-1.7889604772441,200,-1.96234211655175,200,-2.13369510904799
167,230,6,6,10,10,5,10,1124,1502,1.78912285886104,2.43694677570237,0.405997301070924,9,1.33207516769158,8,1.33509616490958,12,1.04363640859857
117,221,5,5,11,16,3,9,3398,1573,2.73944408617313,3.98797389486207,0.453731680839295,51,0.063213314126105,25,0.509914761245544,19,0.701849536198892
107,201,13,3,12,12,4,12,3168,2767,2.05170119724567,2.05939858028067,0.391405297248597,21,0.114992491098128,15,0.35408481224588,13,0.487433081020431
129,209,8,5,8,17,8,8,889,88,3.18825907430942,3.03074046590699,0.44840393754744,200,-1.85462973740335,200,-2.03637137173853,200,-2.2284556492804
80,255,5,3,11,10,6,7,2863,2320,3.06044275484378,3.28327557065858,0.396633208720918,200,-1.69421097902085,200,-0.931838197353613,71,-0.252213459587798
89,225,22,4,11,10,3,10,208,593,3.24475867471988,2.01616610580457,0.194527069657082,200,-2.65714096792302,200,-2.87465112720335,200,-3.07501752412653
185,206,9,3,7,12,5,12,2176,398,2.79421670160587,3.50547715642823,0.255142633049722,74,-0.744419011944974,91,-0.906035143570659,110,-1.05714201473978
161,260,6,3,8,11,4,13,1369,1395,2.92748815737064,3.7646121642865,0.345883203475709,19,0.303020244108613,11,0.741632178961356,7,1.09694836886605
110,250,11,5,11,21,3,10,1217,2562,2.98982507906253,3.34328958013428,0.37132070156836,200,-2.81869145910759,200,-2.5651005042141,200,-2.27309441932246
143,212,20,5,8,10,8,7,2772,37,1.78997565231617,2.74114212015046,0.182280429630513,200,-4.32422352461565,200,-4.37197528851393,200,-4.4720288095895
108,192,13,6,5,21,8,12,115,961,3.13255555353458,3.77497157075776,0.391538674562211,12,1.13015802283591,9,1.37004561481375,9,1.36834354532326
122,238,10,6,10,17,3,8,2869,1765,1.43712336740787,2.44363236048592,0.307413540213342,29,0.410047472337619,17,0.765703973874022,11,1.05800141002519
155,222,18,3,7,23,3,9,1526,1126,2.41570801458652,3.89659389474763,0.32858451101088,13,0.3562366934068,8,0.742522040666797,6,1.07734691988618
146,203,18,3,10,20,3,7,2291,54,2.67431802473362,2.80316352465523,0.280913878410096,69,-1.40743943272828,69,-1.41146671049265,70,-1.42938027853175
149,202,14,3,9,20,4,8,1326,1589,2.24133477530773,3.45384248712433,0.277970491527552,77,-1.02918116229803,49,-0.625607392301902,26,-0.100641092687571
140,212,11,5,10,16,4,10,1885,1086,2.55338008127506,2.54336243861688,0.28892359378838,14,0.766543137679227,28,0.285996302767014,60,-0.215028886636706
126,207,17,4,9,17,4,10,1394,698,2.71343977175052,3.2639054320134,0.309251970975632,6,1.28981363646283,8,0.961939524628919,15,0.495661788893803
119,199,19,5,8,18,5,7,1574,1236,2.7259305807143,2.72653810301198,0.358783377139802,7,1.31156044037463,7,1.22430841992413,10,0.996721360395739
112,237,15,3,9,17,4,10,1520,1506,2.08509574256237,3.48854681470765,0.373663003175492,31,-0.243432754525781,19,0.128508605323375,11,0.564348392605865
139,197,11,5,10,13,3,8,1802,404,2.56276435575779,2.82782730081452,0.347797013252015,182,-0.969142102509559,200,-1.11404038121135,200,-1.2895043485298
137,228,16,4,9,18,4,10,1202,420,2.03788542173202,3.27083745220078,0.327121965019936,14,0.507840547590879,28,0.003557084826454,53,-0.466983211751693
135,200,14,3,9,22,6,8,2146,961,1.81028879045839,2.66438255825413,0.320932374327416,7,1.2071005845901,9,0.946208118739664,15,0.513178678178887
127,222,11,6,10,23,4,11,1307,767,2.1057240756541,3.42297461250199,0.365631521671052,7,1.40819389381457,7,1.37984193668769,10,1.12923647284881
126,224,15,5,8,22,6,11,955,1075,2.53413153610523,3.1034965179242,0.27592490258717,11,1.03841289172519,7,1.32589496760875,8,1.2776104083051
128,219,14,3,10,17,4,10,795,652,2.23664090953167,2.73829479136838,0.327182028620477,15,0.283105201527262,28,-0.210025406134824,48,-0.645760685923766
152,194,10,5,8,18,4,9,981,1137,2.46222705564792,2.82489379861725,0.285036279438968,7,1.40314413405809,10,1.17082165963515,24,0.473872323771504
144,192,19,4,10,16,5,10,1896,1238,2.02714253387744,2.83637877920045,0.349795902698273,7,1.159521937371,6,1.30650392417746,5,1.35168605933877
133,226,16,3,10,20,3,8,892,893,2.2892588468581,2.55028618493451,0.387875402896638,4,1.19787676496269,6,0.838309968339921,11,0.393544470463258
114,217,18,4,10,22,4,7,1929,1916,2.79371256552036,2.85855492570771,0.262983282088275,148,-1.35921313389551,81,-0.816435290563199,36,-0.164591408976558
129,218,14,4,7,14,4,9,855,400,2.45734930954273,2.53474885591639,0.389741809098954,126,-0.993523123819084,164,-1.22182409839448,200,-1.44135421797331
143,238,19,5,10,14,3,9,2085,1140,2.20775214753444,2.58821013191117,0.398016540138955,9,0.978053797640249,9,0.916314538799978,11,0.790156121664325
114,235,14,4,7,16,3,10,2375,970,2.39166660032566,3.18293317773713,0.360609881012673,6,1.2513682600624,7,1.12436082659796,9,0.96447314053372
150,208,10,4,9,22,3,9,1400,821,2.24803412876422,3.44177916267289,0.287805240034098,5,1.48455416147636,6,1.41698591253817,8,1.11228260612732
130,198,15,4,8,22,6,9,566,1556,2.28906978092487,2.54386183240784,0.285213962375159,19,0.480381531455477,9,1.11825342095111,8,1.24653680284219
151,228,18,3,8,15,5,9,913,53,2.41686738453205,3.0298978350438,0.289916610150571,200,-1.69665189446359,200,-1.89467280225743,200,-2.0938834829513
143,190,12,6,7,22,3,10,735,259,2.41690165720279,3.27108564594163,0.300781157045598,200,-2.11291190083733,200,-2.51399060355865,200,-2.873476524536
136,246,15,3,7,21,5,10,2266,663,2.61992699823673,3.22886231162919,0.306098918049569,8,0.807681232963676,12,0.510658242550387,18,0.219626083428562
127,238,16,3,7,15,6,9,1829,1926,2.68431557140644,3.27671721198929,0.373339931099648,166,-1.03178348779604,96,-0.634345178060189,50,-0.19482277602192
155,202,18,4,8,20,4,9,2369,193,2.23480598054225,3.11587431648148,0.313772387235398,91,-0.847722420524957,99,-0.923304665329931,112,-1.02387187034337
127,222,11,4,9,22,4,8,2312,1989,2.52684141121204,2.70018580177201,0.281231626301045,87,-0.672507030080391,36,-0.012190349595306,15,0.616861605659474
147,210,15,3,10,21,4,7,1088,540,2.38354189119632,2.70726790645493,0.313749159305329,25,-0.131087336003738,42,-0.51148520598135,63,-0.858834649716376
152,215,14,5,10,16,5,10,1659,1108,1.97786183080967,2.58670442172659,0.295221599369283,6,1.35758289083753,9,1.10777483685713,18,0.52886507381659
145,198,12,5,9,21,6,10,1336,114,2.23632577977474,3.44054838636292,0.317823506324525,200,-1.20906643101163,200,-1.50903761967869,200,-1.82220237707581
149,194,19,5,9,13,5,10,2362,1930,2.50795633516605,3.32826014974488,0.366977123348946,200,-1.32069130250571,144,-0.897451497732363,81,-0.473677196739132
122,205,12,5,10,15,4,7,1447,1223,2.19793857059772,2.83376773813141,0.33843438717627,6,1.44450498099847,6,1.43414867232121,7,1.24706630317077
131,235,16,3,8,20,6,8,1885,301,2.48404688558872,2.95650517561806,0.311574848919148,145,-1.0065742148397,178,-1.16783819407965,200,-1.346704551357
137,213,18,4,9,15,6,8,502,726,2.54504764995868,2.57271132984532,0.38437096270823,56,-0.27106293864964,118,-0.770540421086535,200,-1.19791029868939
132,189,13,4,7,18,6,8,1599,1694,2.25516576490696,3.27730056264771,0.343860111563439,92,-0.585352129852934,47,-0.116734307966842,21,0.42785583457575
128,220,17,5,9,22,4,11,1141,1305,2.61141652784641,3.14165129878892,0.291312069623704,73,-0.371804606997191,26,0.337934247185431,11,0.956901296847598
127,190,15,5,7,23,6,8,1617,135,2.50703043661411,2.78647648909463,0.311420112281079,200,-2.03378851891078,200,-2.19554407420605,200,-2.37917279179182
142,213,11,5,9,15,5,8,862,1623,2.61704034529026,2.94951644161118,0.361031229226823,50,-0.030086074054827,19,0.620064639958519,10,1.11596732930962
127,212,11,3,7,17,5,9,1597,629,2.40933150968845,3.08184685924424,0.366532413094277,10,0.746276720199933,14,0.459544771073567,23,0.133997128324669
152,237,15,4,7,21,5,9,1873,1023,2.61392844639118,3.38104810932053,0.268492743923302,7,1.2113588762815,6,1.38405735844495,6,1.38507797766072
144,210,18,5,10,21,5,11,1749,1309,2.10875884614284,2.79792493203057,0.261694187848801,27,0.300510163377579,11,0.903332563860971,8,1.20816210934309
144,200,16,5,9,13,5,9,1441,440,2.19307045064266,3.43139132478608,0.340118885963197,18,0.529205987359538,35,0.069224005560729,71,-0.394039972188428
114,240,15,3,9,17,5,9,1908,1534,2.29348261080082,3.39972671487702,0.26795764322483,90,-0.844966153471215,46,-0.332436106011737,20,0.270400770053243
112,189,11,6,8,19,5,9,2278,1961,2.67655009947116,2.687208261279,0.394190655081506,51,0.113825915311622,30,0.43498815049168,22,0.625115527116451
158,203,14,3,7,22,6,9,1935,88,1.93173723838623,2.74159827449692,0.278361041276688,200,-1.63263980782158,200,-1.82025863355558,200,-2.03567263267117
127,231,14,3,9,19,6,8,2196,558,1.92536988280113,2.89151149609459,0.260951288594837,51,-0.264347291657322,88,-0.630470354113883,148,-0.999599557750037
135,217,13,4,9,14,4,9,688,1208,2.28380847893055,3.12449636676682,0.316323775975938,8,1.13093934839484,6,1.39216469077205,6,1.42678194660921
161,199,15,5,10,14,5,10,1394,38,2.2745627554446,3.10396965959443,0.292847272186513,200,-1.79779776421602,200,-2.02366814014154,200,-2.25724855895772
153,204,11,4,8,21,4,8,1852,1389,2.25793699345882,2.5774436257161,0.328474880187745,6,1.31308536399167,6,1.30300243927105,8,1.15513264868283
156,219,14,6,7,20,5,10,516,1179,2.22625947914417,2.79979630926026,0.307644836037392,11,1.15815955631959,9,1.26115726267236,17,0.787391250662086
154,205,14,4,9,14,3,10,428,598,2.56684906206424,2.95188563683404,0.29098518434071,54,-0.412205389844383,98,-0.876559891243465,149,-1.2609859818384
147,229,17,4,8,23,6,8,973,1915,1.8846474455982,2.71846076467408,0.251871092143441,200,-2.27159811254204,200,-1.75163147648633,157,-1.08243255706346
120,203,18,3,8,17,3,8,481,451,2.64300389013584,2.87010064342393,0.316698100595708,34,-0.53332125636287,47,-0.825140705614472,61,-1.08828724568151
118,200,12,3,8,14,5,8,474,554,1.86824201963241,2.54099265107287,0.324213332860703,200,-1.48618693717092,200,-1.77935753301061,200,-2.05927614622192
129,227,11,4,9,22,6,10,1113,678,1.8588758649617,3.43706324317826,0.257305566399331,7,1.36649335503838,11,0.853772822248023,33,-0.005898599789844
119,190,13,5,8,19,6,11,1576,1467,2.36540962181385,3.06234696128739,0.285945192902322,56,-0.082748999297014,21,0.587782115809628,10,1.09130495024488
109,202,11,5,10,18,5,10,670,1000,2.4265970083266,3.38847526529206,0.262925597830648,9,1.21586603342704,8,1.37738920407185,9,1.19277305245396
135,208,14,5,7,22,4,8,1791,244,2.71258140526111,2.98012652614487,0.330288607805009,200,-1.42013324890591,200,-1.54907020729565,200,-1.70159493317177
148,201,17,5,10,17,6,9,882,612,2.73016787491138,2.57345639535559,0.289258641927476,166,-1.02836999445429,200,-1.46774755907994,200,-1.8943280833804
134,197,14,4,9,20,3,9,2073,1210,2.62854165754612,2.90029987314118,0.397334123580689,7,1.18330646620659,7,1.12992132872509,8,1.03352659919667
141,225,15,4,9,17,5,9,1877,790,2.24229323289688,2.80009056994094,0.292530314150239,10,0.819805389006458,17,0.399929908494617,33,-0.064480214423634
143,231,16,5,8,18,5,8,1205,572,2.45302540979679,2.88566681363953,0.289324840801741,65,-0.339447705968628,128,-0.815593880341516,200,-1.23496833017472
135,212,14,4,8,17,6,9,1704,1379,2.10889861158426,3.18995326378716,0.319952049284215,21,0.425526872761043,11,0.906210967254942,7,1.24135648470149
125,205,15,5,8,18,6,10,1031,1408,2.29400893471534,2.89090029516591,0.342211049227948,19,0.598194313573616,9,1.1045457363272,7,1.34128569178625
144,210,17,4,8,16,5,8,1629,1195,2.48069889269168,3.24479186156167,0.324330813615556,7,1.14573975355659,6,1.35254520491318,5,1.43626513953553
141,219,15,4,9,18,5,9,1898,548,2.25476388058956,3.08154984929932,0.326227689712281,14,0.528464350572044,22,0.207234799883862,37,-0.140429985706186
139,230,14,4,9,17,4,10,1471,515,2.48249281368549,2.85634082922114,0.304944974734421,37,-0.160425228106764,59,-0.502982026849274,89,-0.82880558227469
137,214,16,4,8,19,5,9,1687,868,2.28037496826942,3.08409729221238,0.321562934844727,5,1.43157985826635,6,1.26433212411904,9,0.931362203848706
148,214,12,4,9,16,4,9,1666,989,2.28118645570571,2.98915290453805,0.29539550150835,5,1.45971064484229,6,1.29944383227332,9,0.937411679414235
135,207,14,5,9,19,4,8,1735,1076,2.44398812375362,2.9789945892371,0.307689508228535,6,1.39789118598744,7,1.32828850786682,9,1.07892678660975
130,212,15,4,8,16,4,10,1510,1309,2.44986231050785,3.13060363748444,0.350558110504384,9,1.0222966074448,6,1.26951484177509,5,1.40171167170855
131,222,13,4,8,18,5,10,1545,1474,2.22211910209949,2.8810157887019,0.342767920522923,12,0.761730383537925,8,1.11685561613037,6,1.32980644384935
131,222,14,4,8,17,4,8,1212,769,2.35519258103664,2.95506584265603,0.318250312834019,8,0.986835160524526,16,0.492533558356631,34,-0.050231628359213
127,216,13,5,9,20,4,10,1170,561,2.52415649018581,2.76967875094486,0.30166755783462,106,-0.623167830376621,186,-1.02548674445183,200,-1.40708771517482
136,205,16,3,8,19,5,9,1574,756,2.14058353177602,2.8376773334421,0.308479228793616,7,0.993796107596912,12,0.557841116546843,24,0.04901603770193
136,221,16,5,8,16,5,10,1122,1397,2.11836484245355,3.07895698764695,0.328458907633061,48,-0.056852322860359,18,0.615154846461089,9,1.13499454934526
124,213,15,4,9,16,4,9,1812,1454,2.50559244475658,2.78388189331962,0.332130722134347,7,1.14004385358989,6,1.30291986947688,6,1.34696478156492
149,231,14,3,8,19,5,9,1740,988,2.23610187492664,3.019149657277,0.323608143805499,4,1.48601747842015,5,1.42626564709282,5,1.24253974880704
124,218,13,3,9,16,5,10,926,1202,2.10255702383215,3.20668643334282,0.343953242330785,7,1.07992791474936,5,1.36232665054472,5,1.47796067814402
138,227,13,5,8,20,4,10,1855,1248,2.49539209327991,3.06478941061867,0.289408594734008,12,0.938083188259118,8,1.21809925606485,7,1.30506227478947
135,204,13,4,8,16,6,9,1093,514,2.38666657529171,2.89704319455994,0.332388683586354,75,-0.500747045397174,130,-0.886818925221665,200,-1.2403174220846
134,211,17,4,9,18,5,9,1121,780,2.3181181641608,2.93492105224503,0.307020344017978,7,1.18966929383139,12,0.684782451321033,28,0.043281984910385
126,222,16,4,9,17,5,10,1436,1218,2.2439266385823,2.91553176560773,0.330874572127099,6,1.24638163724032,5,1.40414621444303,5,1.41348813100957
133,205,14,3,8,19,4,8,1752,932,2.37473569236095,2.87154654034747,0.329300146727795,5,1.31752157745258,6,1.10389306778169,8,0.786981714363621
132,223,16,5,8,16,4,9,1372,1000,2.38909245453174,2.82954221585167,0.361116997330422,6,1.36400959420414,8,1.16400284127705,13,0.76945855243289
144,221,17,5,9,20,5,9,1516,1362,2.20496761224563,2.81155298644079,0.303409765466089,18,0.58866315680139,9,1.06119301477662,7,1.2883808592767
124,224,13,3,9,20,5,10,1259,718,2.3945689292937,2.81725754582656,0.348226837246651,8,0.894257746497821,13,0.475692602475292,24,0.016011094165803
149,223,12,4,8,17,4,8,1506,1290,2.19160407207305,3.22271832445038,0.357465558676953,9,1.0042264313183,7,1.26678657142598,6,1.42108189654388
134,204,15,4,8,17,6,9,1883,991,2.39605138621624,2.93347055831326,0.332931821971173,6,1.29925802566201,8,1.11265272358961,11,0.798074450631963
135,210,13,4,8,18,5,9,1460,1289,2.1084436046272,3.20719849684609,0.325953371255631,12,0.813362780325858,7,1.1842551821361,6,1.39723455699837
151,209,12,5,9,19,4,9,1848,1308,2.33721939645107,2.95970111706627,0.328729605107541,10,1.03266085776687,8,1.22827709621748,7,1.29264693746186
126,221,15,4,9,19,5,8,1050,947,2.34225837312038,2.86085164168252,0.340502491026158,5,1.43289877188109,7,1.15654390737579,13,0.63678062378764
128,226,15,4,8,19,4,10,1438,552,2.21075085721309,3.23313080885781,0.325959683387513,9,0.914751247603365,16,0.476052519757194,31,-0.004602404960657
135,215,16,4,8,20,4,10,909,677,2.45157829842861,2.86497474083079,0.322453685282702,14,0.546987540769436,31,-0.012492345004027,62,-0.518452339380977
133,216,16,4,9,18,5,8,1249,973,2.19533760271366,2.8130894786991,0.30661664697432,5,1.42967001473022,7,1.14179973748923,14,0.571781642264465
148,225,14,5,8,16,5,8,1775,1222,2.12084499172266,2.80525114753617,0.310666071801419,7,1.36897707948637,6,1.38459634411237,8,1.22455204542119
146,211,15,4,8,16,5,8,1638,885,2.47385183892543,2.80620475479735,0.337316366462941,8,1.03325821668725,12,0.697126771291081,22,0.279297485187817
141,219,14,4,9,16,5,9,1526,680,2.2235593291312,3.13048499443902,0.309465658097501,7,1.09241404273726,12,0.662533875276583,25,0.134014008358666
137,226,14,4,9,18,5,8,1841,867,2.1697011309057,2.95197027542962,0.348139696746106,6,1.30486861022674,7,1.11115679653217,10,0.790164924966812
135,217,15,4,9,20,4,10,1217,1145,2.39601705394085,2.77013895840717,0.357635588376756,5,1.41208797071297,5,1.40393813915001,6,1.21965533996715
144,207,14,5,9,19,5,9,965,767,2.50208807907398,3.0565733275689,0.350248905449147,8,1.21889021135465,14,0.752940503464011,34,0.126030496314917
138,224,16,4,8,18,5,10,1508,618,2.29150218687351,2.88646536686791,0.322376042037244,15,0.505560981222683,27,0.067619380907238,50,-0.370081712603606
149,222,17,5,8,16,5,9,1022,1446,2.17892480812366,2.80371087038292,0.310219707517857,29,0.284311798595686,11,0.948053348312026,7,1.2866097942451
127,217,12,5,8,19,4,9,1209,1293,2.21968908033664,2.84906453260554,0.301282399325604,9,1.20137298845312,7,1.38471513127208,7,1.3182452200276
147,204,16,3,9,19,5,9,1693,1295,2.11606903544958,2.80371389531864,0.345760671227212,5,1.25495002244839,5,1.38845292309683,5,1.41674116310807
142,226,17,4,9,18,5,10,1041,742,2.09716309405263,2.82272533693684,0.357838108568425,7,1.12577885844885,12,0.628445057735641,27,0.029547759480683
129,216,13,4,9,17,5,9,1021,1316,2.11743853411968,2.88217897334469,0.352558408110375,7,1.17325354307638,6,1.4003820366813,5,1.44484495314797
149,214,14,4,9,16,4,9,1066,921,2.27322734318073,2.78352668502701,0.33466568234467,6,1.30677139019901,9,0.900928872071544,20,0.312528376053627
140,206,17,4,8,16,5,8,1137,1129,2.22837291083629,2.98136055090798,0.303536237209077,6,1.41554608229672,5,1.46936870207107,6,1.30447643106294
124,216,13,3,8,19,4,8,1821,1119,2.18163851819332,3.00496698537243,0.336992726652856,4,1.49807488097148,4,1.48832369319644,5,1.39019825999891
142,218,15,4,9,18,4,8,1781,788,2.29456383905704,2.86561647423876,0.295620259447927,8,0.940890378915394,14,0.537452451216958,27,0.074428893935886
132,209,14,4,9,17,4,9,1537,848,2.3595724197417,3.16807442524804,0.300851052059765,5,1.45396477348614,6,1.24378916255658,10,0.837233640999274
148,230,16,5,8,17,5,10,1409,814,2.2036226632386,3.12691971280945,0.331188797383542,6,1.43692500847413,7,1.23715765227278,13,0.787929907862614
130,216,12,3,8,20,5,10,1500,1381,2.19323731384571,3.1678609810151,0.351638817219968,10,0.755655323697816,7,1.101822041351,5,1.33913567270925
150,212,15,4,9,19,4,9,1560,797,2.49184230885799,2.95818844058884,0.327662895052667,6,1.19612198394129,9,0.880104299365033,16,0.44845793663918
138,211,12,4,8,17,4,9,989,550,2.09692659399803,2.92305537679566,0.322930110423798,49,-0.25614348888149,88,-0.687781448112894,140,-1.06858771989533
147,210,15,4,9,17,4,9,1324,1356,2.47289688310916,2.7971014528848,0.304991418301101,8,1.1154294692331,6,1.34791655329112,6,1.38893677997443
146,209,12,4,8,19,5,9,1532,939,2.43619404158886,2.94037095823659,0.347866080134148,6,1.34959732630151,8,1.13507161251279,12,0.771465567070524
139,207,14,4,9,16,5,10,1705,769,2.49782846293743,2.97712285437955,0.343320392995114,8,1.00465559894797,12,0.697015701587159,20,0.321702873160476
125,208,16,4,8,17,4,9,1811,1165,2.34003649077709,2.80545450368298,0.347686814694638,5,1.39365979536013,6,1.33564539301907,7,1.17171712020478
117,205,15,4,8,19,4,8,1769,1607,2.2749140652209,2.77442028553558,0.309474321632619,13,0.695076340888793,8,1.08123146314441,6,1.30796012172233
125,204,12,4,8,17,4,8,1522,1067,2.21890870652492,2.81649531790389,0.315052007689113,6,1.42767691212884,7,1.19924089492342,12,0.759844435084165
130,219,15,3,9,20,3,9,2111,1161,2.09641111812885,3.2161831966914,0.324047592460151,5,1.28178668713922,4,1.40568211057882,4,1.46482757886906
115,221,11,4,8,19,4,8,1453,1246,2.29966572842891,3.17501626530064,0.348831849723096,7,1.27771553745115,6,1.42951137945177,5,1.47959929733532
127,225,14,4,8,19,4,8,1813,1180,1.98420062086876,2.95840203383339,0.346490871339078,5,1.38699991383755,5,1.45532742847178,5,1.42153024552753
127,202,15,3,8,21,4,9,1362,640,2.19495178184803,2.75940853257997,0.305458578086431,13,0.375957848787356,23,-0.052907968131316,38,-0.461371060379989
131,224,12,4,8,18,4,8,1362,1539,2.1639885546952,2.99851688363923,0.334893835513825,21,0.381938881798867,11,0.878445418996045,7,1.23648329523662
127,217,11,4,8,21,4,9,1961,1036,2.28905574403102,2.92108890035523,0.35363058987164,6,1.31931081643332,7,1.19945103183007,9,0.985502352296847
120,226,14,4,9,20,3,9,1944,1122,2.08066623828704,2.82266500213517,0.319606480180259,5,1.4086201222097,5,1.37448848083318,6,1.20983191129937
126,221,13,3,9,18,4,9,1575,1192,2.2886138947993,2.86872465529812,0.311774005173678,4,1.46840908615364,4,1.48542515364612,5,1.37342851157515
124,215,13,3,8,17,5,7,2104,638,2.14689765296276,2.77365898334755,0.315078816368217,29,0.017627697167127,41,-0.228096568947415,61,-0.497271298184726
134,228,11,3,8,21,4,9,1914,727,2.00891063533123,2.8263744823016,0.34064515772366,7,0.975382643887818,9,0.694455375488234,14,0.341928292815116
111,208,15,3,8,20,3,8,1840,627,2.13181565127666,3.01480157294644,0.343814621298547,6,0.962749022554414,8,0.710982559550292,12,0.405956682131358
124,219,13,4,8,21,4,8,1872,1454,2.37975133381183,2.95798287907017,0.365820183782811,9,1.00059637552974,7,1.1955940686704,6,1.31008903788783
122,203,12,3,8,19,5,9,1518,747,2.42110601983364,3.11767671623601,0.371838890938992,6,1.23508768102862,7,0.997719142530059,11,0.666207008797779
134,222,15,3,8,21,4,9,1648,1427,2.21880040488536,2.76045723905189,0.352501844792599,5,1.17115160228787,5,1.34243988710135,4,1.4238945119967
116,210,16,4,8,17,4,8,1827,1291,2.0315362008601,2.760811364682,0.303400064251358,5,1.39835488624171,5,1.447881403142,6,1.35157591867757
123,221,14,4,8,19,5,9,1781,1143,2.27570975742633,3.21311460056676,0.336694201259846,6,1.30714669435187,5,1.41857897943649,5,1.44121530719977
126,225,11,3,9,18,3,8,1779,1561,2.41450355372722,3.09506289282216,0.321962087779279,9,0.68695357786177,6,1.02966467525416,5,1.27382819373558
138,225,15,3,9,21,3,8,1923,1384,2.25526604972179,2.97028258064164,0.305553264535005,6,1.01191284683604,5,1.25484521144136,4,1.39541257372796
120,219,14,4,8,21,4,8,1932,1384,2.03051468155677,2.81722264730705,0.370701495735879,7,1.16822371418991,6,1.30591025164816,5,1.36743557486945
122,218,12,3,8,17,5,9,1760,670,2.10356763921077,3.14847941317929,0.335700865267749,7,1.09103389325831,9,0.782000072097967,16,0.382191382493083
113,217,12,3,9,18,5,8,2110,1579,2.0481644885927,3.05911548056973,0.301867187387283,17,0.416318461125113,10,0.851197390341321,7,1.17531495778471
138,221,12,3,8,17,5,9,1814,694,2.2467312606364,3.21674300351513,0.315168844713802,6,1.16212041942851,8,0.86906545643833,14,0.481649202783493
111,219,14,3,8,19,4,9,1515,772,2.17802513561542,2.88442583003415,0.330381798922057,6,1.12227414603588,8,0.772775172205674,14,0.336116345053415
135,205,13,3,8,18,4,8,2026,765,2.35153255782421,2.98587308445347,0.36113587114119,7,0.985048444976151,8,0.797979476893908,11,0.568589573326993
111,208,15,3,8,19,4,8,2234,1501,2.02462260595853,3.21326897659672,0.320855980544324,11,0.620664521271276,7,0.957497229217257,6,1.21168373715375
119,213,11,3,8,22,5,8,1510,717,2.30256316981609,2.85327054926528,0.354060619502301,9,0.791094344205262,14,0.440018893681616,25,0.048536691841809
130,214,13,4,8,20,4,8,1929,743,2.27745831928546,3.1862509361781,0.311262201695676,7,1.137558801859,10,0.843191695387464,17,0.459924762031912
125,218,13,3,8,21,4,7,2149,1306,2.37538201532657,2.82663296529425,0.369415626852746,5,1.36364671645504,5,1.3446977086283,5,1.28198654628582
137,229,13,3,9,18,4,8,1841,1383,1.95093617200251,2.82459906109942,0.319043106763596,5,1.21502019723672,5,1.38922094821176,4,1.46273076577082
131,226,11,3,8,21,4,8,1413,1528,2.27016497574146,3.21791286387814,0.326114145099158,18,0.218432157795487,10,0.686316369042553,7,1.09286637187383
123,221,16,4,9,17,4,9,1569,1178,2.02087616346176,2.77832709619177,0.302929850938703,5,1.43033234988591,5,1.45058875014508,6,1.27603881706433
111,219,15,3,8,21,5,8,2026,1071,2.22292680464084,3.21831489720715,0.351986476211781,5,1.42403745507162,5,1.44612633325117,5,1.41268365080034
110,204,12,4,8,19,4,9,1740,1573,2.23609588465984,3.07916314521206,0.352721647351022,19,0.470501296543502,11,0.855993051973889,8,1.15930008549622
118,210,15,4,8,21,4,8,2264,785,2.35467843137081,2.80998363339676,0.310713565899963,18,0.383384701959254,27,0.111181709971337,39,-0.156439722694283
111,203,13,4,9,21,4,8,1418,833,1.94671802579756,2.97646744170559,0.329618082373376,6,1.35500070969043,8,0.996947041855122,17,0.444034959573631
129,210,13,4,9,21,3,9,1774,1522,2.21555037222202,2.85743194439782,0.345875246255631,13,0.686587583094801,9,1.00376608809816,7,1.22936900106387
119,207,12,3,8,21,4,9,1691,1305,2.0277024077564,2.84118200459851,0.307042175522978,5,1.38676592023092,4,1.47856531503638,5,1.45391394143759
112,220,11,3,9,19,4,9,1976,715,2.06473029575641,3.05461828031911,0.347289834349389,6,1.15443511399314,7,0.939364354819027,10,0.641898724682859
129,206,11,4,8,21,5,9,1371,1109,2.28899998388584,3.07332928100003,0.358294200330014,6,1.43230941133466,5,1.46736486120252,6,1.37366545165836
122,212,13,3,9,19,3,8,1414,1609,2.16057496688659,3.14620412507428,0.348925239770646,16,0.202424020359426,10,0.610289540887057,6,1.00298963923677
134,211,14,4,8,19,5,8,2022,1438,2.02893911472852,2.92232624807728,0.313613720043535,10,0.912777445595401,7,1.19765362805124,6,1.35940170904716
113,211,13,4,9,22,3,9,1589,796,2.12374261937435,3.06569169083012,0.33746386113667,5,1.36272247408972,7,1.11311755307133,12,0.69573836880498
132,208,15,4,9,21,4,8,2098,1428,2.14899972997005,2.88438297429455,0.356856415598626,9,0.981093873034304,7,1.16942751732258,6,1.2848292036874
116,207,15,4,8,17,3,9,1909,992,2.32387409529979,3.02305702486409,0.314538955866332,5,1.41773050516078,6,1.28543441081103,8,1.02503506815262
118,230,12,4,9,21,5,7,1792,1116,2.19147143683727,2.93345614889039,0.31843749973082,5,1.46199222209395,5,1.4168305415932,7,1.23449046259757
124,219,12,3,8,22,4,8,1981,1474,2.38238195500667,2.79631813981904,0.369546617000337,5,1.26034507004714,5,1.34131659186452,5,1.36637708878891
136,224,14,3,8,19,5,9,1920,1052,2.08534204385574,3.137588273672,0.319144661902423,5,1.45496157932785,4,1.48693281263584,5,1.42573172375642
116,209,13,4,8,19,5,9,1576,1355,2.07646697185333,3.24823237576855,0.371875422625775,13,0.717183038922342,8,1.06640383545162,6,1.31438822704809
137,215,16,4,9,21,4,8,1514,844,2.32012836060817,3.23279563703908,0.318647087543244,5,1.50125854177508,5,1.41036492580236,7,1.14828573797058
130,220,13,3,9,18,4,9,1800,1200,2.38172406873996,3.03252513327969,0.300781274951036,5,1.38874372714115,4,1.46628759722262,4,1.43987093664888
114,229,15,3,8,19,4,7,2051,1011,2.19092650137241,2.80034358793272,0.373157898514504,5,1.29407584090313,5,1.17978406486954,7,1.00213737059699
125,216,12,4,9,18,4,8,2032,1425,2.3845061751395,3.11412541189564,0.349648492961163,9,0.982655765673248,7,1.19842477044727,6,1.32422896338071
121,229,15,4,9,18,4,8,1377,1429,2.19664106688793,2.88511558988465,0.310823691814179,12,0.727186314982275,7,1.15205132914373,6,1.37280116478968
112,211,12,4,8,20,4,9,1481,715,2.01250553301866,3.05608991899861,0.30833833011889,9,0.970194406678335,18,0.465372054792829,39,-0.089520543906144
131,208,13,3,8,17,4,7,1656,1566,2.05245225302274,2.78510453359557,0.327894119351144,7,1.03915277753997,5,1.29530310804945,5,1.43600337837516
137,225,12,3,8,18,4,8,1714,1304,2.10770663044746,2.80953636386765,0.339010811774964,4,1.43007897397788,4,1.48487491703441,4,1.4424429066404
124,227,14,3,9,19,3,9,1335,1032,1.9322345762826,2.91074610867871,0.343745894162888,4,1.539201837307,4,1.50283568320012,4,1.30734240247478
119,218,16,3,8,20,4,8,1934,1412,2.25179714880283,3.06511439004315,0.309393928005333,8,0.91545126467298,6,1.20419355389128,5,1.37645335537944
132,203,11,4,8,18,3,8,1902,925,2.41970224104221,2.83699236431492,0.307089961311753,10,0.915039888805892,16,0.564452217542195,28,0.169601055360757
118,208,12,3,8,18,4,8,2067,627,1.97892690993245,3.1350347808875,0.31778601910078,8,0.885137415430872,11,0.606152985216941,17,0.265795653662268
112,219,15,3,9,21,4,9,1671,1018,2.21438319406803,3.24951196828259,0.36306927445435,4,1.45537071276879,4,1.50520681722002,4,1.48740292724965
110,210,14,3,9,17,3,9,1447,1458,2.2035232873946,2.94194925942792,0.357287544934983,6,1.05814528973936,5,1.29314777612213,4,1.43853675034225
114,204,11,3,9,17,4,8,1466,1083,2.19513980469997,2.97117031731976,0.342797541051144,4,1.5456164853163,4,1.47198591569885,5,1.27161658107567
115,216,15,4,9,19,4,8,1885,788,2.31033078751857,2.82835700729264,0.358644121318097,9,0.888113376442287,12,0.631419601957724,19,0.319311908755489
125,223,11,3,8,20,4,8,2118,1112,1.98590278796251,3.22904206433667,0.349055192797417,4,1.45162712464373,4,1.49596617416689,4,1.48826168294066
127,220,12,3,8,21,3,8,1339,902,2.03490287236269,2.98523620882405,0.364001413612599,4,1.51806559703516,4,1.35523830300257,6,1.04734673669481
120,222,14,3,9,18,4,8,1812,1216,2.34932474217708,2.89827151217831,0.32357011678719,4,1.44122593718326,4,1.45910943259397,5,1.38117689269427
110,230,15,4,8,22,4,9,1375,1267,2.36448750815685,2.85388258465899,0.358836922972436,6,1.30532212578919,5,1.41361718167864,5,1.39736911884856
136,223,13,3,8,20,4,7,2163,1563,2.28804696522052,3.04124386229886,0.35982973816895,8,0.89546563210069,6,1.12215777649924,5,1.27679598152127
122,222,11,3,8,18,4,8,1520,1152,2.33072526178653,3.17228479304684,0.366831439166303,4,1.48137965223285,4,1.52464898483371,4,1.49371735969211
111,221,16,3,9,20,5,8,2282,961,2.19795970044429,2.85026070096863,0.342852740912671,6,1.18720213194099,7,1.02569660843966,9,0.805166916805136
115,230,15,3,9,20,3,9,2074,847,2.28686053476627,3.21336330094708,0.339152199952836,4,1.44966488454172,4,1.36698529421989,5,1.21910394288674
129,209,14,3,8,17,4,8,2074,1241,2.12483916602428,2.96773108461274,0.329886967121596,4,1.42448157545427,4,1.46393317973587,4,1.4330262828837
136,225,14,4,9,17,4,8,1858,832,2.42888970098789,3.10261295357121,0.347357931165929,6,1.27908928264611,7,1.08802462206078,10,0.807693276494879
136,211,11,4,9,19,4,8,1444,660,2.20750088415439,2.91439836838616,0.337702090471024,15,0.561981575679897,28,0.132258019347347,52,-0.300627306091748
119,202,13,4,9,21,4,7,1923,760,2.01517703554924,3.00678450980557,0.363596815793748,7,1.16612705209489,9,0.9367461944838,14,0.602047849110587
117,203,15,3,9,17,4,9,1760,668,1.959703983584,3.08107210317029,0.324231196372743,5,1.1861053348664,7,0.867092611566544,13,0.440781067641633
110,207,13,4,9,20,4,9,2306,1103,2.15264897964294,3.21785153069867,0.368134724526639,6,1.3302066359459,6,1.34479364060848,6,1.32174319176357
110,217,15,3,9,19,4,7,1332,1258,2.02461151204403,3.0137715748824,0.357981074779267,5,1.28496335211769,5,1.44601034236565,4,1.50218982264536
117,218,15,3,8,18,4,9,1746,1323,2.06209377370174,2.79103928425683,0.327853785633082,5,1.37568848494393,4,1.46515515981784,4,1.45361464940487
110,204,13,3,8,18,5,8,1603,1099,2.04527425936754,3.14118824520482,0.350189642040963,5,1.50375676288823,4,1.53007664254688,5,1.46209203482244
132,222,13,3,8,22,4,8,2094,1612,2.27134884319599,3.2024192027129,0.3051629025405,22,0.048008766742953,12,0.512984106449075,8,0.924076213542918
110,206,13,4,9,20,4,8,1458,1362,2.06379186532791,3.16447709122075,0.31283175776803,15,0.628715449374231,8,1.0751983970142,6,1.35061685011834
111,214,13,3,9,18,4,9,2313,1589,2.28979803047473,2.93783734360112,0.353025496928925,7,0.965906673411589,6,1.16542855084198,5,1.28715626519736
110,202,12,4,8,17,4,8,2082,1240,2.34607792816455,3.08369768777264,0.315270744069452,6,1.40390261834998,6,1.42926368150594,6,1.36665392534474
127,202,15,3,9,17,4,9,1666,1594,2.19343576751049,2.80738050856961,0.3396226549437,9,0.766205125006613,6,1.09910712360072,5,1.3219634476591
110,206,16,4,8,17,4,8,2300,1113,2.04191413692529,3.21541936316861,0.323944077073569,5,1.40307863364749,5,1.44004765029501,5,1.41111142098421
129,210,14,3,8,22,4,9,1412,1051,2.17402764580543,3.23411385336293,0.31525761242115,4,1.41977924549732,4,1.51132745628476,4,1.48617635018874
120,228,15,4,8,21,3,9,1891,691,2.24350220880802,3.01831368723286,0.321140500335927,9,0.92406588576635,13,0.605673147751205,22,0.2304915969777
114,226,13,3,8,19,4,7,1402,1460,1.95543671197589,3.02059451856984,0.367504597633118,8,0.897838192754103,6,1.21433952750517,5,1.41420414422503
111,207,15,3,8,19,5,9,1368,1576,2.14349916003044,2.77954915904773,0.370571037559743,10,0.804206211777515,6,1.14718005398368,5,1.36061867572744
115,207,12,4,8,21,4,8,1609,1258,2.07588788292701,3.07592938461674,0.3221027271738,7,1.25232448712006,6,1.42054336759937,5,1.46767233590108
124,216,11,3,8,19,3,7,1563,629,2.06661106071765,3.14362685003651,0.357339526145692,6,1.06845685369717,8,0.767745287979904,13,0.406405264966699
118,223,12,3,9,19,4,9,1436,674,2.35638673029239,3.11593339958562,0.31322687174284,6,1.06430160210226,9,0.690879600205735,16,0.250911869436829
113,224,14,4,9,21,4,8,1607,1527,2.18003355882461,3.04181293764485,0.333618494301076,23,0.243285285810773,12,0.716338235646175,7,1.11018510503197
121,206,15,4,8,18,4,9,1734,1322,2.21289471707637,3.02785260596646,0.373137227623696,7,1.14241323762144,6,1.31039091147874,5,1.39877025380844
133,214,12,3,9,18,3,7,1350,1615,2.10073957763012,2.7972822747506,0.333432979314561,8,0.806776568798734,6,1.15577965731227,5,1.37641880798016
135,220,14,4,9,20,4,8,1625,820,2.20183790645893,3.03126726665867,0.313935854463811,5,1.358583368679,7,1.0875951383189,13,0.641008005047
127,215,14,4,8,18,4,9,1683,957,2.15614260158832,2.86519738653077,0.312666722564931,6,1.37828058136249,7,1.13403966153019,12,0.701925075702914
136,222,16,3,8,20,5,8,1758,1590,2.38449908218677,2.90010393777264,0.356716967551942,12,0.585884288310021,8,0.938062442309175,6,1.1936569317038
131,230,13,4,8,18,4,8,1462,774,2.1700514050513,3.01204572239293,0.314927970050807,7,1.16272416326407,12,0.74157557106721,24,0.206775829892498
131,228,14,3,8,17,4,7,2020,1152,2.40846712312992,3.06698117771519,0.316817258848781,5,1.45690475926966,5,1.44808751339911,5,1.35912852462167
130,208,11,3,8,19,3,8,2039,1035,2.3002449067622,2.93991396942509,0.313668552218909,5,1.40628809063281,5,1.27131543409478,6,1.04494136230011
122,223,15,4,8,21,3,9,1350,1596,2.17617345772083,2.79977288463486,0.352490414111848,20,0.353984919451528,11,0.809856684670402,7,1.16394479477579
129,220,13,4,9,18,4,8,1763,1196,1.94061563893552,3.04617295780552,0.342650377183194,6,1.31656414632338,5,1.44358021773099,5,1.47039068555008
133,217,11,3,8,19,4,9,1564,676,2.26604301653202,2.93307722726239,0.336189007191891,8,0.83073530124275,12,0.49001446808687,20,0.111742702847274
121,213,14,4,8,18,4,8,1988,1047,2.42808351836498,2.95069983222855,0.32711389604115,6,1.36128649508468,7,1.21243386719122,9,0.963157550672538
115,221,15,3,8,21,5,8,1470,1414,1.9627291484117,2.78999003389252,0.331908776043887,7,1.0947541051212,5,1.34604896756105,5,1.44932637161496
111,214,12,3,8,21,4,8,1485,1610,2.19104568085964,2.91559140005482,0.356932112007375,10,0.729797431881898,7,1.07536646144119,5,1.32040435288931
122,227,16,3,8,21,4,8,1758,1593,2.08157471738155,2.94228726246728,0.328950348674292,14,0.380628852488229,8,0.796874899197987,6,1.14387562800969
129,222,13,4,9,18,4,8,1893,922,2.03718219868238,3.11803499975575,0.343970976202721,5,1.47371448313072,5,1.39472675233811,7,1.19770613318035
119,229,11,4,9,21,4,8,1348,1284,2.33557725868518,3.18604676046742,0.300893276176388,11,0.88351139740684,7,1.24163328138173,6,1.41774546710704
128,206,13,4,9,19,5,9,2045,1525,2.11563702843483,3.13738657155408,0.311794231264825,29,0.132323891460877,15,0.605100215211176,9,1.0099449218662
118,218,12,4,8,18,5,8,1725,1440,2.28457267008121,3.10548470535649,0.357159000067944,10,0.9005325650977,7,1.17511597230499,6,1.3508305910415
138,204,12,3,9,21,5,9,1672,1130,2.28723309359844,3.10207707801236,0.341666739611859,5,1.40928568178521,4,1.4739254467443,4,1.45102628051856
128,204,13,3,9,19,4,8,1567,1180,2.18160466275508,3.08463994779957,0.346376984744305,4,1.41718511611792,4,1.5018255275555,4,1.49943347151503
110,225,15,3,8,18,5,8,1504,859,1.97855115107591,3.16997851052655,0.359178649811978,4,1.5365615776938,5,1.42251937378368,6,1.14746566403955
110,209,13,3,8,19,5,7,1582,1014,2.14385045490558,3.06541286030186,0.3025217257356,5,1.52699361805583,5,1.41449172615378,7,1.11927159255056
113,196,10,4,10,19,4,8,1204,840,2.1037183048516,3.03945593157185,0.342517194329734,6,1.32510608200888,10,0.942520305553759,20,0.390545036987548
104,190,10,3,9,19,4,7,1172,1295,2.14492384515102,2.843751396922,0.332638551472659,5,1.50871068404475,5,1.52021345791355,5,1.37963732564276
121,194,11,3,9,16,4,7,1752,1067,2.28468389234836,3.16380081692113,0.323526072679992,4,1.53440624122639,5,1.48832712078439,5,1.34678960708404
109,213,13,3,10,17,4,8,1880,938,1.97254329159255,3.02879555144681,0.332900813399787,4,1.50489206979238,5,1.40275276019614,6,1.18077343844159
111,198,10,3,10,18,4,7,1679,1003,2.42504186353977,3.08542273559941,0.3075859109787,5,1.48444009567586,5,1.34069909880192,7,1.06554059160663
127,193,10,3,9,15,4,8,1251,1319,2.01354938171203,2.80961151042355,0.356385844378705,5,1.49195533923799,4,1.530177009255,5,1.43961338943214
102,205,12,4,10,15,4,7,1109,900,2.37408206782634,2.79155656316651,0.368938314347501,7,1.1142794111104,12,0.708345931780642,24,0.21094078720165
121,202,10,4,10,18,4,8,1667,1579,2.36625177583988,2.99809540429486,0.355372358291383,14,0.66807652700183,9,1.01492992657413,7,1.25687970297354
124,218,13,3,10,18,4,8,1546,946,2.12458563766773,3.15394959965123,0.307765748343403,4,1.54269248753933,4,1.48659362021065,5,1.28126560897438
119,212,13,3,10,19,5,7,1385,1016,2.04572024367149,2.84087893733157,0.377908488540883,5,1.49235763804506,5,1.37368069162551,7,1.08521497316972
115,211,13,3,9,15,4,7,1965,1027,2.24632267079647,2.76867793121708,0.356501291125054,5,1.26102010306255,6,1.0980472668976,8,0.85530064998871
118,191,10,3,10,16,5,8,1831,977,2.41157279334362,3.19852636375798,0.34478356036448,5,1.46673334021661,5,1.36519558972532,6,1.17708417275943
106,201,11,3,10,18,5,8,1359,1440,1.97829905695612,2.84552173682822,0.326215128033395,7,1.12071896733527,5,1.36940635575989,5,1.46789768810429
101,205,9,4,10,19,4,8,1582,1501,1.99698099664743,2.94332785525693,0.376893732874627,10,0.943730719367174,7,1.22264866169555,6,1.39747014405933
127,203,11,3,9,18,4,7,1568,976,2.07662405989463,3.06304980435742,0.348999787299867,4,1.54463645542965,5,1.44058121919092,6,1.21068972891101
104,201,11,3,9,16,4,7,1522,764,1.96831177532072,2.79880436131133,0.364877861171002,8,0.905165425442919,13,0.531123702330786,23,0.1046466786472
119,218,10,3,10,17,5,7,1508,972,2.19301120362575,3.05714489140881,0.319140303312774,5,1.50513940634097,6,1.34211509272346,8,0.999023340785997
113,217,11,3,9,17,4,8,1441,1178,2.06538056752975,3.094498794464,0.339631539761062,5,1.46651265071632,4,1.53518714300231,4,1.49871408195254
128,201,13,3,9,15,4,7,1703,1109,1.98840227521355,3.16820026555432,0.356332495241399,4,1.4965104065254,4,1.53893074386117,4,1.4999842765831
109,208,9,3,10,18,5,7,1568,1209,2.40893883428867,3.11951870837582,0.34399292561316,5,1.46967951587774,5,1.50521322943842,5,1.45425185001913
123,191,9,3,9,15,4,7,1395,707,2.33310950718219,2.72494362567885,0.343607174782986,19,0.248563954716213,30,-0.089944296236776,47,-0.427602433237654
112,198,12,3,9,15,4,7,1658,1499,2.19974479995067,3.0772336236514,0.370613371758694,7,1.02523820802501,6,1.25484930028799,5,1.40808392771456
121,205,9,3,9,16,5,8,1667,694,2.36724171958263,3.00301669159306,0.352449863581891,11,0.705696122647404,16,0.403826781250475,27,0.064333288897244
114,216,9,3,9,14,5,8,1926,1164,2.20191384277637,2.73778439865781,0.352025247543092,5,1.35827666389422,6,1.22304090189319,8,0.987293997528637
118,212,10,3,9,17,4,8,1266,1003,2.27757994256313,3.03665582456959,0.312471225290532,5,1.5248822386949,5,1.36337330822837,7,1.00870893201014
116,216,13,3,8,15,4,7,1468,845,2.36012555084522,2.89555821934117,0.343296002774472,6,1.12802538102991,9,0.806340063432924,15,0.398653804663022
123,203,9,4,9,15,4,7,1726,652,2.26716060362155,2.77477691316379,0.306475735307644,54,-0.266155086509597,81,-0.565314937105657,121,-0.866238322471908
107,196,12,4,10,19,4,8,1772,788,2.10136144779022,2.99802760401143,0.367586458652253,6,1.20540875406342,9,0.967282956701069,14,0.619021999859401
127,210,11,4,10,18,5,8,1717,1430,2.25121844730671,3.00159294524563,0.343161838679547,10,0.935832709610879,7,1.21119561907882,6,1.37034767133119
106,216,11,4,9,17,4,8,1154,1557,2.43262455783184,2.74743559950365,0.362977717249627,8,1.08230240923892,6,1.32987588798828,6,1.42642128563245
121,213,12,3,9,16,3,8,1486,1294,2.17211497745807,3.04295812168492,0.342394076465602,5,1.35277185070797,4,1.47716070141832,4,1.5166253550949
106,209,9,3,9,17,5,7,1187,949,2.34692625127132,3.12030692019833,0.308472184362794,5,1.45245732456324,7,1.17799228957701,12,0.687141788972134
112,193,9,4,10,17,4,7,1514,1236,2.22193665228183,2.97053391852749,0.352915258138413,5,1.4762841498709,5,1.49121862325933,6,1.39226522969449
128,211,13,4,9,16,4,8,1772,837,2.0151473300844,3.18875030794514,0.358134774296517,5,1.47294823641391,6,1.34330204103031,7,1.08360401453911
101,197,10,3,9,16,4,8,1795,759,2.42755646429355,3.18197269359006,0.35731426420712,6,1.10655997637967,8,0.894094710435574,11,0.623117691686764
112,196,12,3,9,15,4,8,1807,719,2.05510410837228,2.7757944426812,0.347505627005334,10,0.703837526805078,15,0.394548904276578,24,0.041450716418943
121,206,12,3,9,19,5,8,1297,852,2.23752627692516,3.19806746759785,0.323393918006654,5,1.50624005795509,6,1.30663469563364,8,0.913538450461634
120,217,10,3,9,16,5,7,1649,744,2.23238162122066,2.80208059766663,0.36079394760632,12,0.651066271321867,19,0.323527627741082,33,-0.042923713589984
105,201,9,3,9,17,5,8,1231,696,2.29544199428852,3.14005232968701,0.330842068224187,9,0.834918414277082,17,0.386905849527204,33,-0.08782072271421
116,217,10,3,10,17,5,7,1439,1287,2.31941760502155,3.16778535762204,0.325818871884579,6,1.24375827846637,5,1.42291717782209,5,1.49128398820867
107,202,10,3,10,17,4,8,1007,1010,2.06892843715246,2.94252366938962,0.309533852982307,5,1.48252305371259,6,1.21498486989143,10,0.697338424073516
122,195,11,4,9,19,4,8,1363,1470,2.04760644755657,3.10643516102208,0.316308794721002,23,0.354121340954616,11,0.88382506312239,7,1.25484848475487
122,195,13,3,10,16,3,8,1040,1545,2.11874019525344,2.8785094133891,0.310205920963521,10,0.614100137778089,6,1.07311095180723,5,1.34800467008414
101,207,13,4,10,17,5,8,1082,1574,2.17651245913799,3.01849372306241,0.362928221552606,31,0.072830477257279,14,0.644188039445819,8,1.12068977510545
103,202,11,3,10,17,5,8,1647,1023,2.26408130846317,3.06469715752972,0.321347656278844,5,1.50997943151954,5,1.41102482001431,7,1.16947155347554
103,212,11,3,10,16,5,8,1052,1440,1.97249664350743,3.04379565635098,0.312614394343431,15,0.553141746091639,8,1.07942466879276,6,1.36339365060983
99,193,9,4,10,16,5,8,1068,1083,2.245463559249,2.82294072577132,0.316959427102442,6,1.41033440140311,9,1.05728802808969,19,0.444099129286373
113,202,13,3,10,15,4,8,1430,1406,1.97135695054526,3.1066750697173,0.352307970254655,9,0.855599117020912,6,1.19200929159811,5,1.40388962958625
127,201,13,3,10,15,5,8,1759,865,2.00228976256545,3.19611884274853,0.329999432145591,5,1.50979436914503,5,1.39011497002827,7,1.11815684675867
108,197,10,3,9,17,4,7,1926,1348,2.38106221876438,3.09490100660695,0.345644527106519,5,1.39079387080822,5,1.45800851083,5,1.46629596843829
124,203,10,4,9,18,4,7,1300,770,2.28636781297023,2.97936753549946,0.311047642855878,12,0.762244690615111,25,0.251882085677712,51,-0.261527126654321
119,210,12,4,10,15,4,7,1637,1513,2.42930070481594,3.20129049935711,0.340943569122786,17,0.490929760292805,10,0.912113030686678,7,1.21872106154517
103,204,13,3,9,16,5,7,1760,1510,2.4176034720927,2.99065376439465,0.333573710351224,9,0.97627793436381,7,1.2323886602831,6,1.37559918092081
120,217,11,3,10,17,4,8,1465,1190,2.22664085946376,3.06421677389516,0.30625208077577,5,1.4257378735465,4,1.50498187133129,5,1.46689261701809
107,198,9,3,10,15,5,7,1697,1414,1.98120368815358,3.13749970116986,0.342482377021546,8,1.09924511551051,6,1.33119619882417,5,1.4651122906334
108,199,12,3,9,16,4,7,1571,1319,2.42276869139965,3.09683961787594,0.375186390607591,5,1.37407689841467,5,1.46078039768751,4,1.48594345990896
119,215,10,4,10,17,4,8,1566,1150,2.10221133551891,3.16096795716656,0.339272608785863,6,1.42154025164008,5,1.50328183573945,5,1.4764488247804
121,202,11,4,9,18,3,7,1275,791,2.01600618086155,3.1347489766158,0.321448315112824,6,1.27582330209161,11,0.84452688226431,23,0.260890863310297
106,192,10,4,10,19,3,7,1719,1460,2.37384767256076,3.05447552719487,0.362974185674424,8,1.07366106783896,7,1.27295638924078,6,1.3898130723691
111,216,13,3,9,16,4,8,1483,611,2.24381453714664,2.75751592585219,0.315687509058947,21,0.116304634981204,34,-0.2391943776037,53,-0.585798050516416
121,208,9,4,8,18,4,7,1464,825,2.20541180095966,2.77702207484616,0.355015262394185,14,0.695635536239274,25,0.284267881571131,48,-0.153313797376765
105,206,12,3,8,19,4,7,1606,607,2.07672735474403,3.11363665380849,0.347918016641373,8,0.836381906427761,13,0.4975941326472,21,0.115246959289767
105,208,11,4,9,16,5,8,1193,1349,2.04939587585027,3.01400430121792,0.315259275390739,8,1.11862249680556,6,1.38589216368278,6,1.46619006326008
109,217,13,3,8,19,4,7,1280,1028,2.08779703996475,3.10483042517079,0.333036758928532,4,1.56332877470719,4,1.50644538919428,5,1.29663732567884
115,201,13,4,9,17,4,8,1296,1086,2.42721203885372,2.95026738562955,0.345807940690751,5,1.50539927034854,5,1.41692803490746,7,1.16613513832381
117,207,9,4,9,15,4,8,1269,1448,2.12143776736553,2.80533949652089,0.367753520040746,7,1.30130593530359,6,1.44644344781215,6,1.4610397466678
104,213,13,3,8,15,5,7,1619,1023,2.41497815571125,3.18924255290402,0.33759854155683,5,1.50796395101777,5,1.43097208045292,7,1.23990630987144
115,202,11,3,9,16,4,7,1199,660,2.20157940111454,3.17173145332707,0.318830347239013,9,0.814464760683812,16,0.355962665392435,30,-0.115726989153641
109,216,12,4,9,16,4,8,1555,772,2.08049910686309,2.98588047542943,0.332346360563273,7,1.09529471011589,12,0.70095267736107,24,0.209205011179681
125,210,11,3,9,17,5,7,1104,1355,1.95640069789584,2.85065845766438,0.339773321329589,6,1.32734337663312,5,1.47500987670555,5,1.46043729285244
123,217,11,3,10,16,5,7,1780,740,2.11791131816204,2.80868501582516,0.372046762137647,10,0.81505620200861,14,0.52231364949963,24,0.165600932715498
126,210,11,3,10,14,4,7,1484,1303,2.30122358522708,3.17679886141194,0.360571945636506,6,1.2815888532791,5,1.43178658439709,4,1.49930907917289
108,196,11,3,10,14,5,8,1331,1383,2.0411661209851,2.7869017682351,0.310452847360606,6,1.36179888896113,5,1.47309876252298,6,1.41587634526075
111,196,9,3,9,19,5,7,1945,1446,2.07449221036727,3.08279315748585,0.377543962924714,7,1.1729481874202,6,1.32571682500841,5,1.42815656529089
121,206,12,3,9,18,5,8,1838,1156,2.13753337583835,3.17943448939694,0.319399006842608,5,1.41950476963559,5,1.49125766734427,5,1.47993047278877
120,198,12,3,9,17,4,7,1253,1175,2.39294890485103,3.12974364676846,0.347807478337521,5,1.4842809090563,4,1.53487374706228,5,1.48126767008047
118,191,10,3,9,16,5,8,1615,709,2.19774327597911,2.89694584527386,0.369251462249989,10,0.764674577683453,16,0.445206222506939,26,0.078385930755511
117,212,13,3,9,16,3,7,1166,1414,1.99482521958048,3.02547944703473,0.358272393970723,6,1.04573497622059,5,1.31916928505571,4,1.4696690383651
118,217,11,3,9,16,4,8,1098,963,2.12245329640205,3.12884224572552,0.343297513752217,4,1.56472072208985,5,1.44131567752144,6,1.13572860613019
117,190,11,3,9,19,4,8,1601,1580,2.17440668664272,2.75565700971855,0.332098323284621,6,1.10302314757872,5,1.32908719031267,5,1.4431124801153
105,218,11,3,10,16,4,8,1870,633,2.3413292261153,3.14441106834782,0.332580155312056,9,0.785651130659606,12,0.522223011949088,18,0.22105491482046
101,191,10,4,9,18,4,7,1313,1070,2.24598337135608,2.81846877553834,0.354062899379964,6,1.41699289195232,8,1.1685465205435,13,0.735967429789144
105,215,10,3,10,18,4,7,1192,786,2.2440591546088,2.72716236387713,0.345459101526971,10,0.675286785082627,18,0.240374578656204,33,-0.196429270747422
106,218,12,3,10,16,4,8,1400,676,2.24902019820507,2.76437843957318,0.35663836541676,11,0.579123931260426,18,0.212672192196578,31,-0.166190341808804
118,205,10,3,9,18,4,7,1919,1503,2.42249257288272,2.73757825971914,0.325580338566537,5,1.36926854655288,5,1.4284112694935,5,1.40331701204169
112,195,11,4,10,17,4,7,1314,1250,2.44334403596218,2.96874963858498,0.351884547798867,5,1.4481101041663,5,1.49002363997054,6,1.40831091062677
112,203,10,3,9,16,3,7,1435,1017,1.99490299246604,3.12283657112492,0.345730384617085,4,1.58268480134625,4,1.50464965584631,5,1.2958856041071
101,195,13,3,10,19,4,7,1076,1330,1.95004256240423,3.0087561718501,0.375248394339318,6,1.21339818622297,5,1.42325882104112,4,1.50564688616857
117,191,10,3,10,17,4,7,1261,772,2.12114469132717,3.12507859983815,0.36371699216866,5,1.31347202654579,7,1.00515974837554,12,0.576232945712374
119,201,13,3,9,16,4,8,1031,1485,2.10254877231414,2.7544075622536,0.310249036914642,7,1.08437729219943,5,1.36252000591686,5,1.44504021862575
113,195,9,3,9,19,4,8,1124,660,2.41030235014255,2.94229675450696,0.338542017518515,14,0.454409609960529,23,0.058668826270631,38,-0.323879904096673
120,211,12,3,9,18,5,8,1871,1049,2.12493535301979,2.98326406994237,0.344398828773732,5,1.47758240437394,5,1.41548602560191,6,1.24909659781246
106,216,11,4,9,16,4,8,1530,748,2.18339380047615,3.07120696821583,0.337517183451886,8,1.07036023828393,13,0.692765037154253,24,0.229801989469747
127,201,10,4,9,16,4,7,1794,1540,2.11824298820789,2.75278050818814,0.3740613201549,7,1.18310031627209,6,1.32914065580971,6,1.39427715032713
102,207,11,4,9,15,4,8,1659,971,2.10733034632499,2.97856606164349,0.36310938241982,5,1.43363881478795,6,1.2717616361836,9,0.971114384659538
102,213,13,3,9,19,5,8,1683,653,2.28053937278087,2.80319593468083,0.3542197683742,15,0.461326217390129,23,0.149999426839195,37,-0.186594974872576
111,210,12,3,9,18,5,8,1573,590,2.33386675439174,2.82669831433667,0.318363449527855,28,0.00927013160974,45,-0.323823313546596,71,-0.654629644810972
112,201,12,3,10,17,4,8,1364,1052,2.04502977601583,2.85214610019101,0.369651580779786,4,1.5375414554592,4,1.42678572274204,6,1.1708289359639
104,205,12,4,9,15,4,8,1401,1103,2.35235793314273,2.76750582077874,0.311726788236732,6,1.41569375506879,7,1.1578331191248,13,0.686966490744267
127,192,13,3,9,18,5,8,1217,1353,1.97907673365767,2.96571170905007,0.341546661584611,7,1.1119988922661,5,1.37059222624747,5,1.4780221487778
106,210,10,3,10,19,4,8,1789,1099,2.37222663483913,2.99639255919827,0.380219180314774,4,1.46180579077669,4,1.41269861004901,5,1.30428982362087
120,194,10,3,9,15,4,7,1198,951,2.38134674153621,2.86151264229191,0.374014202683205,5,1.31496245853263,7,1.03558105308191,11,0.637941921942724
120,197,11,3,9,19,4,7,1769,1321,2.22079716048534,3.15887553611172,0.319575240268345,6,1.26550451812685,5,1.42222588840514,4,1.49144407424677
107,204,9,4,10,17,4,7,1412,1072,1.95189838654692,2.9660603217162,0.349396459191079,5,1.54406450520392,6,1.42776480697812,8,1.11977111932039
113,190,12,4,9,19,5,7,1841,1330,2.23878113351162,2.74334114411248,0.364710737197633,6,1.36931327212529,6,1.36528276681572,6,1.27102607928735
115,208,13,4,10,15,4,7,1473,855,2.03192497960622,2.8928516171254,0.35281417015099,6,1.29228257851848,8,0.967091990909997,16,0.487732294203791
107,194,12,4,9,19,5,8,1754,1582,2.12478868089016,3.20298991718663,0.351462944774861,29,0.15420826166556,16,0.589376514381034,9,0.992753905562299
125,195,11,4,10,17,4,7,1035,727,1.97204523704345,2.9273305497445,0.344548893897767,13,0.674286489178959,28,0.115900575272739,59,-0.412643168471251
115,197,9,3,9,17,5,8,1472,1549,2.15102965555484,2.82652222731484,0.361465447573895,7,1.14682077971608,5,1.35438695558246,5,1.46108839491379
128,205,11,3,10,15,5,7,1558,1118,2.05413618854578,2.89222788432015,0.33898305091166,5,1.51703384801601,5,1.44717001631701,6,1.21751974565411
101,211,11,3,9,17,5,8,1903,824,1.99048482797439,2.8259650356449,0.344610432713265,7,1.02885218665591,11,0.731814605336584,18,0.340574051693292
105,213,13,3,10,15,4,7,1161,806,2.0243823172837,2.96311543503178,0.345217398731942,6,1.24573052462875,9,0.838935304841228,17,0.304189704500205
117,196,11,4,10,18,4,7,1581,683,2.20408917389209,2.93592625477685,0.340320044933791,14,0.625217470696571,24,0.239660001844294,42,-0.167995538130108
121,215,9,4,10,16,4,8,1962,1459,2.39041672072704,2.77240066224111,0.359508950441117,7,1.28470249794309,6,1.3335312176236,6,1.30726054085959
103,218,9,4,9,17,5,7,1268,1463,1.94894950541998,3.03379518905057,0.334137687264914,12,0.834260951259651,8,1.22901099984067,6,1.43292550087762
121,215,13,4,10,15,4,7,1400,1351,2.41394300184543,2.77199940377248,0.373006210654015,6,1.35987701600669,5,1.42784327103623,5,1.38330009370027
104,215,11,4,10,16,3,8,1225,1403,2.14046935162838,2.82873106369151,0.351840693681474,7,1.24752832368106,5,1.42553916600922,5,1.46301702515379
111,199,9,4,10,16,4,7,1122,775,2.40487689695652,2.91439258673562,0.355478980570073,13,0.693460335361003,25,0.236291543775479,49,-0.222880123555338
121,212,10,4,10,18,3,8,1620,589,1.9527785697333,3.20187230029477,0.362769041388268,9,0.973490346877163,14,0.605496708914064,26,0.171675057201767
100,198,9,3,8,19,4,7,1262,1318,2.11564048550422,3.09389491000546,0.35017407628798,5,1.40105731533171,5,1.51353860133562,5,1.52740063474559
98,206,12,3,8,21,3,7,650,605,1.62193949132557,3.09698690095318,0.304911157666678,23,-0.051407399150547,39,-0.511517912721261,60,-0.903985218686046
82,185,10,4,7,20,3,6,1029,545,2.29694660923774,3.50511933484448,0.417417771547074,14,0.712740500105514,24,0.340516173238278,42,-0.043502904699632
91,188,13,4,8,19,4,9,1661,1806,2.46468385479744,2.7449535838641,0.28606026749217,33,0.083756843617841,15,0.674376340202053,8,1.11560906825295
106,206,10,3,9,20,6,9,365,1172,2.28969898245628,2.99915401258839,0.400789693920846,5,1.48125879478764,5,1.48059200101537,7,1.26904296425309
124,201,6,3,9,20,4,8,499,2260,2.20336767456825,3.52131498971356,0.282762615560527,200,-2.66655925951133,200,-2.40609335657412,200,-2.09548022553274
93,221,14,3,10,17,4,8,884,585,1.69117574564512,2.81698365130795,0.355392832486863,23,0.04139689383805,44,-0.430191990777948,73,-0.843209522853521
117,179,7,4,9,22,5,8,2147,1441,1.67722942105825,3.42965216555966,0.298869580208297,41,0.062756540063652,21,0.535594736626921,11,0.98260192768493
85,169,10,4,9,16,4,6,973,855,1.97861936114128,2.64306267717255,0.313355969815488,48,-0.175845278994975,98,-0.683815546510934,173,-1.12097954165105
100,211,14,3,9,18,4,9,1621,1529,2.26953878424461,3.3570467344798,0.332113171546693,21,0.081306180432862,12,0.517580399293828,8,0.93943383216401
100,197,6,4,7,24,4,5,300,1849,2.16597571394737,3.19237859168423,0.414967198102708,155,-0.804225381813125,68,-0.216741507559909,24,0.48521163931208
79,180,11,3,9,19,4,7,1364,1730,2.15942999146278,3.29258019843472,0.306266131429906,50,-0.465929694307801,27,0.004935791052977,13,0.565784326133914
95,185,10,4,9,23,5,6,1405,695,2.22563865206535,2.9518684855975,0.329714016049142,21,0.368414628417089,40,-0.071746051815363,75,-0.501059945208706
92,186,8,3,9,22,4,7,297,1936,1.75524839184578,2.88106448569668,0.333947006790871,95,-1.01466023032395,48,-0.439517682211916,19,0.321872440009474
126,173,6,4,7,21,4,7,1600,367,2.35851528666313,3.26083333411587,0.351993847816224,132,-0.668405150155832,177,-0.877658440881262,200,-1.10519075091925
81,173,13,4,7,20,5,7,832,695,1.63678697481151,2.64796579995526,0.286831061719889,197,-1.22464260263865,200,-1.63732534076951,200,-2.02656973278878
85,212,7,3,10,21,5,6,1687,2271,2.35478838703926,2.59545248554422,0.349041500120396,46,-0.252061529071817,24,0.197820076214764,13,0.669616748477759
94,203,5,4,9,17,5,8,1170,542,1.97436576507385,3.11601639905346,0.349562715916867,78,-0.377896306777596,136,-0.762284852243312,200,-1.11711473935878
123,225,7,3,8,22,3,7,2155,1356,1.64693955502803,3.51959837594403,0.345907003610368,10,0.782112723371423,7,1.05099710998951,6,1.28456810332302
90,218,10,4,9,18,3,6,2016,471,1.7381755875736,3.05798522749318,0.315515630870099,36,-0.027259277691964,57,-0.358987220897882,90,-0.701612818176207
89,214,6,3,7,20,4,6,1845,796,2.43724342606361,3.54938180365933,0.409997923104996,6,1.29465312898103,7,1.18312199074595,8,1.02716373429592
125,178,13,4,9,16,3,6,1802,2005,2.42950936577613,3.58612615981473,0.418742693393464,103,-0.807861893441456,74,-0.546071034415876,50,-0.246600871784653
75,221,13,4,8,21,3,9,1470,501,1.89040237090881,2.64160845795048,0.365682555167908,47,-0.263980927371394,73,-0.591765643130213,108,-0.908005414804148
107,190,13,3,7,19,4,9,1450,528,2.09475883267219,3.41964293637646,0.37014637681746,6,1.06362568793082,9,0.752476076623583,14,0.378605899685458
117,205,4,3,10,23,3,7,455,1742,2.57949223540123,2.88882173219098,0.404661677210564,15,0.534335830002892,9,0.988281588579474,6,1.29346111931584
94,222,12,4,9,19,4,5,1264,2259,1.6589191237777,2.74618658044709,0.422628391711945,158,-1.18004852397979,103,-0.828945738004836,56,-0.363244268872405
92,177,5,4,9,19,3,9,405,805,1.94608064911659,3.00187454738988,0.344781749873395,51,-0.066192929551052,122,-0.650464599474353,200,-1.12896668526942
71,220,11,3,10,17,3,9,1773,334,2.04306530378158,3.51673681655301,0.278964662357206,19,0.08404259546183,27,-0.200997816218535,38,-0.491417756756967
115,201,14,3,9,21,5,9,486,1225,1.9280782880574,3.48375953355206,0.395884505837197,16,0.392334422828706,8,0.952163070979905,6,1.3081331983404
76,212,12,3,7,19,4,6,309,383,2.10595863483245,2.83283929148091,0.315992178945775,194,-1.61411293498607,200,-1.81788577742738,200,-2.01626504764237
85,206,12,4,9,23,5,6,755,1356,2.47034158728416,3.18452001729382,0.37223149034285,10,0.978550162628414,7,1.30984291325719,6,1.46089212139312
85,187,10,4,9,22,5,6,1348,1726,1.66680593959386,2.64730536558999,0.402336961953874,13,0.74816674414827,8,1.157095567042,6,1.39308436764333
111,221,6,4,8,15,5,9,402,1784,2.43613549492652,2.65612490841521,0.408040017812486,16,0.732759265473123,9,1.17744420777276,7,1.37638253642457
127,180,13,4,8,18,3,8,1991,1323,2.2343239428788,3.38799906888379,0.37124615403914,10,0.977979029727122,7,1.17964558456063,6,1.32531649753046
109,185,8,4,10,19,4,6,1206,1617,2.19041385672386,2.63244189688338,0.402698031990762,7,1.24445256570757,6,1.40037581178252,6,1.43224597814408
126,180,7,3,9,15,5,8,1652,1188,1.97949256918724,3.03299091377629,0.288837634577389,5,1.53021716018304,5,1.50120172971471,6,1.30468495342294
93,177,6,4,8,15,4,7,1957,874,2.51773872397239,2.99725783982648,0.392808208792443,21,0.535692243924818,27,0.347052517792254,38,0.132721899103066
92,192,10,4,7,20,4,5,1545,1345,1.6462340632766,3.06990460672749,0.333907225160832,7,1.33258780600914,6,1.49146125611795,6,1.51272286261054
85,169,12,3,8,17,4,6,1071,1085,2.31728645584877,2.76164410629643,0.368604786126847,5,1.37554715815009,7,1.08762051207961,12,0.648902535858608
128,196,12,4,7,18,3,6,647,409,1.86601253769691,3.09101746597661,0.325545519023175,166,-1.14091180788676,200,-1.42930865389509,200,-1.70771839386636
103,214,6,4,7,18,4,9,474,1351,2.16965636036689,2.97457964339627,0.38651546034121,7,1.36177523659091,7,1.46935513529886,7,1.36898177435401
125,208,9,3,10,19,5,8,1366,2227,1.82151981613929,2.70548873761071,0.301050466476912,179,-1.45140805751266,118,-1.07651758587411,62,-0.567679581078895
75,222,12,3,9,16,5,6,1857,1686,2.16208597443397,2.83107114949597,0.352022028892274,12,0.759829448761813,9,1.05972902201817,7,1.26721039172409
116,205,12,3,10,20,5,8,1123,2066,1.6765760051399,2.95003921904934,0.315935655861134,200,-1.76829197950961,171,-1.42503608892329,102,-0.969388768377387
109,184,10,3,10,18,5,7,865,2050,2.42109354756172,3.31136823811902,0.343095185785527,200,-1.6347897013528,169,-1.29068415272661,100,-0.856089033244003
126,222,8,4,10,14,5,9,1741,1478,2.59033032677467,3.24564875283612,0.287401414467926,22,0.399770930773838,11,0.936402942460699,7,1.26407508898477
93,215,10,3,10,15,3,9,1863,673,1.67120118237431,3.16526300826443,0.285599429338212,6,1.07202017255026,9,0.650425732149151,17,0.156482401792484
117,207,5,3,7,19,3,7,2205,785,2.27904226801689,2.8485183230914,0.400559658735032,17,0.434407556815159,20,0.327759108157768,24,0.192879101913419
119,209,13,3,10,21,5,7,1898,990,2.087364340046,3.27134091773404,0.338923000722165,5,1.47861168952539,4,1.49445067129416,5,1.4330709420658
126,215,12,4,9,22,3,7,2104,2033,2.24437423966224,2.80090815940274,0.278275796203847,110,-0.899816077078544,61,-0.420405886636234,29,0.128607649798762
101,169,9,4,8,22,3,8,1881,2196,2.02991976759727,3.49148447432889,0.322826335757012,200,-1.86627706576934,200,-1.59613850720159,200,-1.29000210140073
87,218,9,3,9,24,3,6,371,1220,1.65381318128998,2.70234509178771,0.345676127999062,5,1.44226490441826,6,1.15734213599079,11,0.568120655537723
87,187,14,4,9,20,4,7,871,965,2.10777940771873,3.40842951455487,0.284778693496222,6,1.4738084711713,6,1.46165734437504,8,1.18647933731275
79,176,12,3,10,22,4,7,1853,581,1.89348601720626,2.92450745025052,0.294349742858643,18,0.219374151308425,30,-0.142825990982275,48,-0.509376722656428
105,219,10,3,9,16,4,8,1216,966,2.42646183989341,3.27916080870999,0.282764747916694,5,1.53410467853338,5,1.41163613439733,7,1.08562907515947
129,193,14,3,8,21,4,6,855,1086,1.78048836610611,3.41043306508435,0.33145617785954,6,1.28894663289148,5,1.46339761739744,5,1.48634321006153
118,189,8,3,9,20,5,6,641,944,2.08888542077835,3.39353973784817,0.307675896017785,6,1.50914773428225,7,1.31542895963451,11,0.825169438568447
123,187,12,3,10,20,5,9,987,1921,2.31280883572395,3.14860750356091,0.423716090052361,81,-0.83003599808287,50,-0.461488232970743,27,-0.00058314891867
80,180,7,4,8,15,3,8,1749,2252,2.2861067893296,3.38463402905835,0.278880314148004,200,-2.07015745677234,200,-1.7163365613939,200,-1.31308658500279
115,185,5,3,7,23,4,6,588,2062,2.19199069760139,3.05885465064419,0.295856920807595,200,-1.56254204188343,141,-1.13935186839858,73,-0.570275646126235
111,169,10,4,8,18,3,6,869,2270,2.58120998165901,3.0389265827216,0.376445643036599,200,-1.43366736098179,174,-1.07491180297297,100,-0.629214463129574
94,188,10,3,8,20,4,8,788,1592,1.9915585758477,2.86380189464761,0.36061176749968,9,0.852523251596656,6,1.23851017153856,5,1.43422927117741
105,186,8,3,8,19,3,8,941,1507,2.1717411520272,3.18945408978833,0.333931803136105,12,0.624051361819123,8,1.05439964408066,6,1.33928134390428
113,195,9,3,9,20,3,8,1749,1550,2.27454119346435,2.85507586778475,0.355593475132222,6,1.18701115556716,5,1.34539331946807,5,1.43124899408438
100,208,8,4,9,17,5,8,1317,1249,2.31073244831855,3.08614724495782,0.320975637800033,6,1.43872900649982,6,1.50445413577527,6,1.42958791071212
93,199,10,3,9,18,4,8,1135,1386,1.89258939571078,3.03298666694535,0.338441204457517,6,1.17346578146863,5,1.40802164785469,5,1.50086338247858
109,199,8,3,9,19,4,8,1240,1758,2.08861079237754,2.99561211088074,0.329583011372919,27,-0.013192030010928,14,0.499916835067485,8,0.993437499405443
101,204,11,4,8,20,4,6,1581,1568,1.96192657373245,3.04004636028184,0.384425974815125,14,0.702312451761586,9,1.05616823750413,7,1.31220540405986
86,193,8,3,9,17,3,7,963,1520,1.9943639280587,3.23667920747174,0.364006523220772,11,0.724973372152289,7,1.11933531413843,5,1.37472480160521
103,211,8,3,9,20,4,8,1165,1469,2.14068036697204,2.96840302267445,0.318982519014711,7,1.05423102713547,6,1.33668428639363,5,1.4681621770004
94,205,11,3,9,17,3,8,1296,1210,2.03517570517356,2.9024140722431,0.319088473535116,4,1.52992091049253,4,1.52060992441545,5,1.35958809037941
94,198,11,3,8,19,3,8,786,1545,2.25865458867843,3.05321476974858,0.352056414811845,10,0.690836321254904,7,1.10882083506881,5,1.36894539161365
108,198,12,3,8,20,4,7,1675,1435,2.31281965396698,2.8722445237763,0.33905125501656,5,1.34491579585229,5,1.44913897472363,5,1.47143256256754
96,212,12,3,8,17,4,8,813,1156,2.13976612112815,2.98373376944436,0.312875244618366,5,1.50876313769184,5,1.46240364893972,6,1.181143221523
97,209,8,4,8,18,4,7,829,1217,2.08054075560863,3.28470290818585,0.32167703266346,7,1.33232116934143,6,1.48148133630799,7,1.44840650838788
95,200,11,3,9,19,3,7,1469,1256,2.09353152833278,2.92793612548483,0.333545314698453,4,1.50699080370646,4,1.53785389051171,4,1.4595205758514
114,191,8,4,8,19,4,8,924,1764,2.31856613776977,3.09419272461308,0.323759221463437,120,-0.724810451884219,54,-0.148469342645805,20,0.540959204912406
92,206,8,3,9,20,4,6,1259,1378,2.13879727742965,3.06890911975278,0.325251504211659,6,1.32522923460666,5,1.47807158939191,5,1.51538761559652
95,206,10,3,8,21,4,8,1290,1136,2.12687914989288,3.19350184121503,0.359909632234807,4,1.52060518269891,4,1.56027184371485,5,1.49948651217135
109,205,10,3,8,20,4,8,1385,877,2.07692513785656,3.08540209749116,0.336203305601115,5,1.45285586811413,6,1.21023159368139,9,0.806256895357539
112,196,7,3,9,20,4,7,1390,1528,1.98689166627224,3.10162518539799,0.32225996720695,11,0.752558563638516,7,1.13647231538321,6,1.37916768516019
109,205,10,3,8,17,3,7,1158,1147,1.87354237943287,3.19513658800496,0.337042515157695,5,1.50463845236273,4,1.54951090770139,5,1.46757226077721
107,196,8,3,9,20,4,7,1081,854,2.12445687673385,3.26685984053982,0.332697077273364,5,1.45854619547607,6,1.17670345357032,10,0.71789471615787
105,200,11,3,8,18,3,8,804,926,2.24205573818977,2.89826717221511,0.362010678081746,5,1.31967880968688,7,0.961686957728841,12,0.484620120708424
104,209,10,3,8,20,4,8,950,1534,2.07336890123184,2.85990244889034,0.316918232283528,9,0.884523043421925,6,1.2605735540763,5,1.43120386647483
111,186,11,3,9,19,3,6,913,1441,1.87893018110986,3.20097554841412,0.329690874173279,11,0.627494203331549,7,1.08160987289245,5,1.35686340111498
90,191,8,4,9,21,4,8,913,1454,2.17373483798797,3.25771067657841,0.317467355347211,29,0.269245684291324,13,0.8753191966479,8,1.27302557568954
95,204,8,4,8,18,4,7,1300,1729,1.8972484896272,3.25880275287999,0.321906871153946,110,-0.687162693241957,55,-0.177315597590815,22,0.46244815635642
92,197,8,3,9,17,4,8,1708,1779,2.14929317853744,3.09307150164021,0.372554271846051,16,0.408030603564523,10,0.763365402317555,7,1.0833496601884
103,192,11,3,8,19,5,7,879,888,2.14402475378807,3.18592507758511,0.362203595965142,5,1.48009934587975,7,1.2059844706004,11,0.732375977016207
103,205,11,3,8,21,3,6,1040,1103,2.09883458338077,3.27976752438916,0.37914928290152,4,1.53802493828645,4,1.57591287614135,4,1.51456507932876
106,188,8,3,8,17,4,8,927,1645,2.24182432315643,3.11073059955014,0.376198101966615,15,0.482608119927116,9,0.94040842181078,6,1.27241929268847
97,185,11,4,9,20,3,8,1686,1655,2.22053086183364,3.00312335410489,0.355611660509343,20,0.453347401746967,12,0.833116301348582,8,1.14625761812148
108,211,8,4,8,17,3,8,1482,831,2.00400743804271,3.05106076219452,0.361010848908658,7,1.21794894654168,11,0.861062686986801,22,0.375805969410382
108,208,10,3,8,21,4,8,1097,1513,2.32048198006446,3.07392094650639,0.349741985826726,10,0.768143971671907,7,1.14475739070204,5,1.38177523641553
94,209,10,3,9,17,3,8,766,831,2.0186939331084,3.17455006757153,0.364258458643193,5,1.3949272429868,6,1.06557210145726,11,0.590762399773667
106,212,8,4,8,21,4,8,1596,1711,1.88461547888215,2.92810538777484,0.372393030851121,30,0.219690860610688,16,0.669495987672575,9,1.0703463319731
100,196,10,3,9,17,4,7,1543,1545,1.93185449562366,2.91329883405341,0.331512998222346,7,1.0306707536768,6,1.30601632976803,5,1.45973793923372
113,186,11,3,9,21,4,8,1442,1527,1.87597640774543,3.30625880875958,0.315397179211463,26,-0.060276246792011,14,0.430577683614683,8,0.932875492512802
91,203,10,3,8,19,4,8,1243,961,1.9243200289398,2.88528197252525,0.378552553980584,5,1.45077997109036,6,1.19877299642749,9,0.784772623140607
109,205,8,3,9,18,3,8,824,1232,2.28571169994171,2.89363130175842,0.371876651971574,4,1.54117492620455,5,1.50633103335913,5,1.32014903934349
95,190,10,3,9,19,3,8,938,1742,2.31466963312919,3.29508395114316,0.331751696943278,41,-0.474546781493901,24,-0.031479783127072,13,0.505403595703415
93,206,9,3,8,20,5,8,1143,1694,1.94051419369276,3.14808897295369,0.331877349494929,47,-0.323524268897208,22,0.230652486120663,10,0.828210237409506
98,187,8,3,9,20,4,6,1706,1349,1.94378365001972,3.09003541984929,0.349114688663716,5,1.39857406497493,5,1.50342114001174,5,1.53389503180001
90,191,9,3,8,18,4,8,1242,1091,2.23764097116287,2.89594278105868,0.369128295212025,5,1.51368011801377,5,1.35609030211587,7,1.05167696146136
102,205,9,3,8,20,4,7,1481,1219,2.36374636910255,3.18024472513569,0.353558939128155,5,1.48954817490459,4,1.53298725341339,5,1.50117657509659
110,205,10,3,8,21,4,8,1637,1320,2.30529823324974,3.09562982240094,0.327453592224951,5,1.33144427668639,5,1.45636605724536,5,1.49534144719541
96,201,10,3,8,18,3,7,1458,1778,2.25497242234047,3.30115832009686,0.364832460313077,24,0.015244269674569,15,0.390719055482757,9,0.791967142497998
111,191,11,3,9,16,4,7,773,1786,2.27732741258438,3.26345972338093,0.369163450031514,62,-0.641956233239431,34,-0.172356761818514,16,0.407423737087983
95,199,7,3,9,16,4,7,810,910,2.14363148234184,3.06108910956753,0.385041143923039,6,1.31881277788852,8,0.964423535365728,15,0.484144970644795
94,206,11,4,9,18,4,6,1667,1119,2.17039349100883,3.1984644941367,0.332694989620681,5,1.51363907627473,5,1.52034540657356,6,1.42199229309762
93,190,7,3,9,17,4,7,838,1721,1.86868242717679,2.95523335405959,0.387657732694382,16,0.442041436427564,9,0.949182773210506,6,1.29796126807851
97,203,9,3,8,17,4,7,1625,1144,1.99120045624073,3.30865482607258,0.341627049623961,5,1.52313708129484,4,1.56430598730365,5,1.52795213891809
110,208,11,3,9,18,3,7,1224,1014,2.15655603430564,3.02264898636712,0.314062125041122,4,1.54107026482353,5,1.39330385158361,6,1.05958413442348
109,199,10,3,9,20,4,6,1486,1096,1.91475937313731,2.98882454254998,0.348432146935696,4,1.57149426903271,5,1.50541264994499,5,1.29852830166139
87,205,11,3,8,18,4,7,1412,1005,2.29562532327468,3.14563922205342,0.366830098061795,4,1.54686044238782,5,1.45027010828518,6,1.24169828157867
102,211,11,3,8,20,4,6,1497,1545,2.19026672265823,3.09407220402135,0.362412750153775,9,0.882424510657129,6,1.18144076541061,5,1.38339943719279
98,194,8,4,9,19,4,8,838,1786,2.34257345817382,2.87829147645606,0.320503683007295,65,-0.319181226834807,25,0.354772905757654,11,0.980595010262917
98,194,8,3,8,18,5,6,1480,1311,1.99653159997757,3.0927271060027,0.356267469554181,5,1.45503567622374,5,1.53520929046745,5,1.52142315572334
88,206,9,3,9,21,3,7,768,869,2.00235258958633,3.1371521762885,0.359572353391881,5,1.39752013398431,7,1.06147395393101,11,0.573184710401183
89,188,8,3,8,21,4,8,922,1634,2.11804779789741,2.88678460562004,0.345180004267926,11,0.779543474168427,7,1.18356117880068,6,1.40594081086208
117,192,12,4,9,20,3,6,1316,1493,1.97765400431449,3.3519570640601,0.369424965410466,30,0.117514423156687,16,0.590861418959484,9,1.0317448602524
91,192,12,3,7,22,3,7,1234,1466,2.21218899808223,3.34011359134091,0.390073307781453,9,0.842142012580291,6,1.14177865943149,5,1.36192861006154
97,193,9,4,8,20,3,7,1437,809,1.95660676977928,3.48499537625683,0.352907920061583,5,1.53241520816011,6,1.35029849521343,10,0.982599457656386
117,218,11,3,7,21,3,7,643,883,1.99396864495571,3.37578411021603,0.350672179824645,5,1.54125573845035,5,1.39072935371333,7,1.02204946772877
99,207,9,3,9,19,3,7,1186,1127,2.14419732413585,3.14961358526124,0.394838247626061,4,1.56189661258229,4,1.57023944201315,4,1.48619805711808
113,219,9,3,8,22,4,6,1104,645,2.04879478535945,3.13167491176499,0.392843850879903,8,0.948035326893173,12,0.563020931962857,21,0.14070506370267
102,206,9,3,8,19,3,7,1497,833,1.89444293625052,3.20590953150166,0.396275679199929,4,1.51724343810015,5,1.35973561048922,6,1.08188446341068
111,199,10,3,8,21,4,7,805,818,2.2877423556834,3.3918572775401,0.403351610331769,4,1.5437578220992,5,1.36520573383593,7,1.04340555472475
93,200,13,3,9,23,3,7,1338,1331,1.97615630350406,3.05166605667544,0.378933175086016,5,1.25357207289589,4,1.42731276474877,4,1.51730246154158
109,213,9,3,8,23,3,6,948,1479,2.23095847091968,3.10008542606009,0.390980819790597,7,1.02756756850083,5,1.29724196456562,5,1.45863638453522
97,210,12,3,8,22,3,7,1082,626,1.97299325636919,3.15359301486386,0.407307287483449,6,1.1272657801319,8,0.787281278482952,13,0.390930176657311
95,205,11,4,8,19,3,6,595,732,1.93859867177303,3.37030477443112,0.394163484304185,7,1.22044809228143,12,0.752016446367987,27,0.18567518120416
92,194,10,4,9,20,4,6,803,1423,2.00642269275482,3.33013917127026,0.360381782605285,21,0.429088694706459,10,0.984679023555985,7,1.33170255982528
98,198,13,3,8,22,3,7,1308,736,2.15430111608799,3.36382065334691,0.381158248512978,4,1.50566039353026,5,1.33187919469084,6,1.04814882881476
100,215,11,3,8,20,3,7,734,1480,2.21445421300228,3.16026982286347,0.394771085112328,8,0.829796414456672,6,1.18537249048287,5,1.406696781374
115,197,11,3,8,19,3,6,648,685,1.86579703151579,3.31640676775349,0.412831077902551,6,1.19941095129316,8,0.816716841130322,14,0.367442548527803
109,213,10,3,9,22,3,6,551,658,2.1958895715266,3.03833173861129,0.355150401025052,12,0.456020258225944,21,0.016510863236494,35,-0.380310135945083
99,213,11,3,7,19,3,7,876,1244,2.09694916925724,3.297550301937,0.352439715891118,6,1.30269201572054,5,1.4702819349851,5,1.52101629508357
115,193,12,4,8,23,4,7,1144,981,1.95061326942737,3.11675019928588,0.38354937079453,5,1.55785058839895,5,1.47320223409427,7,1.20419384226504
101,208,11,4,7,19,4,7,1383,1095,2.01483941994007,3.16446835914029,0.36758352610373,5,1.54315584421112,5,1.53548449450347,6,1.40010365118929
100,194,11,3,9,21,3,7,776,819,2.11025593600566,3.47112144151105,0.381085046558613,4,1.5815441884509,5,1.44277113694338,6,1.1530884861439
93,197,9,3,8,20,4,6,1150,719,2.18158558926876,3.32947949686421,0.351928252159591,6,1.16822588501365,10,0.798207924632824,17,0.345171325441817
109,208,10,3,9,21,3,7,1299,842,1.88199214435513,3.26787213602437,0.381060280828709,4,1.58117190615653,4,1.45211776241912,5,1.18348206273946
97,195,11,4,8,21,4,6,570,1315,1.9746224822789,3.51721553125752,0.35438294838273,23,0.366766461355929,11,0.970040037445466,7,1.32846561128816
94,193,9,4,8,22,3,7,1179,857,2.27486122570331,3.19958006956948,0.380428048401112,6,1.39498254952995,8,1.12531081953448,14,0.696466089755986
108,206,11,3,8,21,3,7,844,1137,2.06113197825248,3.0382198010884,0.376439898638959,4,1.54712539325216,4,1.53962130832271,5,1.38748896959572
107,214,10,3,8,22,4,7,1458,1114,1.9121365340739,3.24728931107892,0.379565588562722,4,1.5048350941107,4,1.56542711837076,4,1.54279602921919
116,191,11,3,8,23,4,7,1180,609,2.0706251951247,3.20691591122521,0.366520305155749,7,0.976928007883915,11,0.583717550468267,20,0.150218183396505
91,197,12,3,8,18,3,6,848,1493,2.11346028170879,3.12067256489171,0.380069817035432,8,0.936823632160647,6,1.25965698411018,5,1.44733015223006
108,196,10,3,8,22,4,6,605,1322,1.93222082577045,3.24913696565999,0.384790232210393,7,1.13158783453718,5,1.39055843412529,5,1.50360194267511
96,218,9,4,8,19,3,5,928,1440,2.1945513280421,3.15595654764546,0.395424444406266,9,1.07297003832222,7,1.34697848604974,6,1.484616028543
91,212,11,4,8,22,3,7,1188,904,2.21817536077793,3.3600465766467,0.374265847532983,5,1.56570472589619,5,1.47519937174907,7,1.2351867814312
104,194,11,3,8,20,3,6,1402,615,2.09750459513958,3.14422263571395,0.380891699521775,7,0.960371331671302,10,0.650989169155598,15,0.298829819862901
107,203,10,4,9,23,4,7,1373,1030,2.19750593028362,3.32784245529545,0.382452119319672,5,1.50605117811216,5,1.5317928458886,5,1.45926061865947
94,193,12,4,9,22,3,7,1032,1021,2.23290074787433,3.29054976621045,0.377272713362212,5,1.5359142221484,5,1.54008788227403,6,1.41121924135772
90,194,11,3,9,22,4,6,1292,764,2.29177106342609,3.3420776239909,0.369179612576003,5,1.43199842763111,6,1.21392299408801,8,0.875757450361876
112,203,12,3,9,22,4,7,1014,1052,2.34551654181774,3.18167204776181,0.399050272433991,4,1.55244133549689,4,1.55438461092801,4,1.45227885287593
97,219,9,3,7,20,3,6,961,632,1.86246819778676,3.13735283532513,0.386568702190156,10,0.672132678175556,18,0.259243105707334,30,-0.141602267102917
111,200,13,3,9,19,3,7,1238,806,2.10667223654087,3.28794945397748,0.386863088040585,4,1.56424646562982,4,1.43851381900656,5,1.19131769656523
100,203,13,3,8,20,3,7,1039,1528,2.28451711855228,3.40267772593869,0.37212821635508,16,0.257586152265487,10,0.688625007136806,6,1.07947390985181
113,217,11,3,8,20,3,7,1038,755,2.18664375863369,3.16025758901013,0.360685226499076,5,1.31293945528665,7,0.986314117617727,11,0.555625199900403
90,208,9,3,9,23,4,7,964,999,1.9067583771735,3.27009720721615,0.344662712319727,5,1.57040745234604,5,1.51373611975729,6,1.2704448274423
97,191,9,4,9,22,4,6,572,1444,2.0684471668988,3.30028627434147,0.392783858804936,20,0.479123904074482,10,1.01678302205832,7,1.34577908531541
116,200,12,3,7,21,3,6,996,1382,2.18384359202678,3.38618580618275,0.388453065781827,8,0.912512668393161,6,1.21687957995999,5,1.41860139692998
96,191,13,3,7,22,4,6,560,1130,2.0234850885659,3.04077063494695,0.347912424235577,5,1.53147458663272,5,1.44796763418918,7,1.13047699878413
96,193,9,4,9,22,3,7,776,749,2.02724921129043,3.05720050440503,0.35752647611403,14,0.704470004836543,31,0.130763138133564,66,-0.39917369000282
101,219,13,3,7,22,3,6,1044,946,2.31616924128826,3.03270965342743,0.37647004890346,4,1.51390399307111,5,1.33220326467715,6,1.01209085205192
98,198,12,3,8,19,3,6,1261,971,1.91364130548532,3.35732738294972,0.414079449503655,4,1.60794367646165,4,1.59519981598509,4,1.49361073352802
102,213,11,4,8,21,3,6,1244,839,2.08554207704361,3.34539474168194,0.404557670085664,5,1.54719704468739,5,1.41365747610192,7,1.13976993988631
115,218,9,3,9,20,3,7,1334,1191,2.1212831827193,3.37332604446782,0.385714597432847,5,1.36159812843378,4,1.4877447585796,4,1.54858944466665
101,196,9,3,9,19,3,6,1419,704,1.9471816586643,3.51281661906613,0.347907848834033,5,1.44081882398552,6,1.19685856379191,8,0.822387900111783
101,217,10,3,8,22,3,7,1376,835,1.95576590470369,3.0792446545638,0.387749111085171,4,1.46955438988347,5,1.26731662552735,7,0.936051842647322
92,210,13,3,9,20,3,7,1131,1260,2.24274031243618,3.12422220030202,0.414138051300282,4,1.3824656139027,4,1.49733585722853,4,1.53771535431243
100,201,11,3,8,20,4,6,1059,1219,1.85416112638409,3.32775942602528,0.346901892489726,6,1.29041235385022,5,1.46999831057361,5,1.52812117991061
98,194,13,3,8,22,3,7,822,1271,2.23770401797588,3.19199102738274,0.404752474456067,5,1.32751700558328,4,1.47864792721933,4,1.53754424555567
101,210,12,4,9,19,3,6,953,779,2.08410642466838,3.38027618446721,0.403180789380307,5,1.5285873438996,6,1.325288380434,9,0.949491539582501
105,198,12,3,9,22,4,7,1064,794,2.06690634212787,3.41834197559727,0.376919537960524,4,1.58433960313134,5,1.44649499821472,6,1.16215551691007
90,196,9,3,9,21,3,5,928,1457,2.21522564611728,3.25038787343873,0.383392206757302,7,1.01682533363106,6,1.29771109210348,5,1.4658764443348
107,219,12,3,7,19,4,6,602,1217,2.21936378798778,3.36976526298894,0.414677461414571,5,1.35205226017252,5,1.50131925284663,5,1.54555677551979
96,206,12,3,8,22,3,7,1440,1205,1.90604486114676,3.08684079342855,0.393394065826173,4,1.46846950896315,4,1.54458110561467,4,1.5456828255477
93,193,10,3,8,19,3,7,598,747,1.98590614817436,3.13332412758244,0.389233521549935,7,0.983341174269211,12,0.541390144101674,21,0.083883590252525
97,218,10,3,9,22,4,6,1167,859,2.10826064071949,3.26300835230721,0.347431948958869,5,1.5277771762816,5,1.33222907968808,8,0.962679686831227
92,213,12,3,8,23,3,7,989,866,2.2147790583163,3.47781817236317,0.406093851654763,4,1.60873918813772,4,1.56006434244958,4,1.40502045059119
101,218,11,3,8,19,3,7,1286,1407,2.11350316725071,3.3916299156226,0.400897348850007,8,0.886797181399755,6,1.16915942598709,5,1.37643883562549
104,203,10,4,8,22,3,6,1249,1092,1.97165196559723,3.48681594052685,0.406766831307645,6,1.4221700952222,5,1.53022554905624,5,1.55231446145702
89,213,9,3,9,22,3,7,1509,924,2.17906142196949,3.34539903321637,0.394470561473603,4,1.57475441957895,4,1.52624372408256,5,1.39681174840075
106,199,9,3,9,20,3,6,1378,799,2.20279244504268,3.12899633863343,0.37204965221786,5,1.33466330387141,6,1.08913732453872,9,0.74525114711797
92,209,12,3,8,23,3,6,781,1019,1.86978025532658,3.509294640211,0.397814788847203,4,1.50991151292692,4,1.57416970743628,4,1.53582664215454
95,211,10,3,9,20,3,6,985,1336,2.0476298572808,3.1146962306775,0.37693429234528,5,1.31270833947748,4,1.47222358072807,4,1.53436890456181
117,219,10,3,9,18,3,7,1037,1280,2.04535650632675,3.24098887660874,0.407653068928952,5,1.27322338071739,4,1.44527313062489,4,1.53591237009446
92,206,9,4,9,20,3,6,901,1556,1.93277929148967,3.25515970209016,0.357517765640254,40,-0.0248933433596,18,0.568158251677013,9,1.08595253358524
94,205,10,3,8,20,4,7,804,650,2.17343954167659,3.50887368240727,0.377397339968915,6,1.22346507857118,9,0.84876940950953,15,0.388530305338239
95,206,9,4,9,20,3,6,604,1377,2.07967423818405,3.28860373416318,0.354540702505941,15,0.690178088351085,8,1.1621507306224,6,1.407247548104
102,202,12,3,9,20,4,6,893,1489,2.11616815052326,3.3076641670741,0.410300704269643,14,0.474758574382531,8,0.92267606934104,6,1.25884621055989
93,195,13,3,8,23,3,7,871,1257,2.04501629791553,3.46726341166867,0.414800333409543,6,1.07109303627667,5,1.32591001463457,4,1.48134691050419
95,192,13,3,8,20,3,7,650,966,1.92476284674699,3.12144983181132,0.352508834182257,4,1.52344273505779,5,1.32985405086779,7,0.911120639145359
104,197,9,4,9,20,4,6,1121,1525,2.01915367863472,3.45222346105946,0.416495324104066,33,0.125104983934703,17,0.600322070515716,9,1.03968746185948
108,207,10,4,8,21,3,6,1530,1560,2.12173203549678,3.32260529318226,0.358635977460975,28,0.227838390114376,15,0.657416671793649,9,1.04956723409754
91,201,10,3,8,23,4,7,1305,1162,2.10713286123569,3.41254891076459,0.353922337098951,5,1.40657830503487,5,1.51897445426863,4,1.55237185232932
97,208,13,3,8,22,4,7,1308,1292,2.13463867626483,3.50505475321187,0.413124060063595,7,0.970163612052819,6,1.22993610068023,5,1.41317669932305
97,195,12,3,8,19,3,6,655,951,2.10464830122287,3.08129505434407,0.396178493826623,4,1.51037223562476,5,1.28778361813552,7,0.89999592505987
101,209,13,3,9,19,3,7,1089,702,2.24583593926723,3.14223564037455,0.376183656035895,5,1.27065457889937,6,0.965194506859345,10,0.571659713613707
93,209,11,3,8,19,3,7,853,695,2.01900229773815,3.06260554858817,0.405123191504712,7,1.00833108229644,10,0.621716283003936,17,0.204721814714333
112,205,11,4,9,23,4,6,1434,1454,2.23058370671566,3.14861372479571,0.376533067404265,12,0.792525616707107,8,1.12372060624226,6,1.34737321654258
110,196,11,4,8,19,4,7,890,895,2.30971563778217,3.37932328501118,0.390284245639081,5,1.57037100792231,6,1.44223513022651,8,1.1435022837926
112,205,10,3,8,23,3,7,994,964,2.25658471308048,3.15578659990204,0.345091103567714,4,1.55262690144727,5,1.41807848941129,6,1.10864532039081
111,211,12,3,9,21,3,7,585,671,2.21932486615474,3.311769436983,0.351993808700676,6,1.15984307380448,8,0.734034882001188,15,0.246300407585987
106,195,11,3,9,21,3,6,1059,1426,2.15950233660038,3.17385412373913,0.342027091948288,8,0.911737940240629,6,1.23807827312006,5,1.43131057068623
99,201,12,3,8,23,4,7,1534,1490,2.0244791599303,3.30989358940495,0.350166545986171,13,0.494059240999701,8,0.890830038559654,6,1.21374221373535
90,195,13,4,7,22,3,6,780,800,2.20262680373485,3.47378994145764,0.361072126208777,5,1.48671768846228,7,1.21436264867738,13,0.7212882660991
89,205,12,3,8,23,3,7,896,663,2.23109311781223,3.07637174793852,0.39844642224812,6,0.99033426591003,10,0.627819821216832,16,0.236354361873798
105,215,9,4,9,19,3,7,553,1168,2.11191675982769,3.22965991118325,0.370653714417453,6,1.39748977343042,6,1.4995811515587,6,1.43492755669206
110,214,12,3,9,23,3,7,1112,1568,2.16265136919315,3.09200172865165,0.382604889004464,12,0.491565536219227,7,0.892992735227251,5,1.21636431620511
109,207,10,3,8,21,3,6,1083,1320,2.23039490900333,3.41146163263692,0.36895168515944,7,1.08832301181017,5,1.33356040971073,5,1.47886893159465
103,218,12,3,7,21,4,6,599,1113,2.34349645099933,3.13708600768221,0.407229007213349,4,1.56756173421834,5,1.53599839218712,5,1.36986959783561
90,191,13,3,8,20,3,7,1182,956,2.34399260006244,3.48545251407994,0.381222067206139,4,1.58879521573494,4,1.58111972082798,4,1.49016917720652
113,199,13,3,9,19,3,7,841,726,2.06904416702087,3.23610719659699,0.380984879462952,4,1.38726320744438,6,1.08248734022547,9,0.652306836523652
100,211,10,3,8,22,4,6,643,1447,1.90497761390503,3.26233443239106,0.369412215976948,13,0.539253575078462,8,1.04549027304202,6,1.35169443458345
115,194,13,3,8,20,3,6,1452,1519,2.04151661119754,3.27255533256901,0.383207040457959,10,0.657930539947962,7,0.988560893116383,5,1.25731526979118
104,191,9,3,9,22,4,7,1298,1247,1.9745712967902,3.14292085537089,0.387749942569966,5,1.4217541094604,4,1.52444790214061,4,1.54542112076152
103,210,13,4,8,19,3,6,564,1421,2.21688053927715,3.19995863356961,0.37058385628366,16,0.56263432232049,9,1.07251772711145,6,1.3667824183242
93,219,12,3,8,19,3,6,1344,1244,1.987900191763,3.44286332645787,0.415247296719785,5,1.2565609074869,4,1.42122334946818,4,1.52878303192689
111,196,9,3,8,23,4,7,1493,1487,1.9434289651304,3.09859966853036,0.371060837983126,8,0.925942316732339,6,1.21500468510695,5,1.41020119827742
95,215,11,4,7,19,3,6,813,1204,2.09152227065857,3.09562462934626,0.347357321522171,6,1.48108272669585,5,1.51403231319627,6,1.36495677517829
101,216,12,3,8,20,3,6,1169,1052,2.34461692891414,3.33336247125043,0.368425091533894,4,1.5594025444633,4,1.5731169468176,4,1.49786073589736
108,212,10,3,7,19,3,7,893,605,1.85967007263894,3.101773325292,0.388656234174008,11,0.582916447685427,19,0.171642630820749,32,-0.21841671403721
108,201,11,3,8,21,3,6,622,696,1.94207182697351,3.18256161728276,0.41407679411673,6,1.08089072786864,10,0.677126091127531,17,0.237384023626427
113,210,10,3,9,21,4,7,733,1229,1.88306255064304,3.05609422357155,0.382365564434762,5,1.41955575000315,5,1.52126128192292,5,1.48744457125682
116,219,12,4,9,20,3,7,1183,811,1.92575810275371,3.05749498674048,0.412337216167683,5,1.45188831498265,6,1.21118632238371,11,0.799856517378497
112,201,13,3,8,23,3,7,1373,1083,2.00432170353229,3.20673146465195,0.408428969412083,4,1.50365514742746,4,1.55514411851826,4,1.53749123219898
99,211,11,3,7,19,3,5,807,966,2.12550021133716,3.0834659672655,0.373179809926982,5,1.48821178850555,6,1.24257533708273,9,0.831100826885766
112,209,12,4,9,21,4,7,1533,1022,2.14479065857227,3.11004175612105,0.414620080023045,5,1.47595381339023,5,1.46329704851617,6,1.36058204144538
113,215,10,3,8,20,3,7,553,1147,1.89706777206953,3.09597524621857,0.354003479509587,5,1.48387883295931,5,1.49793987155754,5,1.31760837687535
107,203,10,3,8,22,4,6,1482,1427,2.12651551685627,3.06111329042686,0.34175550270916,6,1.19990171181873,5,1.39731584187182,5,1.49683343970305
106,202,11,3,8,20,3,6,1026,1102,2.22709060631092,3.22905696549786,0.406351719229455,4,1.56590433142479,4,1.57818700204805,4,1.50080449367314
93,216,10,4,8,19,4,7,662,1510,2.30856243691738,3.22163766243828,0.380405017166371,23,0.375731032947908,11,0.929928644809028,7,1.29542783297421
90,218,11,4,7,20,4,7,1058,996,2.02867346427734,3.11495481052769,0.349027596219415,5,1.54399019590893,6,1.3601406526063,10,0.93687866086964
114,219,9,3,8,23,3,6,1447,1047,2.29916805944736,3.35973153629674,0.37000371682548,4,1.54994743526939,4,1.55936808089403,4,1.49393546235645
95,198,11,4,7,19,4,7,1310,1120,1.90594491533334,3.17398042598141,0.348515864266987,5,1.53644369095255,5,1.54403065397975,6,1.40062299488376
103,202,13,3,7,19,3,6,1419,1417,1.87368660032148,3.19894587614907,0.381521754889722,7,1.05835788009185,5,1.30510334242786,4,1.4630246853022
101,209,11,3,8,21,3,7,1197,955,2.16482123158271,3.38296812394036,0.370778823821778,4,1.59138213158299,4,1.56646854512554,4,1.43410812872458
103,200,11,3,8,20,3,6,1270,1237,2.10548990390594,3.29098862030877,0.364788962705965,5,1.38381407357279,4,1.50589673836454,4,1.55169409999406
99,212,12,3,8,20,3,7,1146,1273,2.18646904251869,3.31331513443364,0.394616538464064,5,1.25987681535527,4,1.43002003092997,4,1.52741504249251
108,212,12,3,8,22,3,6,1062,906,2.15081418476398,3.22504931309594,0.377982062651748,4,1.58002221841204,4,1.4617915839198,5,1.20682995293166
104,206,11,3,8,20,3,7,1256,1116,2.06571869722898,3.34382551529778,0.370268877773518,4,1.48253969848487,4,1.55833807760922,4,1.55256565992571
108,212,11,3,8,20,3,6,1234,1321,2.04745270482595,3.18485873186363,0.364577268521274,5,1.26601616592582,5,1.44076907650197,4,1.52783648122031
106,207,11,3,8,21,3,7,954,1005,2.08942353896196,3.38978039839638,0.382797096102471,4,1.56162889330353,4,1.57843724529038,4,1.48693774178125
106,207,12,3,9,21,3,7,971,1210,2.18225953898723,3.37430770316495,0.366129123969907,6,1.19901522779313,5,1.40628518799906,4,1.51433585784488
106,209,12,3,8,22,3,6,996,958,1.98035123742516,3.33377918222321,0.361817631256739,4,1.58659180143208,4,1.54680615428411,5,1.36617445754287
98,204,10,3,8,22,3,6,1116,1196,2.14917088470752,3.31272072711362,0.368194463468129,5,1.43800291473116,4,1.53669098862733,4,1.55018944844926
100,208,10,3,8,21,4,6,1004,866,2.04791023752983,3.15480051532721,0.368073271765346,5,1.44931394113252,6,1.16801674577134,10,0.723008997218079
108,202,10,3,8,22,3,7,1037,1022,2.21092241428192,3.33336698630227,0.389575789301629,4,1.57180188134635,4,1.57256507619582,4,1.47083678588275
107,204,10,3,8,22,3,6,830,935,2.01459614358242,3.18367689655496,0.38628065082335,4,1.56051009188614,5,1.39372311352065,7,1.05711075839862
101,199,11,3,8,21,3,6,810,1259,2.21444838664825,3.30970036604775,0.374072827949161,5,1.29691775049337,5,1.46618264013655,4,1.53132898852741
99,198,10,3,9,21,3,7,975,960,2.02931301839049,3.30795837560071,0.38854888546371,4,1.60019055077666,4,1.54824869637618,5,1.36769202939498
108,208,10,3,8,20,3,7,1018,1332,2.0682132782727,3.35202483454121,0.386652887790436,7,1.05698973750218,5,1.31667456002393,5,1.47285369626486
101,205,11,3,8,21,3,7,1208,945,2.10688562116916,3.15604975324457,0.383735442339415,4,1.57703690875106,4,1.47325571616309,5,1.24425016807445
109,199,10,3,8,20,3,7,1236,948,2.0549457835346,3.23516462364567,0.375010162769789,4,1.58915898739064,4,1.50005807929436,5,1.2848621011143
108,199,10,3,9,21,4,6,856,1109,2.07744816861446,3.22994650521649,0.364742090824033,5,1.5287562613281,5,1.55487128514408,5,1.44854336436371
103,199,12,3,8,20,3,7,792,867,2.15855514428909,3.38051128008736,0.378805263890858,4,1.58144074358521,5,1.45015144984709,6,1.16854762872944
97,205,10,3,8,20,3,7,814,1215,2.01363958589132,3.16583311551584,0.382718979000087,5,1.46095621479196,4,1.54366455357803,5,1.51189986155109
108,212,10,3,8,22,3,7,916,1219,2.11482251606281,3.17549236112608,0.365739719747538,5,1.40036398697521,4,1.51351876434257,4,1.51735291388505
103,211,12,3,8,21,3,6,1056,1274,2.06252359769638,3.36865961172951,0.371416067509884,6,1.14753229287484,5,1.37643332806891,4,1.50363290536142
109,211,11,3,8,22,3,7,984,1013,2.15154250881965,3.40174087503327,0.361396192937131,4,1.53252621420565,4,1.56617613560889,4,1.48814257146152
99,201,11,3,8,20,3,6,790,1351,2.06759157202537,3.22079088905228,0.394485132574076,6,1.19314005148754,5,1.41138608137998,4,1.51656533285551
103,205,11,3,8,21,3,7,949,1066,2.03935627810056,3.33096059778107,0.381918641357655,4,1.52879242646535,4,1.57254274395213,4,1.5105180802141
106,199,10,3,8,22,3,6,1236,1271,1.984816131027,3.29659886279477,0.38270135241651,5,1.30522291330851,5,1.46288921750114,4,1.5430612984486
104,209,11,3,8,21,3,6,1264,1268,2.10965419731433,3.24161407717837,0.372234444125528,5,1.3453922816567,4,1.48270713273871,4,1.54431445458584
106,200,11,3,8,22,3,6,1097,1193,2.07147597692306,3.21904854097737,0.378359134300584,4,1.45568655011043,4,1.54629347048184,4,1.54387139301366
97,205,11,3,9,20,3,6,1193,1006,1.99593525550659,3.17622986615969,0.377431929289336,4,1.59658596888614,4,1.54413264207443,5,1.3667260103086
104,205,11,3,8,20,3,7,1137,964,2.09683425895269,3.16198098327367,0.382739859997268,4,1.58551263671312,4,1.49067484527641,5,1.26578473121358
109,206,11,3,8,20,4,6,1134,915,2.05693423918779,3.29380641498936,0.391723168074126,4,1.59683444248041,5,1.49797382630425,6,1.27071536958433
101,212,12,3,8,20,3,6,1109,1193,2.0827249380141,3.24535283812655,0.368414423606331,5,1.43236797272561,4,1.53585739336754,4,1.54720817382568
102,204,11,3,8,20,3,6,1067,1299,2.03676230631168,3.39326060929669,0.360583517168155,7,1.09465343586456,5,1.34750787487143,5,1.4882901456909
99,201,10,3,8,22,3,6,898,1093,2.20409359953697,3.19349190214051,0.360453414105317,4,1.56609784312553,4,1.54065890678675,5,1.38033991405474
106,202,10,3,8,21,4,7,856,904,2.14837635479267,3.28120909252537,0.363216473526294,5,1.55669874478033,5,1.38855957900957,7,1.03585185223454
110,201,12,3,8,21,4,7,1032,1163,2.201188320139,3.22399878868235,0.385212769537205,5,1.45845417476434,4,1.54433660173299,4,1.53421580745522
97,206,12,3,8,21,3,7,1110,1347,2.1864876242667,3.37020174780263,0.361503121434684,7,0.935049880941231,6,1.2346486959605,5,1.42722201035257
99,205,10,3,8,20,3,7,859,961,2.00145826473231,3.27601511397732,0.380837069629664,4,1.59161636803507,5,1.49445725816134,6,1.24337586375226
107,209,12,3,8,20,3,6,1223,970,2.20474571905429,3.15511047228573,0.367176418184275,4,1.57688759580362,4,1.48067592940207,5,1.25982585309842
96,207,11,3,8,21,4,6,896,1286,2.14460527322586,3.17431359545661,0.365210780865485,6,1.33125397680897,5,1.48794364780276,5,1.52602771617835
105,201,10,3,8,21,3,6,819,1220,2.16136584601696,3.39802115776909,0.384760124414201,5,1.33034467661694,5,1.48421899526901,4,1.54353617755065
104,211,12,3,8,20,3,7,990,1067,2.00138896688218,3.1963074728228,0.368727171971435,4,1.55336237635711,4,1.56263241540301,5,1.44337118080809
104,211,10,3,8,21,4,7,879,1089,2.18367093227203,3.33870118477715,0.362368825069601,5,1.50943357738725,4,1.55754500532698,5,1.49187161312323
108,203,11,3,8,21,4,7,1066,884,2.22034301779563,3.26173176982773,0.364240376922275,4,1.5580074917276,5,1.40477983371322,6,1.09417701345964
96,211,10,3,8,22,3,6,1282,928,1.98860419339831,3.34850285568608,0.360607306790511,4,1.602585034038,4,1.52466408775739,5,1.31999463972099
100,199,12,3,8,22,4,6,1173,971,2.0385864394098,3.22305415192021,0.372486753939624,4,1.59394567779058,4,1.51625467530814,5,1.30394645975004
97,200,11,3,8,22,3,6,849,1318,2.05980891905124,3.21318863326086,0.372706567673916,6,1.22866156883639,5,1.4315704604549,4,1.51768030692934
110,210,10,3,8,21,3,7,1167,986,2.06494295767839,3.20927200087679,0.366928566983874,4,1.58715855130649,4,1.52382736774834,5,1.32805024465299
108,202,10,3,8,22,3,6,1192,998,2.01773123613889,3.18368743167592,0.377396474956507,4,1.59374519623197,4,1.521884506914,5,1.32220863560807
106,212,12,3,8,20,3,6,1066,872,2.12090746484096,3.19493294501079,0.39029232132339,4,1.55165841416539,5,1.3891878917095,6,1.09752693532616
99,203,12,3,8,22,3,6,1081,1019,2.08524612508113,3.32591065385712,0.386899414091344,4,1.58082158519547,4,1.58339438818672,4,1.48533034418638
108,211,10,3,8,21,3,7,1123,1063,1.99269526995118,3.38465129950417,0.392249927102561,4,1.52122897018712,4,1.57769340335869,4,1.54800981734356
101,206,11,3,8,21,3,7,1054,1097,2.1926613690644,3.35040290274991,0.396536490499015,4,1.51105135584627,4,1.57001907844836,4,1.54835433345863
104,202,12,3,8,21,3,7,957,1308,2.15728952906425,3.26256582507266,0.394642538010115,6,1.18239222148207,5,1.39351350785023,4,1.51009199176477
99,205,11,3,9,20,3,6,1021,1274,2.14051409981544,3.27406625816001,0.371566726072664,5,1.27508719806789,5,1.44940923695448,4,1.53298538356605
99,211,10,3,8,20,3,6,863,994,2.15240692518051,3.21165349328292,0.394552350967164,4,1.59408685877097,4,1.49610860482272,5,1.26302551520344
108,204,10,3,8,22,3,7,888,1097,2.02465842089946,3.39132336893452,0.37246056328618,5,1.4553018240469,4,1.54365347150384,4,1.52595818769364
107,208,12,3,8,20,3,6,1227,988,2.00969514048989,3.31127537408246,0.392907671808238,4,1.59477065166243,4,1.58281281695013,4,1.47423360958127
96,208,10,3,8,21,3,7,945,1099,2.00458654932077,3.19884892546905,0.378603824405904,4,1.55688401293777,4,1.56544963431389,5,1.45030183977112
103,207,10,3,8,21,3,6,1106,1108,2.12984705887134,3.30987961211575,0.386556074573631,4,1.54179430041047,4,1.58021526691354,4,1.53014324231148
106,202,11,3,8,21,3,6,1069,981,2.08001846245821,3.25467731052412,0.381294574021334,4,1.59851715201724,4,1.5386484196624,5,1.35318542262057
106,208,11,3,8,21,3,7,1106,1209,2.04921971059735,3.31994408735407,0.374391796524609,5,1.32471942382399,4,1.47633879639551,4,1.54270635544396
104,206,10,3,8,21,3,7,940,1228,2.15269217810924,3.2542141861595,0.379482604368562,5,1.37989219805462,4,1.5063557388468,4,1.53981519879601
105,208,11,3,8,20,3,6,932,1041,2.05207837543781,3.32382309058083,0.373535399875576,4,1.56767223514765,4,1.57173035332004,5,1.45594993236184
103,209,11,3,8,21,3,6,1095,999,2.04985854759212,3.22059510921461,0.370797735560658,4,1.5942924887724,4,1.53637254722106,5,1.34662277211468
105,203,11,3,8,21,3,6,1134,1104,2.10472596607502,3.28504518785847,0.37016973924215,4,1.53347981796692,4,1.57384866146862,4,1.51811315186483
103,202,11,3,8,21,3,7,983,1108,2.07997536457474,3.26518371322526,0.374548879816169,4,1.51274492305287,4,1.56438985183116,4,1.50898452816276
99,205,11,3,8,21,3,6,1025,1128,2.06744329243298,3.24205789150072,0.379932572870488,4,1.53066741990032,4,1.57357121785646,4,1.51490879817238
102,208,11,3,8,21,3,7,1052,997,2.15926877579982,3.25857226171864,0.372870852696682,4,1.58648719785819,4,1.54860046394319,5,1.38708696513716
102,202,11,3,8,21,3,6,929,1072,2.10056746176775,3.2414295393355,0.374207910980071,4,1.56800365361563,4,1.56462426884534,5,1.43839882025792
105,205,11,3,8,21,3,7,1108,1209,2.14614423535163,3.32324809947385,0.38647625873887,5,1.3567860709581,4,1.49205093101778,4,1.54896035012671
103,202,10,3,8,21,3,6,1084,1007,2.04051637214939,3.23767405928446,0.371948628212298,4,1.59620530155884,4,1.53297135958323,5,1.33816769609524
103,208,11,3,8,21,3,6,1038,1055,2.06970150939519,3.30594183125867,0.378502787827487,4,1.56513255608262,4,1.57942243174047,4,1.48649795188856
103,203,11,3,8,21,3,6,958,1192,2.15238574317987,3.29992946603669,0.371152502057115,5,1.41963626430104,4,1.52842408445888,4,1.54320637661168
103,204,11,3,8,21,3,6,1159,1159,2.10610749743278,3.23333306045605,0.381478788136477,4,1.50496159437554,4,1.56581341104332,4,1.54025106239599
101,205,11,3,8,21,3,6,960,1011,2.06143995731468,3.25556385138405,0.382255777149434,4,1.59424805590413,4,1.55145250574754,5,1.37990217197081
102,209,11,3,8,21,3,7,1155,1096,2.07100403107102,3.26443526887668,0.380427215798731,4,1.52794839151888,4,1.57229615780854,4,1.52527176253315
102,202,10,3,8,20,3,6,956,1133,2.03650697037443,3.28781375655306,0.369882769507561,4,1.51815499796135,4,1.56720947483114,5,1.50594680222493
104,202,11,3,8,20,3,6,991,1215,2.14054840973909,3.29212817916049,0.377718001409406,5,1.40630550623275,4,1.52247804174348,4,1.55026918802198
101,208,11,3,8,21,3,6,1069,996,2.09680913186963,3.33569775888098,0.387568690060611,4,1.59561659008443,4,1.57601253272241,4,1.44712972313723
100,207,11,3,8,21,3,6,997,1096,2.14610353282983,3.29236612090243,0.384347662135,4,1.54556488385529,4,1.5781390749036,4,1.51259466627569
104,202,11,3,8,21,3,6,926,1023,2.04274821265931,3.24648195685221,0.385211280911202,4,1.59092483889716,4,1.5550146935836,5,1.3898290620366
106,202,11,3,8,21,3,7,969,1190,2.13064077667291,3.24880791076792,0.375320213838453,5,1.41533905975847,4,1.52508591957185,4,1.53763259395922
101,204,11,3,8,21,3,7,1008,1007,2.14829055390651,3.251366287408,0.372285242649699,4,1.58493600510398,4,1.54724312325477,5,1.38213792471594
105,208,11,3,8,21,3,6,977,1158,2.15921172670419,3.3333437404908,0.387783937334056,4,1.45327858706618,4,1.54807873149971,4,1.55434447440765
100,206,10,3,8,20,3,6,1068,1124,2.12876621059473,3.29961104312314,0.385128018437857,4,1.54047076601065,4,1.58020995422619,4,1.52843442271753
105,204,11,3,8,20,3,6,1098,1004,2.1116114052325,3.27003151172174,0.376862268886502,4,1.59623572631506,4,1.55496455902615,5,1.3954696592468
105,204,11,3,8,21,3,7,966,1099,2.12519649586971,3.28320696571244,0.387500631242032,4,1.5196306851141,4,1.56919176842496,4,1.52026465981879
102,205,11,3,8,21,3,6,1034,1159,2.07073687187727,3.31725406268014,0.38832175153398,4,1.46263750154839,4,1.55350209186868,4,1.55657107084485
100,202,11,3,8,21,3,6,957,1028,2.03942184716794,3.23435789526774,0.373337533316548,4,1.5882997153203,4,1.54617653251691,5,1.36890498879137
101,203,11,3,8,21,3,7,1076,994,2.15120271019037,3.27229565375818,0.371791848205934,4,1.5881031908636,4,1.54973745254128,5,1.38934378896513
103,208,11,3,8,21,3,7,961,1032,2.09405304662283,3.28916432329787,0.382063536523814,4,1.56816078619888,4,1.57111944286335,4,1.45734051960388
100,203,11,3,8,20,3,7,1054,1133,2.10982443563039,3.27175718167199,0.387043871163363,4,1.5070803885349,4,1.56787433462443,4,1.53850815214229
103,207,10,3,8,21,3,7,1113,1170,2.08947126738126,3.30337722220791,0.382164938553209,5,1.44326594806739,4,1.54057735322737,4,1.55228681931073
100,203,11,3,8,20,3,7,928,1154,2.13474179975088,3.29981072613371,0.375849614842767,5,1.45800258533119,4,1.54711803459714,4,1.53630176660682
100,207,11,3,8,20,3,6,1023,1099,2.13323777339752,3.22364083345381,0.382927417932982,4,1.5654865591959,4,1.57558980343724,4,1.47887880153166
101,205,12,3,8,21,3,6,1029,1098,2.06624437666829,3.31889832386149,0.371886242824579,4,1.51300039560274,4,1.56966960696272,4,1.52767846565912
101,207,11,3,8,20,3,6,975,1197,2.07936439461405,3.23638765321447,0.386965398668284,5,1.46012815523197,4,1.55078227910527,4,1.5464969234306
104,208,11,3,8,21,3,6,937,1002,2.09094114772375,3.25362365314139,0.374834514400894,4,1.59089685141246,4,1.53865585042237,5,1.35064120387379
103,203,11,3,8,21,3,6,1123,1076,2.14974888584907,3.22400737314818,0.383817301123376,4,1.57402703498926,4,1.57340792182931,4,1.47087796001828
105,209,11,3,8,21,3,7,1041,1212,2.05306473917658,3.26671480753792,0.385265936507816,5,1.36516617113458,4,1.50034740312395,4,1.54759713687847
103,204,11,3,8,21,3,6,1129,1000,2.09549471534188,3.2491981312014,0.38070388454103,4,1.59677102765472,4,1.55197587504327,5,1.3899212529965
106,204,11,3,8,20,3,6,1094,1152,2.08893275431688,3.26299760111941,0.379045635639663,4,1.50020954942643,4,1.56583501674862,4,1.54044017769773
102,205,11,3,8,21,3,6,934,1139,2.04838865234847,3.22732112457378,0.379888862921829,4,1.51717298551603,4,1.56718340914881,4,1.50784389270986
106,203,10,3,8,21,3,6,1068,1111,2.06649339742358,3.30321641632689,0.376806878476376,4,1.53223805734762,4,1.57558802308944,4,1.51984427618298
103,203,11,3,8,21,3,7,946,1016,2.10361655227239,3.27850163721813,0.381937125130529,4,1.58000361973136,4,1.56255922461561,5,1.42217743953579
101,204,11,3,8,20,3,7,1135,1213,2.14166759870346,3.28386264660729,0.38224549534821,5,1.39812149040093,4,1.51562635013169,4,1.55306277976706
101,204,12,3,8,21,3,6,1126,1209,2.0440672885939,3.29285092273129,0.384614547519917,5,1.38856056650369,4,1.51388487904869,4,1.55756409116989
100,207,11,3,8,21,3,6,1061,1029,2.06741517766709,3.27581973740233,0.373832824445302,4,1.58599565611823,4,1.56779888965388,5,1.4310440206651
100,204,11,3,8,21,3,6,1123,1027,2.10559335521753,3.286951724378,0.378248468033011,4,1.58847163775223,4,1.57238818908573,5,1.44655457974077
106,205,11,3,8,21,3,7,1071,1165,2.13354488632972,3.27605605864299,0.372656739494736,5,1.43630252754822,4,1.53572319826787,4,1.54239011216799
100,206,11,3,8,20,3,7,1134,1178,2.13398526779707,3.29859177389516,0.374101046184982,5,1.43364490884767,4,1.53542491268573,4,1.5519877661362
103,205,11,3,8,21,3,6,978,1057,2.07506984643037,3.23782690049482,0.384498785614009,4,1.57937545901989,4,1.570080893383,5,1.44285787679398
104,208,11,3,8,21,3,6,933,1097,2.0674235856473,3.33497814455403,0.387936028643484,4,1.51986610697861,4,1.57423568551805,4,1.53061586010572
106,203,10,3,8,21,3,6,951,1205,2.12839607320125,3.22469435346646,0.386275053947205,5,1.4663090611935,4,1.55064670592553,4,1.53836600366778
101,207,11,3,8,21,3,6,1128,1013,2.1482684778362,3.30086733022107,0.370096404085374,4,1.58879784595676,4,1.56543072096081,5,1.42934454641536
105,204,11,3,8,20,3,7,1012,1228,2.12881779841478,3.26522904255761,0.388115372314091,5,1.37150159084584,4,1.50285213813869,4,1.54859770913668
104,203,11,3,8,21,3,6,1105,989,2.09133570812042,3.31796907254828,0.378628485641415,4,1.5968439977382,4,1.56486853618407,5,1.41816248118079
102,205,11,3,8,21,3,7,931,992,2.14432802967126,3.25809016817583,0.387618362336392,4,1.59097643845847,4,1.54609457448032,5,1.37423302153411
